# This file uses centimeters as units for non-parametric coordinates.

mtllib SM_Pagoda.mtl
g default
v 0.298067 12.539718 -0.403114
v -0.033314 12.539718 -0.540378
v -0.364691 12.539718 -0.403114
v -0.501953 12.539718 -0.071735
v -0.364691 12.539718 0.259642
v -0.033314 12.539718 0.396901
v 0.298067 12.539718 0.259642
v 0.435328 12.539718 -0.071735
v -0.033314 12.539718 -0.071735
v -0.033314 16.344790 -0.071734
v 0.243942 16.344790 -0.348989
v -0.033314 16.344790 -0.463827
v -0.310560 16.344790 -0.348989
v -0.425406 16.344790 -0.071734
v -0.310560 16.344790 0.205516
v -0.033314 16.344790 0.320357
v 0.243942 16.344790 0.205516
v 0.358780 16.344790 -0.071734
v -0.033314 14.290514 -0.494681
v 0.265755 14.290514 -0.370802
v 0.389631 14.290514 -0.071735
v 0.265755 14.290514 0.227329
v -0.033314 14.290514 0.351205
v -0.332378 14.290514 0.227329
v -0.456257 14.290514 -0.071735
v -0.332378 14.290514 -0.370802
v 0.298067 15.386307 -0.403114
v -0.033314 15.386307 -0.540378
v -0.364691 15.386307 -0.403114
v -0.501953 15.386307 -0.071735
v -0.364691 15.386307 0.259642
v -0.033314 15.386307 0.396901
v 0.298067 15.386307 0.259642
v 0.435328 15.386307 -0.071735
v 0.451843 16.094260 -0.556887
v 0.492043 15.894583 -0.597086
v 0.652802 16.094261 -0.071734
v 0.709652 15.894583 -0.071734
v -0.033314 16.094260 -0.757850
v -0.033314 15.894583 -0.814701
v -0.518469 16.094260 -0.556887
v -0.558668 15.894583 -0.597086
v -0.719423 16.094260 -0.071734
v -0.776274 15.894583 -0.071734
v -0.518469 16.094260 0.413419
v -0.558668 15.894583 0.453618
v -0.033314 16.094261 0.614375
v -0.033314 15.894583 0.671224
v 0.451843 16.094261 0.413419
v 0.492043 15.894583 0.453618
v -7.046080 5.102845 -0.336436
v -7.378794 5.102845 -0.474252
v -7.378794 6.085802 -0.469785
v -7.049238 6.085802 -0.333278
v -7.711508 5.102845 -0.336436
v -7.708349 6.085802 -0.333278
v -7.849323 5.102845 -0.003722
v -7.844856 6.085802 -0.003722
v -7.711508 5.102845 0.328990
v -7.708349 6.085802 0.325831
v -7.378794 5.102845 0.466804
v -7.378794 6.085802 0.462337
v -7.046080 5.102845 0.328990
v -7.049238 6.085802 0.325831
v -6.908264 5.102845 -0.003722
v -6.912731 6.085802 -0.003722
v -7.378794 0.525340 -0.354356
v -7.130859 0.525340 -0.251657
v -7.378794 0.525340 -0.003722
v -7.626728 0.525340 -0.251657
v -7.729427 0.525340 -0.003722
v -7.626728 0.525340 0.244212
v -7.378794 0.525340 0.346910
v -7.130859 0.525340 0.244214
v -7.028160 0.525340 -0.003722
v -7.378794 6.084370 -0.003722
v -7.378794 5.101414 -0.310265
v -7.162035 5.101414 -0.220481
v -7.595552 5.101414 -0.220481
v -7.685337 5.101414 -0.003722
v -7.595552 5.101414 0.213037
v -7.378794 5.101414 0.302821
v -7.162035 5.101414 0.213037
v -7.072250 5.101414 -0.003722
v 7.484163 5.102845 -0.196596
v 7.151449 5.102845 -0.334412
v 7.151449 6.085802 -0.329945
v 7.481005 6.085802 -0.193439
v 6.818735 5.102845 -0.196596
v 6.821894 6.085802 -0.193439
v 6.680922 5.102845 0.136118
v 6.685389 6.085802 0.136118
v 6.818735 5.102845 0.468830
v 6.821894 6.085802 0.465672
v 7.151449 5.102845 0.606644
v 7.151449 6.085802 0.602177
v 7.484163 5.102845 0.468830
v 7.481005 6.085802 0.465672
v 7.621981 5.102845 0.136118
v 7.617514 6.085802 0.136118
v 7.151449 0.525340 -0.214516
v 7.399385 0.525340 -0.111816
v 7.151449 0.525340 0.136118
v 6.903517 0.525340 -0.111816
v 6.800817 0.525340 0.136118
v 6.903517 0.525340 0.384052
v 7.151449 0.525340 0.486752
v 7.399385 0.525340 0.384054
v 7.502085 0.525340 0.136118
v 7.151449 6.084370 0.136118
v 7.151449 5.101414 -0.170425
v 7.368208 5.101414 -0.080641
v 6.934690 5.101414 -0.080641
v 6.844908 5.101414 0.136118
v 6.934690 5.101414 0.352877
v 7.151449 5.101414 0.442661
v 7.368208 5.101414 0.352877
v 7.457994 5.101414 0.136118
v 3.966688 0.000000 -6.870499
v -4.033312 0.000000 -6.870501
v 3.966688 0.525340 -6.870499
v -4.033312 0.525340 -6.870501
v 3.831995 0.525340 -6.274164
v 3.584061 0.525340 -6.376863
v 3.336126 0.525340 -6.274164
v 3.233427 0.525340 -6.026230
v 3.336126 0.525340 -5.778296
v 3.584061 0.525340 -5.675596
v 3.831995 0.525340 -5.778294
v 3.934694 0.525340 -6.026230
v 3.584061 0.525340 -6.026230
v 3.584061 6.084370 -6.026230
v 3.800819 5.101414 -6.242989
v 3.584061 5.101414 -6.332773
v 3.367302 5.101414 -6.242989
v 3.277517 5.101414 -6.026230
v 3.367302 5.101414 -5.809471
v 3.584061 5.101414 -5.719687
v 3.800819 5.101414 -5.809471
v 3.890604 5.101414 -6.026230
v 3.916775 5.102845 -6.358944
v 3.584061 5.102845 -6.496759
v 3.584061 6.085802 -6.492292
v 3.913616 6.085802 -6.355785
v 3.251347 5.102845 -6.358944
v 3.254505 6.085802 -6.355785
v 3.113531 5.102845 -6.026230
v 3.117998 6.085802 -6.026230
v 3.251347 5.102845 -5.693518
v 3.254505 6.085802 -5.696676
v 3.584061 5.102845 -5.555704
v 3.584061 6.085802 -5.560171
v 3.916775 5.102845 -5.693518
v 3.913616 6.085802 -5.696676
v 4.054590 5.102845 -6.026230
v 4.050123 6.085802 -6.026230
v -3.384325 0.525340 -6.274164
v -3.632259 0.525340 -6.376863
v -3.880194 0.525340 -6.274164
v -3.982893 0.525340 -6.026230
v -3.880194 0.525340 -5.778296
v -3.632259 0.525340 -5.675596
v -3.384325 0.525340 -5.778294
v -3.281626 0.525340 -6.026230
v -3.632259 0.525340 -6.026230
v -3.632259 6.084370 -6.026230
v -3.415079 5.033300 -6.243410
v -3.632259 5.033300 -6.333368
v -3.849440 5.033300 -6.243410
v -3.939398 5.033300 -6.026230
v -3.849440 5.033300 -5.809050
v -3.632259 5.033300 -5.719091
v -3.415079 5.033300 -5.809050
v -3.325121 5.033300 -6.026230
v -3.299124 5.034732 -6.359364
v -3.632259 5.034732 -6.497351
v -3.632259 6.085802 -6.492289
v -3.302704 6.085802 -6.355783
v -3.965395 5.034732 -6.359364
v -3.961815 6.085802 -6.355783
v -4.103384 5.034732 -6.026230
v -4.098322 6.085802 -6.026230
v -3.965395 5.034732 -5.693096
v -3.961815 6.085802 -5.696676
v -3.632259 5.034732 -5.555109
v -3.632259 6.085802 -5.560171
v -3.299124 5.034732 -5.693096
v -3.302704 6.085802 -5.696676
v -3.161135 5.034732 -6.026230
v -3.166197 6.085802 -6.026230
v 3.626829 3.470688 -6.099518
v -3.686522 3.470688 -6.099520
v 3.626829 4.133873 -6.099518
v -3.686522 4.133873 -6.099520
v 3.779863 3.470688 -6.364580
v -3.839556 3.470688 -6.364582
v -3.839556 4.133873 -6.364582
v 3.779863 4.133873 -6.364580
v 4.168806 5.667095 -6.520418
v 3.562450 5.667095 -6.870499
v 4.168850 6.192436 -6.520344
v 3.562365 6.192436 -6.870499
v -4.235430 5.667095 -6.520420
v -3.629074 5.667095 -6.870501
v -4.235474 6.192436 -6.520346
v -3.628988 6.192436 -6.870501
v 3.335085 7.131800 -5.183090
v 2.728628 7.131802 -5.533291
v -2.795252 7.131802 -5.533293
v -3.401709 7.131800 -5.183092
v 1.566729 9.192436 -3.406399
v 1.541088 9.192436 -2.926893
v 2.171190 9.192436 -3.052189
v 2.752455 8.012005 -4.165161
v 2.148178 8.012003 -4.519264
v -1.633354 9.192436 -3.406399
v -2.237818 9.192436 -3.052189
v -1.751968 9.192436 -2.926893
v -2.819078 8.012005 -4.165161
v -2.214802 8.012003 -4.519264
v 4.268806 5.667113 -6.693623
v 3.662451 5.667113 -7.043703
v 3.662363 6.306026 -7.043695
v 4.268847 6.306027 -6.693539
v 2.784613 7.298098 -5.629866
v 3.391066 7.298100 -5.279655
v 2.213259 8.165194 -4.630705
v 2.817539 8.165193 -4.276609
v 1.566729 9.409865 -3.406399
v 2.171190 9.409865 -3.052189
v -4.335430 5.667113 -6.693624
v -3.729074 5.667113 -7.043705
v -4.335472 6.306028 -6.693539
v -3.728987 6.306028 -7.043695
v -3.457695 7.298096 -5.279665
v -2.851238 7.298097 -5.629862
v -2.884148 8.165214 -4.276587
v -2.279873 8.165211 -4.630688
v -2.237818 9.409865 -3.052189
v -1.633354 9.409865 -3.406399
v 1.541088 9.409865 -2.926893
v -1.751968 9.409865 -2.926893
v -0.033312 4.888974 -6.870499
v -0.033312 5.414314 -6.870499
v -0.033226 6.855711 -5.647823
v -0.033314 8.021035 -4.516323
v -0.033312 9.192436 -3.406399
v -0.033312 9.409865 -3.406399
v -0.105440 9.409865 -2.926893
v -0.105440 9.192436 -2.926893
v -6.134371 4.888974 -3.231359
v -6.134394 5.414314 -3.231321
v -5.029737 6.841485 -2.655380
v -4.021887 8.026042 -2.096455
v -3.135565 9.192436 -1.497244
v -3.135565 9.409865 -1.497244
v -2.573633 9.409865 -1.434595
v -2.573633 9.192436 -1.434595
v 2.468424 9.192436 -1.434595
v 2.468424 9.409865 -1.434595
v 3.068937 9.409865 -1.497243
v 3.068937 9.192436 -1.497243
v 3.958387 8.029120 -2.094254
v 4.921021 6.905270 -2.647076
v 6.067770 5.414314 -3.231319
v 6.067747 4.888974 -3.231358
v -0.833334 9.192436 -3.406399
v -0.833334 9.409865 -3.406399
v -0.928705 9.409865 -2.926893
v -0.928705 9.192436 -2.926893
v 0.717825 9.192436 -2.926893
v 0.717825 9.409865 -2.926893
v 0.766708 9.409865 -3.406399
v 0.766708 9.192436 -3.406399
v 1.057432 8.012003 -4.519264
v 1.374844 6.949288 -5.622896
v 1.764503 5.631106 -6.870426
v 1.764570 5.105696 -6.870499
v -1.831194 5.105696 -6.870501
v -1.831150 5.631036 -6.870501
v -1.442997 6.939198 -5.628059
v -1.124239 8.018700 -4.517254
v -5.184900 5.118305 -4.875889
v -5.184935 5.643645 -4.875834
v -4.248137 6.929826 -3.957895
v -3.419979 8.031298 -3.129822
v -2.686691 9.192436 -2.274715
v -2.686691 9.409865 -2.274715
v -2.162802 9.409865 -2.180744
v -2.162802 9.192436 -2.180744
v -7.083843 5.118305 -1.586828
v -7.083853 5.643645 -1.586810
v -5.718962 6.989107 -1.336607
v -4.610577 8.049464 -1.060416
v -3.584440 9.192436 -0.719770
v -3.584440 9.409865 -0.719770
v -2.984465 9.409865 -0.688447
v -2.984465 9.192436 -0.688447
v 2.004757 9.192436 -2.180744
v 2.004757 9.409865 -2.180744
v 2.620064 9.409865 -2.274715
v 2.620064 9.192436 -2.274715
v 3.359976 8.033921 -3.128084
v 4.160490 6.959998 -3.950264
v 5.118309 5.634203 -4.875832
v 5.118277 5.108863 -4.875889
v 2.932093 9.192436 -0.688446
v 2.932093 9.409865 -0.688446
v 3.517813 9.409865 -0.719770
v 3.517813 9.192436 -0.719770
v 4.530596 8.016645 -1.077063
v 5.653364 6.980304 -1.337736
v 7.017229 5.634203 -1.586809
v 7.017218 5.108863 -1.586827
v -1.878504 9.192436 -2.082674
v -2.235338 9.192436 -1.434595
v -2.592173 9.192436 -0.786517
v 2.546743 9.192436 -0.786516
v 2.144018 9.192436 -1.434595
v 1.741293 9.192436 -2.082674
v 0.623508 9.192436 -2.730753
v -0.806610 9.192436 -2.730753
v -1.521669 12.349232 -2.730753
v -1.878504 12.349232 -2.082674
v -2.235338 12.349232 -1.434595
v -2.592173 12.349232 -0.786517
v 2.546743 12.349232 -0.786516
v 2.144018 12.349232 -1.434595
v 1.741293 12.349232 -2.082674
v 1.338566 12.349232 -2.730753
v 0.623508 12.349232 -2.730753
v -0.806610 12.349232 -2.730753
v -2.162802 12.349232 -2.180744
v -1.751968 12.349232 -2.926893
v -0.928705 12.349232 -2.926893
v 1.541088 12.349232 -2.926893
v 2.004757 12.349232 -2.180744
v 0.717825 12.349232 -2.926893
v 3.774942 6.238454 -7.238668
v 3.855976 6.124407 -7.113417
v 2.984158 7.108565 -5.709501
v 2.907452 7.217653 -5.841755
v 4.381424 6.238452 -6.888510
v 4.232435 6.124408 -6.896067
v 3.362755 7.106114 -5.495609
v 3.513880 7.217812 -5.491503
v 2.424990 7.958646 -4.729975
v 2.354136 8.059243 -4.871950
v 2.802252 7.954782 -4.513882
v 2.958393 8.059383 -4.517811
v 2.166420 9.397293 -3.035452
v 2.006908 9.298639 -3.025965
v 1.561960 9.397291 -3.389662
v 1.631649 9.298639 -3.245863
v 3.969248 6.504602 -7.309593
v 3.820259 6.390556 -7.317150
v 3.107727 7.475504 -5.922428
v 2.956585 7.363805 -5.926508
v 4.426743 6.390558 -6.966993
v 4.345707 6.504603 -7.092241
v 3.563166 7.363920 -5.576513
v 3.486433 7.473031 -5.708727
v 2.566776 8.300043 -4.972614
v 2.410608 8.195485 -4.968649
v 3.014927 8.195359 -4.614626
v 2.944088 8.295940 -4.756634
v 2.156628 9.627523 -3.281469
v 2.226318 9.528870 -3.137672
v 1.621859 9.528868 -3.491880
v 1.781376 9.627523 -3.501366
v -4.478790 6.238454 -6.882296
v -4.329802 6.124407 -6.889847
v -3.549883 7.108565 -5.432873
v -3.702772 7.217653 -5.432568
v -3.872301 6.238452 -7.232445
v -3.953342 6.124408 -7.107195
v -3.175348 7.106114 -5.653801
v -3.096231 7.217812 -5.782625
v -2.981173 7.958646 -4.458855
v -3.139555 8.059243 -4.468479
v -2.605402 7.954782 -4.677526
v -2.530733 8.059383 -4.814713
v -1.747751 9.448164 -3.442745
v -1.819292 9.349509 -3.299858
v -2.356737 9.448163 -3.096373
v -2.197357 9.349509 -3.084826
v -4.443060 6.504602 -7.086031
v -4.524099 6.390556 -6.960781
v -3.672503 7.475504 -5.646347
v -3.751604 7.363805 -5.517494
v -3.917612 6.390558 -7.310932
v -4.066599 6.504603 -7.303379
v -3.145208 7.363920 -5.867813
v -3.298077 7.473031 -5.867468
v -3.120413 8.300043 -4.702965
v -3.195061 8.195485 -4.565737
v -2.586311 8.195359 -4.912079
v -2.744713 8.295940 -4.921738
v -1.965706 9.678394 -3.557274
v -1.806330 9.579741 -3.545727
v -2.415312 9.579739 -3.199356
v -2.343767 9.678394 -3.342243
v -5.207212 11.257657 0.000000
v 5.140585 11.257657 0.000000
v -5.207212 11.597414 0.000000
v 5.140585 11.597414 0.000000
v 0.370207 14.449541 0.000000
v -0.441502 14.445793 0.000000
v 3.700598 12.129055 0.000000
v 2.204287 13.062907 0.000000
v -2.270910 13.073108 0.000000
v -3.767225 12.129054 0.000000
v 2.684355 11.257657 -4.196613
v 2.292200 11.257657 -4.423023
v 2.684381 11.597414 -4.196566
v 2.292145 11.597414 -4.423023
v -2.750978 11.257657 -4.196613
v -2.358826 11.257657 -4.423025
v -2.751007 11.597414 -4.196566
v -2.358770 11.597414 -4.423025
v -0.033314 14.218651 0.000000
v 1.955450 12.126316 -3.197899
v 1.597387 12.126317 -3.404663
v -1.664013 12.126317 -3.404665
v -2.022076 12.126316 -3.197899
v 0.106829 14.433686 -0.308102
v 0.248081 14.451290 -0.226782
v 1.175512 12.975680 -2.276146
v 0.913300 12.975679 -2.429802
v -0.160906 14.433686 -0.307373
v -0.309546 14.478340 -0.199510
v -1.242138 12.975680 -2.276146
v -0.979925 12.975679 -2.429802
v 2.749027 11.257668 -4.308632
v 2.356874 11.257668 -4.535042
v 2.356817 11.670877 -4.535036
v 2.749054 11.670877 -4.308577
v 1.630442 12.224502 -3.461683
v 1.988503 12.224503 -3.254913
v 0.941540 13.042153 -2.478159
v 1.203754 13.042152 -2.324507
v 0.106829 14.532938 -0.329279
v 0.259146 14.532938 -0.240015
v -2.815653 11.257668 -4.308632
v -2.423500 11.257668 -4.535042
v -2.815680 11.670878 -4.308577
v -2.423443 11.670878 -4.535036
v -2.055130 12.224501 -3.254919
v -1.697067 12.224501 -3.461681
v -1.270374 13.042161 -2.324497
v -1.008162 13.042159 -2.478151
v -0.317484 14.553299 -0.194817
v -0.152271 14.538281 -0.309009
v -0.033312 10.754416 -4.423023
v -0.033312 11.094173 -4.423023
v -0.033262 11.963309 -3.472286
v -0.033314 12.979598 -2.428526
v -0.033314 14.405964 -0.334606
v -3.979095 10.754416 -2.069456
v -3.979109 11.094173 -2.069431
v -2.983294 11.954910 -1.705493
v -1.764072 12.981770 -1.378474
v -0.361599 14.433686 -0.110150
v 0.294971 14.433686 -0.110150
v 1.698803 12.866934 -1.377519
v 2.891815 11.992569 -1.700590
v 3.912485 11.094173 -2.069431
v 3.912470 10.754416 -2.069454
v -0.120115 14.425669 -0.318663
v 0.051346 14.405964 -0.334606
v 0.439993 12.975679 -2.429802
v 0.798088 12.018558 -3.457569
v 1.129402 11.234380 -4.422977
v 1.129444 10.894578 -4.423023
v -1.196070 10.894578 -4.423025
v -1.196041 11.234335 -4.423025
v -0.865616 12.012600 -3.460617
v -0.506699 12.978585 -2.428930
v -3.365036 10.902733 -3.133034
v -3.365059 11.242490 -3.132999
v -2.521822 12.007067 -2.474522
v -1.502886 12.984051 -1.826882
v -0.305006 14.433686 -0.192423
v -4.593153 10.902733 -1.005876
v -4.593161 11.242490 -1.005865
v -3.390223 12.042069 -0.926867
v -1.886133 12.919670 -0.707438
v -0.409100 14.433686 -0.027878
v 0.247467 14.433686 -0.192423
v 1.439135 12.883991 -1.826128
v 2.442783 12.024882 -2.470016
v 3.298433 11.236384 -3.132998
v 3.298412 10.896627 -3.133034
v 0.342472 14.433686 -0.027878
v 1.947100 12.923524 -0.936131
v 3.324203 12.036870 -0.927532
v 4.526535 11.236384 -1.005864
v 4.526527 10.896627 -1.005876
v 2.398325 11.723847 -4.607365
v 2.460913 11.640428 -4.540060
v 1.713644 12.217924 -3.454269
v 1.669359 12.293061 -3.549810
v 2.797901 11.725080 -4.373672
v 2.708939 11.641195 -4.395002
v 1.959856 12.216236 -3.283724
v 2.063253 12.293171 -3.271393
v 1.060717 13.005352 -2.503771
v 1.021156 13.074467 -2.605354
v 1.305252 13.002697 -2.332237
v 1.412325 13.074562 -2.325119
v 0.369291 14.445853 -0.231059
v 0.307327 14.357176 -0.256343
v 0.048037 14.374951 -0.483141
v 0.107885 14.313160 -0.412838
v 2.504877 11.919299 -4.616695
v 2.415915 11.835413 -4.638023
v 1.811808 12.470664 -3.592533
v 1.708397 12.393728 -3.604849
v 2.815491 11.836648 -4.404331
v 2.752903 11.920065 -4.471636
v 2.102411 12.393808 -3.326597
v 2.058104 12.468961 -3.422112
v 1.172958 13.239905 -2.660872
v 1.065866 13.168068 -2.667965
v 1.457083 13.167982 -2.387806
v 1.417536 13.237086 -2.489410
v 0.310854 14.607981 -0.331382
v 0.370703 14.546191 -0.261081
v 0.049448 14.475291 -0.513161
v 0.111416 14.563965 -0.487876
v -2.941549 11.646488 -4.390064
v -2.852215 11.563070 -4.411667
v -2.009098 12.140565 -3.328239
v -2.113588 12.215703 -3.315153
v -2.542103 11.647722 -4.623978
v -2.604269 11.563836 -4.556862
v -1.771673 12.138877 -3.510820
v -1.728441 12.215813 -3.605551
v -1.250727 13.044676 -2.216690
v -1.359533 13.113791 -2.209946
v -1.012871 13.042021 -2.397373
v -0.973484 13.113886 -2.497192
v -0.020966 14.377592 -0.478884
v -0.063919 14.288916 -0.427562
v -0.358908 14.306690 -0.249655
v -0.273718 14.244900 -0.285252
v -2.897497 11.841940 -4.487530
v -2.959663 11.758055 -4.420416
v -2.110903 12.393306 -3.463846
v -2.154123 12.316370 -3.369097
v -2.560217 11.759290 -4.654329
v -2.649549 11.842707 -4.632725
v -1.769098 12.316450 -3.659660
v -1.873571 12.391603 -3.646545
v -1.366184 13.279228 -2.371445
v -1.405554 13.207392 -2.271599
v -1.019564 13.207306 -2.558914
v -1.128386 13.276409 -2.552189
v -0.134321 14.539721 -0.453772
v -0.049131 14.477930 -0.489370
v -0.387072 14.407028 -0.260141
v -0.344116 14.495705 -0.311465
v -2.725666 0.503140 -5.978840
v -2.725666 1.689160 -5.978840
v -2.820309 0.503140 -5.978840
v -2.820309 1.689160 -5.978840
v -2.820309 0.503140 -6.073986
v -2.820309 1.689160 -6.073986
v -2.725666 0.503140 -6.073986
v -2.725666 1.689160 -6.073986
v 2.768946 0.503140 -5.978840
v 2.768946 1.689160 -5.978840
v 2.674303 0.503140 -5.978840
v 2.674303 1.689160 -5.978840
v 2.674303 0.503140 -6.073986
v 2.674303 1.689160 -6.073986
v 2.768946 0.503140 -6.073986
v 2.768946 1.689160 -6.073986
v -3.457521 1.689565 -5.978840
v 3.350286 1.689565 -5.978840
v -3.457521 1.784208 -5.978840
v 3.350286 1.784208 -5.978840
v -3.457521 1.784208 -6.073986
v 3.350286 1.784208 -6.073986
v -3.457521 1.689565 -6.073986
v 3.350286 1.689565 -6.073986
v 1.670023 0.503140 -5.978840
v 1.670023 1.689160 -5.978840
v 1.575380 0.503140 -5.978840
v 1.575380 1.689160 -5.978840
v 1.575380 0.503140 -6.073986
v 1.575380 1.689160 -6.073986
v 1.670023 0.503140 -6.073986
v 1.670023 1.689160 -6.073986
v 0.571100 0.503140 -5.978840
v 0.571100 1.689160 -5.978840
v 0.476458 0.503140 -5.978840
v 0.476458 1.689160 -5.978840
v 0.476458 0.503140 -6.073986
v 0.476458 1.689160 -6.073986
v 0.571100 0.503140 -6.073986
v 0.571100 1.689160 -6.073986
v -0.527822 0.503140 -5.978840
v -0.527822 1.689160 -5.978840
v -0.622465 0.503140 -5.978840
v -0.622465 1.689160 -5.978840
v -0.622465 0.503140 -6.073986
v -0.622465 1.689160 -6.073986
v -0.527822 0.503140 -6.073986
v -0.527822 1.689160 -6.073986
v -1.626745 0.503140 -5.978840
v -1.626745 1.689160 -5.978840
v -1.721388 0.503140 -5.978840
v -1.721388 1.689160 -5.978840
v -1.721388 0.503140 -6.073986
v -1.721388 1.689160 -6.073986
v -1.626745 0.503140 -6.073986
v -1.626745 1.689160 -6.073986
v 3.937681 0.503140 -5.204895
v 3.937681 1.689160 -5.204895
v 3.890360 0.503140 -5.286860
v 3.890360 1.689160 -5.286860
v 3.972761 0.503140 -5.334433
v 3.972761 1.689160 -5.334433
v 4.020082 0.503140 -5.252468
v 4.020082 1.689160 -5.252468
v 6.684988 0.503140 -0.446424
v 6.684988 1.689160 -0.446424
v 6.637667 0.503140 -0.528385
v 6.637667 1.689160 -0.528385
v 6.720068 0.503140 -0.575958
v 6.720068 1.689160 -0.575958
v 6.767389 0.503140 -0.493996
v 6.767389 1.689160 -0.493996
v 3.571754 1.689565 -5.838701
v 3.571754 1.784208 -5.838701
v 3.654154 1.784208 -5.886274
v 3.654154 1.689565 -5.886274
v 6.135527 0.503140 -1.398117
v 6.135527 1.689160 -1.398117
v 6.088205 0.503140 -1.480083
v 6.088205 1.689160 -1.480083
v 6.170607 0.503140 -1.527655
v 6.170607 1.689160 -1.527655
v 6.217928 0.503140 -1.445690
v 6.217928 1.689160 -1.445690
v 5.586065 0.503140 -2.349813
v 5.586065 1.689160 -2.349813
v 5.538744 0.503140 -2.431776
v 5.538744 1.689160 -2.431776
v 5.621143 0.503140 -2.479349
v 5.621143 1.689160 -2.479349
v 5.668465 0.503140 -2.397387
v 5.668465 1.689160 -2.397387
v 5.036604 0.503140 -3.301508
v 5.036604 1.689160 -3.301508
v 4.989283 0.503140 -3.383471
v 4.989283 1.689160 -3.383471
v 5.071682 0.503140 -3.431044
v 5.071682 1.689160 -3.431044
v 5.119003 0.503140 -3.349081
v 5.119003 1.689160 -3.349081
v 4.487143 0.503140 -4.253202
v 4.487143 1.689160 -4.253202
v 4.439821 0.503140 -4.335165
v 4.439821 1.689160 -4.335165
v 4.522221 0.503140 -4.382738
v 4.522221 1.689160 -4.382738
v 4.569542 0.503140 -4.300776
v 4.569542 1.689160 -4.300776
v -4.198698 0.503140 -5.252468
v -4.198698 1.689160 -5.252468
v -4.151377 0.503140 -5.334433
v -4.151377 1.689160 -5.334433
v -4.068979 0.503140 -5.286860
v -4.068979 1.689160 -5.286860
v -4.116301 0.503140 -5.204895
v -4.116301 1.689160 -5.204895
v -6.946005 0.503140 -0.493996
v -6.946005 1.689160 -0.493996
v -6.898684 0.503140 -0.575958
v -6.898684 1.689160 -0.575958
v -6.816284 0.503140 -0.528385
v -6.816284 1.689160 -0.528385
v -6.863605 0.503140 -0.446424
v -6.863605 1.689160 -0.446424
v -3.832771 1.689565 -5.886274
v -3.832771 1.784208 -5.886274
v -3.750372 1.784208 -5.838701
v -3.750372 1.689565 -5.838701
v -6.396544 0.503140 -1.445690
v -6.396544 1.689160 -1.445690
v -6.349222 0.503140 -1.527653
v -6.349222 1.689160 -1.527653
v -6.266823 0.503140 -1.480083
v -6.266823 1.689160 -1.480083
v -6.314144 0.503140 -1.398117
v -6.314144 1.689160 -1.398117
v -5.847082 0.503140 -2.397388
v -5.847082 1.689160 -2.397388
v -5.799761 0.503140 -2.479351
v -5.799761 1.689160 -2.479351
v -5.717361 0.503140 -2.431774
v -5.717361 1.689160 -2.431774
v -5.764683 0.503140 -2.349812
v -5.764683 1.689160 -2.349812
v -5.297621 0.503140 -3.349079
v -5.297621 1.689160 -3.349079
v -5.250299 0.503140 -3.431042
v -5.250299 1.689160 -3.431042
v -5.167900 0.503140 -3.383472
v -5.167900 1.689160 -3.383472
v -5.215221 0.503140 -3.301510
v -5.215221 1.689160 -3.301510
v -4.748159 0.503140 -4.300776
v -4.748159 1.689160 -4.300776
v -4.700838 0.503140 -4.382738
v -4.700838 1.689160 -4.382738
v -4.618439 0.503140 -4.335165
v -4.618439 1.689160 -4.335165
v -4.665760 0.503140 -4.253202
v -4.665760 1.689160 -4.253202
v -8.000000 0.000000 0.000000
v 7.933374 0.000000 0.000000
v -8.000000 0.525340 0.000000
v 7.933374 0.525340 0.000000
v 0.000000 0.000000 0.000000
v -0.066629 0.000000 0.000000
v 0.000002 0.525340 0.000000
v -0.066626 0.525340 0.000000
v -7.172066 3.470688 0.000000
v 7.112375 3.470688 0.000000
v -7.172066 4.133872 0.000000
v 7.112375 4.133872 0.000000
v -7.478098 3.470688 0.000000
v -7.478098 4.133872 0.000000
v 7.418409 3.470688 0.000000
v 7.418409 4.133872 0.000000
v -0.033314 8.768048 -0.000001
v -8.013597 6.181041 0.000000
v 7.946974 5.655506 0.000000
v 5.105328 8.018111 0.000000
v -6.341814 7.132820 0.000000
v -8.013597 5.655702 0.000000
v -5.172091 8.019120 0.000000
v -4.013268 9.192436 0.000000
v -4.013268 9.409865 0.000000
v -3.376154 9.409865 0.000000
v -3.376154 9.192436 0.000000
v 3.374157 9.192436 0.000000
v 3.374157 9.409865 0.000000
v 3.946640 9.409865 0.000000
v 3.946640 9.192436 0.000000
v 6.275225 7.132608 0.000000
v 7.946974 6.180845 0.000000
v -3.034582 9.192436 0.000000
v 3.014301 9.192436 0.000000
v -3.034582 12.349232 0.000000
v -0.051430 12.349232 0.000000
v 3.014301 12.349232 0.000000
v -0.016615 12.349232 0.000000
v 6.942728 1.689565 0.000000
v 6.942728 1.784208 0.000000
v 7.052595 1.784208 0.000000
v 7.052595 1.689565 0.000000
v -7.231213 1.689565 0.000000
v -7.231213 1.784208 0.000000
v -7.121347 1.784208 0.000000
v -7.121347 1.689565 0.000000
v 3.966688 -0.000001 6.870499
v -4.033312 -0.000001 6.870501
v 3.966688 0.525340 6.870499
v -4.033312 0.525340 6.870501
v 3.831995 0.525340 6.274164
v 3.584063 0.525340 6.376864
v 3.336126 0.525340 6.274164
v 3.233427 0.525340 6.026230
v 3.336126 0.525340 5.778296
v 3.584063 0.525340 5.675596
v 3.831995 0.525340 5.778294
v 3.934694 0.525340 6.026230
v 3.584063 0.525340 6.026230
v 3.584063 6.084370 6.026230
v 3.800821 5.101414 6.242989
v 3.584063 5.101414 6.332773
v 3.367304 5.101414 6.242989
v 3.277519 5.101414 6.026230
v 3.367304 5.101414 5.809471
v 3.584063 5.101414 5.719687
v 3.800821 5.101414 5.809471
v 3.890606 5.101414 6.026230
v 3.916777 5.102845 6.358944
v 3.584063 5.102845 6.496759
v 3.584063 6.085802 6.492292
v 3.913616 6.085802 6.355785
v 3.251348 5.102845 6.358944
v 3.254505 6.085802 6.355785
v 3.113531 5.102845 6.026230
v 3.117998 6.085802 6.026230
v 3.251348 5.102845 5.693518
v 3.254505 6.085802 5.696676
v 3.584063 5.102845 5.555704
v 3.584063 6.085802 5.560171
v 3.916777 5.102845 5.693518
v 3.913616 6.085802 5.696676
v 4.054590 5.102845 6.026230
v 4.050123 6.085802 6.026230
v -3.384325 0.525340 6.274164
v -3.632257 0.525340 6.376864
v -3.880194 0.525340 6.274164
v -3.982893 0.525340 6.026230
v -3.880194 0.525340 5.778296
v -3.632257 0.525340 5.675596
v -3.384325 0.525340 5.778294
v -3.281626 0.525340 6.026230
v -3.632257 0.525340 6.026230
v -3.632257 6.084370 6.026230
v -3.415079 5.033300 6.243410
v -3.632257 5.033300 6.333368
v -3.849438 5.033300 6.243410
v -3.939398 5.033300 6.026230
v -3.849438 5.033300 5.809050
v -3.632257 5.033300 5.719091
v -3.415079 5.033300 5.809050
v -3.325121 5.033300 6.026230
v -3.299122 5.034732 6.359364
v -3.632257 5.034732 6.497351
v -3.632257 6.085802 6.492289
v -3.302704 6.085802 6.355784
v -3.965395 5.034732 6.359364
v -3.961815 6.085802 6.355784
v -4.103384 5.034732 6.026230
v -4.098322 6.085802 6.026230
v -3.965395 5.034732 5.693096
v -3.961815 6.085802 5.696676
v -3.632257 5.034732 5.555109
v -3.632257 6.085802 5.560171
v -3.299122 5.034732 5.693096
v -3.302704 6.085802 5.696676
v -3.161135 5.034732 6.026230
v -3.166197 6.085802 6.026230
v 3.626831 3.470688 6.099518
v -3.686522 3.470688 6.099520
v 3.626831 4.133872 6.099518
v -3.686522 4.133872 6.099520
v 3.779863 3.470688 6.364580
v -3.839556 3.470688 6.364582
v -3.839556 4.133872 6.364582
v 3.779863 4.133872 6.364580
v 4.168806 5.667095 6.520418
v 3.562450 5.667095 6.870499
v 4.168850 6.192436 6.520344
v 3.562366 6.192436 6.870499
v -4.235430 5.667095 6.520420
v -3.629072 5.667095 6.870501
v -4.235474 6.192436 6.520346
v -3.628988 6.192436 6.870501
v 3.335085 7.131800 5.183090
v 2.728630 7.131802 5.533291
v -2.795252 7.131802 5.533293
v -3.401709 7.131800 5.183092
v 1.566729 9.192436 3.406399
v 1.541088 9.192436 2.926893
v 2.171190 9.192436 3.052189
v 2.752455 8.012005 4.165161
v 2.148178 8.012003 4.519264
v -1.633354 9.192436 3.406399
v -2.237818 9.192436 3.052189
v -1.751966 9.192436 2.926893
v -2.819078 8.012005 4.165161
v -2.214800 8.012003 4.519264
v 4.268808 5.667113 6.693623
v 3.662451 5.667113 7.043703
v 3.662365 6.306025 7.043696
v 4.268847 6.306027 6.693539
v 2.784613 7.298097 5.629866
v 3.391068 7.298100 5.279656
v 2.213259 8.165194 4.630705
v 2.817541 8.165193 4.276608
v 1.566729 9.409865 3.406399
v 2.171190 9.409865 3.052189
v -4.335428 5.667113 6.693625
v -3.729073 5.667113 7.043705
v -4.335472 6.306028 6.693539
v -3.728987 6.306028 7.043696
v -3.457695 7.298096 5.279665
v -2.851236 7.298096 5.629862
v -2.884146 8.165214 4.276587
v -2.279873 8.165211 4.630688
v -2.237818 9.409865 3.052189
v -1.633354 9.409865 3.406399
v 1.541088 9.409865 2.926893
v -1.751966 9.409865 2.926893
v -0.033312 4.888974 6.870499
v -0.033312 5.414314 6.870499
v -0.033224 6.855711 5.647823
v -0.033314 8.021035 4.516323
v -0.033312 9.192436 3.406399
v -0.033312 9.409865 3.406399
v -0.105438 9.409865 2.926893
v -0.105438 9.192436 2.926893
v -6.134371 4.888974 3.231359
v -6.134394 5.414314 3.231321
v -5.029736 6.841485 2.655380
v -4.021887 8.026042 2.096455
v -3.135565 9.192436 1.497244
v -3.135565 9.409865 1.497244
v -2.573633 9.409865 1.434595
v -2.573633 9.192436 1.434595
v 2.468424 9.192436 1.434595
v 2.468424 9.409865 1.434595
v 3.068937 9.409865 1.497243
v 3.068937 9.192436 1.497243
v 3.958387 8.029120 2.094254
v 4.921021 6.905269 2.647076
v 6.067770 5.414314 3.231318
v 6.067747 4.888974 3.231358
v -0.833334 9.192436 3.406399
v -0.833334 9.409865 3.406399
v -0.928703 9.409865 2.926893
v -0.928703 9.192436 2.926893
v 0.717825 9.192436 2.926893
v 0.717825 9.409865 2.926893
v 0.766708 9.409865 3.406399
v 0.766708 9.192436 3.406399
v 1.057432 8.012003 4.519264
v 1.374844 6.949288 5.622896
v 1.764505 5.631106 6.870426
v 1.764572 5.105696 6.870499
v -1.831194 5.105696 6.870501
v -1.831148 5.631036 6.870501
v -1.442995 6.939198 5.628059
v -1.124239 8.018700 4.517254
v -5.184900 5.118305 4.875889
v -5.184935 5.643645 4.875834
v -4.248135 6.929826 3.957895
v -3.419979 8.031298 3.129822
v -2.686691 9.192436 2.274714
v -2.686691 9.409865 2.274714
v -2.162802 9.409865 2.180744
v -2.162802 9.192436 2.180744
v -7.083843 5.118305 1.586828
v -7.083851 5.643645 1.586810
v -5.718962 6.989107 1.336607
v -4.610575 8.049464 1.060416
v -3.584440 9.192436 0.719769
v -3.584440 9.409865 0.719769
v -2.984465 9.409865 0.688447
v -2.984465 9.192436 0.688447
v 2.004757 9.192436 2.180744
v 2.004757 9.409865 2.180744
v 2.620066 9.409865 2.274714
v 2.620066 9.192436 2.274714
v 3.359976 8.033921 3.128084
v 4.160490 6.959998 3.950264
v 5.118311 5.634203 4.875832
v 5.118279 5.108863 4.875889
v 2.932095 9.192436 0.688446
v 2.932095 9.409865 0.688446
v 3.517815 9.409865 0.719769
v 3.517815 9.192436 0.719769
v 4.530596 8.016645 1.077063
v 5.653364 6.980304 1.337736
v 7.017229 5.634203 1.586809
v 7.017218 5.108863 1.586827
v -1.878504 9.192436 2.082674
v -2.235338 9.192436 1.434595
v -2.592173 9.192436 0.786517
v 2.546743 9.192436 0.786516
v 2.144018 9.192436 1.434595
v 1.741295 9.192436 2.082674
v 0.623510 9.192436 2.730753
v -0.806610 9.192436 2.730753
v -1.521669 12.349232 2.730753
v -1.878504 12.349232 2.082674
v -2.235338 12.349232 1.434595
v -2.592173 12.349232 0.786517
v 2.546743 12.349232 0.786516
v 2.144018 12.349232 1.434595
v 1.741295 12.349232 2.082674
v 1.338566 12.349232 2.730753
v 0.623510 12.349232 2.730753
v -0.806610 12.349232 2.730753
v -2.162802 12.349232 2.180744
v -1.751966 12.349232 2.926893
v -0.928703 12.349232 2.926893
v 1.541088 12.349232 2.926893
v 2.004757 12.349232 2.180744
v 0.717825 12.349232 2.926893
v 3.774944 6.238453 7.238668
v 3.855978 6.124407 7.113417
v 2.984158 7.108565 5.709501
v 2.907454 7.217653 5.841755
v 4.381424 6.238451 6.888510
v 4.232435 6.124408 6.896067
v 3.362757 7.106114 5.495609
v 3.513880 7.217812 5.491503
v 2.424990 7.958646 4.729975
v 2.354136 8.059243 4.871950
v 2.802252 7.954781 4.513882
v 2.958395 8.059383 4.517811
v 2.166420 9.397293 3.035452
v 2.006910 9.298639 3.025965
v 1.561960 9.397291 3.389662
v 1.631649 9.298639 3.245863
v 3.969248 6.504602 7.309593
v 3.820259 6.390556 7.317150
v 3.107727 7.475504 5.922428
v 2.956585 7.363805 5.926508
v 4.426744 6.390557 6.966993
v 4.345707 6.504603 7.092241
v 3.563166 7.363920 5.576513
v 3.486433 7.473031 5.708727
v 2.566776 8.300043 4.972614
v 2.410608 8.195485 4.968649
v 3.014927 8.195359 4.614626
v 2.944090 8.295939 4.756634
v 2.156628 9.627523 3.281469
v 2.226318 9.528870 3.137671
v 1.621859 9.528868 3.491880
v 1.781376 9.627523 3.501366
v -4.478790 6.238453 6.882296
v -4.329802 6.124407 6.889847
v -3.549883 7.108565 5.432873
v -3.702772 7.217653 5.432568
v -3.872299 6.238451 7.232445
v -3.953342 6.124408 7.107195
v -3.175348 7.106114 5.653801
v -3.096231 7.217812 5.782625
v -2.981173 7.958646 4.458855
v -3.139555 8.059243 4.468479
v -2.605402 7.954781 4.677526
v -2.530733 8.059383 4.814713
v -1.747749 9.448164 3.442745
v -1.819292 9.349509 3.299858
v -2.356737 9.448163 3.096373
v -2.197355 9.349509 3.084826
v -4.443060 6.504602 7.086031
v -4.524097 6.390556 6.960781
v -3.672503 7.475504 5.646347
v -3.751604 7.363805 5.517494
v -3.917612 6.390557 7.310932
v -4.066599 6.504603 7.303379
v -3.145208 7.363920 5.867813
v -3.298077 7.473031 5.867468
v -3.120413 8.300043 4.702965
v -3.195061 8.195485 4.565737
v -2.586311 8.195359 4.912079
v -2.744713 8.295939 4.921738
v -1.965706 9.678394 3.557274
v -1.806330 9.579741 3.545727
v -2.415312 9.579739 3.199356
v -2.343767 9.678394 3.342243
v 2.684355 11.257657 4.196613
v 2.292200 11.257657 4.423023
v 2.684381 11.597414 4.196566
v 2.292145 11.597414 4.423023
v -2.750977 11.257657 4.196613
v -2.358826 11.257657 4.423025
v -2.751007 11.597414 4.196566
v -2.358768 11.597414 4.423025
v 1.955450 12.126316 3.197899
v 1.597389 12.126317 3.404663
v -1.664013 12.126317 3.404665
v -2.022074 12.126316 3.197899
v 0.106829 14.433686 0.308102
v 0.248081 14.451290 0.226782
v 1.175514 12.975680 2.276146
v 0.913300 12.975678 2.429802
v -0.160906 14.433686 0.307373
v -0.309546 14.478340 0.199510
v -1.242138 12.975680 2.276146
v -0.979925 12.975678 2.429802
v 2.749027 11.257668 4.308632
v 2.356876 11.257668 4.535042
v 2.356817 11.670877 4.535036
v 2.749056 11.670877 4.308577
v 1.630442 12.224503 3.461683
v 1.988503 12.224503 3.254913
v 0.941540 13.042153 2.478159
v 1.203756 13.042152 2.324507
v 0.106829 14.532938 0.329279
v 0.259148 14.532938 0.240015
v -2.815653 11.257668 4.308632
v -2.423500 11.257668 4.535042
v -2.815680 11.670878 4.308577
v -2.423443 11.670878 4.535036
v -2.055130 12.224501 3.254919
v -1.697067 12.224501 3.461681
v -1.270374 13.042160 2.324497
v -1.008162 13.042160 2.478151
v -0.317484 14.553299 0.194818
v -0.152271 14.538281 0.309010
v -0.033312 10.754416 4.423023
v -0.033312 11.094172 4.423023
v -0.033260 11.963309 3.472286
v -0.033314 12.979597 2.428526
v -0.033314 14.405964 0.334606
v -3.979095 10.754416 2.069456
v -3.979107 11.094172 2.069431
v -2.983294 11.954909 1.705493
v -1.764072 12.981770 1.378474
v -0.361599 14.433686 0.110150
v 0.294971 14.433686 0.110150
v 1.698803 12.866934 1.377519
v 2.891817 11.992569 1.700590
v 3.912485 11.094172 2.069431
v 3.912470 10.754416 2.069454
v -0.120115 14.425669 0.318663
v 0.051346 14.405964 0.334606
v 0.439993 12.975678 2.429802
v 0.798088 12.018557 3.457569
v 1.129404 11.234379 4.422978
v 1.129444 10.894578 4.423023
v -1.196070 10.894578 4.423025
v -1.196041 11.234335 4.423025
v -0.865616 12.012600 3.460617
v -0.506697 12.978585 2.428930
v -3.365036 10.902733 3.133034
v -3.365059 11.242490 3.132999
v -2.521822 12.007067 2.474522
v -1.502884 12.984051 1.826882
v -0.305006 14.433686 0.192423
v -4.593153 10.902733 1.005877
v -4.593161 11.242490 1.005865
v -3.390223 12.042069 0.926866
v -1.886133 12.919670 0.707438
v -0.409098 14.433686 0.027878
v 0.247467 14.433686 0.192423
v 1.439135 12.883991 1.826128
v 2.442783 12.024882 2.470016
v 3.298433 11.236384 3.132998
v 3.298412 10.896626 3.133034
v 0.342472 14.433686 0.027878
v 1.947100 12.923523 0.936130
v 3.324205 12.036870 0.927532
v 4.526535 11.236384 1.005864
v 4.526527 10.896626 1.005877
v 2.398325 11.723847 4.607365
v 2.460913 11.640428 4.540060
v 1.713644 12.217922 3.454269
v 1.669359 12.293061 3.549810
v 2.797901 11.725079 4.373672
v 2.708941 11.641196 4.395002
v 1.959856 12.216234 3.283724
v 2.063253 12.293171 3.271393
v 1.060717 13.005352 2.503771
v 1.021156 13.074467 2.605354
v 1.305252 13.002697 2.332237
v 1.412325 13.074562 2.325119
v 0.388464 14.548607 0.184774
v 0.326500 14.459931 0.210057
v 0.067207 14.477703 0.436855
v 0.127056 14.415915 0.366552
v 2.504877 11.919299 4.616695
v 2.415915 11.835413 4.638023
v 1.811808 12.470664 3.592533
v 1.708397 12.393728 3.604849
v 2.815493 11.836648 4.404331
v 2.752903 11.920065 4.471636
v 2.102411 12.393809 3.326597
v 2.058104 12.468961 3.422112
v 1.172958 13.239905 2.660872
v 1.065866 13.168068 2.667965
v 1.457085 13.167982 2.387806
v 1.417536 13.237086 2.489410
v 0.330027 14.710736 0.285096
v 0.389874 14.648945 0.214795
v 0.068621 14.578045 0.466875
v 0.130589 14.666720 0.441590
v -2.941549 11.646488 4.390064
v -2.852213 11.563069 4.411667
v -2.009096 12.140565 3.328238
v -2.113588 12.215702 3.315153
v -2.542101 11.647722 4.623978
v -2.604269 11.563834 4.556862
v -1.771673 12.138877 3.510820
v -1.728441 12.215813 3.605551
v -1.235668 13.044676 2.343880
v -1.344477 13.113791 2.337135
v -0.997814 13.042021 2.524563
v -0.958427 13.113886 2.624382
v -0.043463 14.464487 0.526369
v -0.086416 14.375811 0.475047
v -0.381403 14.393585 0.297140
v -0.296215 14.331795 0.332737
v -2.897497 11.841940 4.487530
v -2.959661 11.758055 4.420416
v -2.110903 12.393307 3.463846
v -2.154123 12.316370 3.369097
v -2.560217 11.759289 4.654329
v -2.649549 11.842707 4.632725
v -1.769098 12.316448 3.659660
v -1.873571 12.391604 3.646545
v -1.351128 13.279228 2.498634
v -1.390495 13.207392 2.398789
v -1.004507 13.207306 2.686104
v -1.113327 13.276409 2.679379
v -0.156818 14.626616 0.501258
v -0.071629 14.564823 0.536856
v -0.409569 14.493923 0.307627
v -0.366613 14.582600 0.358951
v -2.725666 0.503140 5.978840
v -2.725666 1.689160 5.978840
v -2.820307 0.503140 5.978840
v -2.820307 1.689160 5.978840
v -2.820307 0.503140 6.073986
v -2.820307 1.689160 6.073986
v -2.725666 0.503140 6.073986
v -2.725666 1.689160 6.073986
v 2.768946 0.503140 5.978840
v 2.768946 1.689160 5.978840
v 2.674303 0.503140 5.978840
v 2.674303 1.689160 5.978840
v 2.674303 0.503140 6.073986
v 2.674303 1.689160 6.073986
v 2.768946 0.503140 6.073986
v 2.768946 1.689160 6.073986
v -3.457520 1.689565 5.978840
v 3.350286 1.689565 5.978840
v -3.457520 1.784208 5.978840
v 3.350286 1.784208 5.978840
v -3.457520 1.784208 6.073986
v 3.350286 1.784208 6.073986
v -3.457520 1.689565 6.073986
v 3.350286 1.689565 6.073986
v 1.670025 0.503140 5.978840
v 1.670025 1.689160 5.978840
v 1.575380 0.503140 5.978840
v 1.575380 1.689160 5.978840
v 1.575380 0.503140 6.073986
v 1.575380 1.689160 6.073986
v 1.670025 0.503140 6.073986
v 1.670025 1.689160 6.073986
v 0.571100 0.503140 5.978840
v 0.571100 1.689160 5.978840
v 0.476460 0.503140 5.978840
v 0.476460 1.689160 5.978840
v 0.476460 0.503140 6.073986
v 0.476460 1.689160 6.073986
v 0.571100 0.503140 6.073986
v 0.571100 1.689160 6.073986
v -0.527822 0.503140 5.978840
v -0.527822 1.689160 5.978840
v -0.622465 0.503140 5.978840
v -0.622465 1.689160 5.978840
v -0.622465 0.503140 6.073986
v -0.622465 1.689160 6.073986
v -0.527822 0.503140 6.073986
v -0.527822 1.689160 6.073986
v -1.626743 0.503140 5.978840
v -1.626743 1.689160 5.978840
v -1.721388 0.503140 5.978840
v -1.721388 1.689160 5.978840
v -1.721388 0.503140 6.073986
v -1.721388 1.689160 6.073986
v -1.626743 0.503140 6.073986
v -1.626743 1.689160 6.073986
v 3.937681 0.503140 5.204895
v 3.937681 1.689160 5.204895
v 3.890360 0.503140 5.286860
v 3.890360 1.689160 5.286860
v 3.972761 0.503140 5.334433
v 3.972761 1.689160 5.334433
v 4.020082 0.503140 5.252468
v 4.020082 1.689160 5.252468
v 6.684988 0.503140 0.446423
v 6.684988 1.689160 0.446423
v 6.637667 0.503140 0.528385
v 6.637667 1.689160 0.528385
v 6.720068 0.503140 0.575958
v 6.720068 1.689160 0.575958
v 6.767389 0.503140 0.493996
v 6.767389 1.689160 0.493996
v 3.571754 1.689565 5.838701
v 3.571754 1.784208 5.838701
v 3.654154 1.784208 5.886274
v 3.654154 1.689565 5.886274
v 6.135527 0.503140 1.398117
v 6.135527 1.689160 1.398117
v 6.088205 0.503140 1.480082
v 6.088205 1.689160 1.480082
v 6.170607 0.503140 1.527655
v 6.170607 1.689160 1.527655
v 6.217928 0.503140 1.445690
v 6.217928 1.689160 1.445690
v 5.586065 0.503140 2.349814
v 5.586065 1.689160 2.349814
v 5.538744 0.503140 2.431776
v 5.538744 1.689160 2.431776
v 5.621145 0.503140 2.479349
v 5.621145 1.689160 2.479349
v 5.668465 0.503140 2.397387
v 5.668465 1.689160 2.397387
v 5.036604 0.503140 3.301508
v 5.036604 1.689160 3.301508
v 4.989283 0.503140 3.383471
v 4.989283 1.689160 3.383471
v 5.071684 0.503140 3.431044
v 5.071684 1.689160 3.431044
v 5.119003 0.503140 3.349081
v 5.119003 1.689160 3.349081
v 4.487143 0.503140 4.253201
v 4.487143 1.689160 4.253201
v 4.439821 0.503140 4.335165
v 4.439821 1.689160 4.335165
v 4.522221 0.503140 4.382738
v 4.522221 1.689160 4.382738
v 4.569544 0.503140 4.300776
v 4.569544 1.689160 4.300776
v -4.198698 0.503140 5.252468
v -4.198698 1.689160 5.252468
v -4.151375 0.503140 5.334433
v -4.151375 1.689160 5.334433
v -4.068979 0.503140 5.286860
v -4.068979 1.689160 5.286860
v -4.116301 0.503140 5.204895
v -4.116301 1.689160 5.204895
v -6.946005 0.503140 0.493996
v -6.946005 1.689160 0.493996
v -6.898684 0.503140 0.575958
v -6.898684 1.689160 0.575958
v -6.816282 0.503140 0.528385
v -6.816282 1.689160 0.528385
v -6.863605 0.503140 0.446423
v -6.863605 1.689160 0.446423
v -3.832769 1.689565 5.886274
v -3.832769 1.784208 5.886274
v -3.750372 1.784208 5.838701
v -3.750372 1.689565 5.838701
v -6.396542 0.503140 1.445690
v -6.396542 1.689160 1.445690
v -6.349222 0.503140 1.527653
v -6.349222 1.689160 1.527653
v -6.266823 0.503140 1.480084
v -6.266823 1.689160 1.480084
v -6.314144 0.503140 1.398117
v -6.314144 1.689160 1.398117
v -5.847082 0.503140 2.397389
v -5.847082 1.689160 2.397389
v -5.799759 0.503140 2.479351
v -5.799759 1.689160 2.479351
v -5.717361 0.503140 2.431774
v -5.717361 1.689160 2.431774
v -5.764681 0.503140 2.349812
v -5.764681 1.689160 2.349812
v -5.297621 0.503140 3.349079
v -5.297621 1.689160 3.349079
v -5.250299 0.503140 3.431042
v -5.250299 1.689160 3.431042
v -5.167898 0.503140 3.383471
v -5.167898 1.689160 3.383471
v -5.215221 0.503140 3.301510
v -5.215221 1.689160 3.301510
v -4.748158 0.503140 4.300776
v -4.748158 1.689160 4.300776
v -4.700838 0.503140 4.382738
v -4.700838 1.689160 4.382738
v -4.618439 0.503140 4.335165
v -4.618439 1.689160 4.335165
v -4.665760 0.503140 4.253201
v -4.665760 1.689160 4.253201
vt 0.500000 0.000000
vt 0.610485 0.045765
vt 0.500000 0.150000
vt 0.389515 0.045765
vt 0.343750 0.156250
vt 0.389515 0.266735
vt 0.500000 0.312500
vt 0.610485 0.266735
vt 0.656250 0.156250
vt 0.375000 0.312500
vt 0.406250 0.312500
vt 0.406250 0.490167
vt 0.375000 0.490166
vt 0.437500 0.312500
vt 0.437500 0.490167
vt 0.468750 0.312500
vt 0.468750 0.490167
vt 0.500000 0.312500
vt 0.500000 0.490167
vt 0.531250 0.312500
vt 0.531250 0.490167
vt 0.562500 0.312500
vt 0.562500 0.490167
vt 0.593750 0.312500
vt 0.593750 0.490167
vt 0.625000 0.312500
vt 0.625000 0.490167
vt 0.555249 0.895874
vt 0.500000 0.918758
vt 0.500000 0.837500
vt 0.444752 0.895874
vt 0.421867 0.840625
vt 0.444752 0.785377
vt 0.500000 0.762493
vt 0.555248 0.785377
vt 0.578133 0.840626
vt 0.625000 0.592324
vt 0.593750 0.592324
vt 0.406250 0.592323
vt 0.375000 0.592322
vt 0.437500 0.592323
vt 0.468750 0.592323
vt 0.500000 0.592323
vt 0.531250 0.592324
vt 0.562500 0.592323
vt 0.376953 0.672983
vt 0.375000 0.656323
vt 0.406250 0.656325
vt 0.404297 0.672984
vt 0.625000 0.656325
vt 0.623047 0.672984
vt 0.595703 0.672984
vt 0.593750 0.656325
vt 0.591797 0.672984
vt 0.564453 0.672984
vt 0.562500 0.656325
vt 0.408203 0.672984
vt 0.437500 0.656325
vt 0.435547 0.672984
vt 0.439453 0.672984
vt 0.468750 0.656324
vt 0.466797 0.672984
vt 0.470703 0.672984
vt 0.500000 0.656325
vt 0.498047 0.672984
vt 0.501953 0.672984
vt 0.531250 0.656325
vt 0.529297 0.672984
vt 0.533203 0.672984
vt 0.560547 0.672984
vt 0.617188 0.688440
vt 0.601562 0.688440
vt 0.382812 0.688440
vt 0.398438 0.688440
vt 0.414062 0.688440
vt 0.429688 0.688440
vt 0.445312 0.688440
vt 0.460938 0.688440
vt 0.476562 0.688440
vt 0.492188 0.688440
vt 0.507812 0.688440
vt 0.523438 0.688440
vt 0.539062 0.688440
vt 0.554688 0.688440
vt 0.570312 0.688440
vt 0.585938 0.688440
vt 0.375000 0.653856
vt 0.406250 0.653856
vt 0.406250 0.688440
vt 0.375000 0.688440
vt 0.437500 0.653856
vt 0.437500 0.688440
vt 0.468750 0.653856
vt 0.468750 0.688440
vt 0.500000 0.653856
vt 0.500000 0.688440
vt 0.531250 0.653856
vt 0.531250 0.688440
vt 0.562500 0.653856
vt 0.562500 0.688440
vt 0.593750 0.653856
vt 0.593750 0.688440
vt 0.625000 0.653856
vt 0.625000 0.688440
vt 0.500000 0.000000
vt 0.610485 0.045765
vt 0.500000 0.150000
vt 0.389515 0.045765
vt 0.343750 0.156250
vt 0.389515 0.266735
vt 0.500000 0.312500
vt 0.610485 0.266735
vt 0.656250 0.156250
vt 0.500000 0.837500
vt 0.375000 0.312500
vt 0.406250 0.312500
vt 0.406250 0.653856
vt 0.375000 0.653856
vt 0.437500 0.312500
vt 0.437500 0.653856
vt 0.468750 0.312500
vt 0.468750 0.653856
vt 0.500000 0.312500
vt 0.500000 0.653856
vt 0.531250 0.312500
vt 0.531250 0.653856
vt 0.562500 0.312500
vt 0.562500 0.653856
vt 0.593750 0.312500
vt 0.593750 0.653856
vt 0.625000 0.312500
vt 0.625000 0.653856
vt 0.375000 0.653856
vt 0.406250 0.653856
vt 0.406250 0.688440
vt 0.375000 0.688440
vt 0.437500 0.653856
vt 0.437500 0.688440
vt 0.468750 0.653856
vt 0.468750 0.688440
vt 0.500000 0.653856
vt 0.500000 0.688440
vt 0.531250 0.653856
vt 0.531250 0.688440
vt 0.562500 0.653856
vt 0.562500 0.688440
vt 0.593750 0.653856
vt 0.593750 0.688440
vt 0.625000 0.653856
vt 0.625000 0.688440
vt 0.500000 0.000000
vt 0.610485 0.045765
vt 0.500000 0.150000
vt 0.389515 0.045765
vt 0.343750 0.156250
vt 0.389515 0.266735
vt 0.500000 0.312500
vt 0.610485 0.266735
vt 0.656250 0.156250
vt 0.500000 0.837500
vt 0.375000 0.312500
vt 0.406250 0.312500
vt 0.406250 0.653856
vt 0.375000 0.653856
vt 0.437500 0.312500
vt 0.437500 0.653856
vt 0.468750 0.312500
vt 0.468750 0.653856
vt 0.500000 0.312500
vt 0.500000 0.653856
vt 0.531250 0.312500
vt 0.531250 0.653856
vt 0.562500 0.312500
vt 0.562500 0.653856
vt 0.593750 0.312500
vt 0.593750 0.653856
vt 0.625000 0.312500
vt 0.625000 0.653856
vt 0.375000 0.312500
vt 0.416667 0.312500
vt 0.416667 0.688440
vt 0.375000 0.688440
vt 0.457986 0.312500
vt 0.457986 0.688440
vt 0.421875 0.020934
vt 0.578125 0.020934
vt 0.500651 0.148925
vt 0.499349 0.148925
vt 0.655599 0.155123
vt 0.578125 0.979066
vt 0.421875 0.979066
vt 0.499349 0.838679
vt 0.500651 0.838679
vt 0.344401 0.844877
vt 0.375000 0.653856
vt 0.406250 0.653856
vt 0.406250 0.688440
vt 0.375000 0.688440
vt 0.437500 0.653856
vt 0.437500 0.688440
vt 0.468750 0.653856
vt 0.468750 0.688440
vt 0.500000 0.653856
vt 0.500000 0.688440
vt 0.531250 0.653856
vt 0.531250 0.688440
vt 0.562500 0.653856
vt 0.562500 0.688440
vt 0.593750 0.653856
vt 0.593750 0.688440
vt 0.625000 0.653856
vt 0.625000 0.688440
vt 0.500000 0.000000
vt 0.610485 0.045765
vt 0.500000 0.150000
vt 0.389515 0.045765
vt 0.343750 0.156250
vt 0.389515 0.266735
vt 0.500000 0.312500
vt 0.610485 0.266735
vt 0.656250 0.156250
vt 0.500000 0.837500
vt 0.375000 0.312500
vt 0.406250 0.312500
vt 0.406250 0.653856
vt 0.375000 0.653856
vt 0.437500 0.312500
vt 0.437500 0.653856
vt 0.468750 0.312500
vt 0.468750 0.653856
vt 0.500000 0.312500
vt 0.500000 0.653856
vt 0.531250 0.312500
vt 0.531250 0.653856
vt 0.562500 0.312500
vt 0.562500 0.653856
vt 0.593750 0.312500
vt 0.593750 0.653856
vt 0.625000 0.312500
vt 0.625000 0.653856
vt 0.375000 0.649249
vt 0.406250 0.649249
vt 0.406250 0.688440
vt 0.375000 0.688440
vt 0.437500 0.649249
vt 0.437500 0.688440
vt 0.468750 0.649249
vt 0.468750 0.688440
vt 0.500000 0.649249
vt 0.500000 0.688440
vt 0.531250 0.649249
vt 0.531250 0.688440
vt 0.562500 0.649249
vt 0.562500 0.688440
vt 0.593750 0.649249
vt 0.593750 0.688440
vt 0.625000 0.649249
vt 0.625000 0.688440
vt 0.500000 0.000000
vt 0.610485 0.045765
vt 0.500000 0.150000
vt 0.389515 0.045765
vt 0.343750 0.156250
vt 0.389515 0.266735
vt 0.500000 0.312500
vt 0.610485 0.266735
vt 0.656250 0.156250
vt 0.500000 0.837500
vt 0.375000 0.312500
vt 0.406250 0.312500
vt 0.406250 0.649249
vt 0.375000 0.649249
vt 0.437500 0.312500
vt 0.437500 0.649249
vt 0.468750 0.312500
vt 0.468750 0.649249
vt 0.500000 0.312500
vt 0.500000 0.649249
vt 0.531250 0.312500
vt 0.531250 0.649249
vt 0.562500 0.312500
vt 0.562500 0.649249
vt 0.593750 0.312500
vt 0.593750 0.649249
vt 0.625000 0.312500
vt 0.625000 0.649249
vt 0.375000 0.312500
vt 0.416667 0.312500
vt 0.416667 0.688440
vt 0.375000 0.688440
vt 0.457460 0.312500
vt 0.457460 0.688440
vt 0.375000 0.312500
vt 0.416667 0.312500
vt 0.416667 0.688440
vt 0.375000 0.688440
vt 0.457423 0.312500
vt 0.625000 0.688440
vt 0.584244 0.688440
vt 0.584207 0.688440
vt 0.625000 0.688440
vt 0.457423 0.688440
vt 0.625000 0.312500
vt 0.584244 0.312500
vt 0.578780 0.688440
vt 0.543870 0.886627
vt 0.552155 0.885581
vt 0.543498 0.900567
vt 0.535644 0.902088
vt 0.482178 0.902088
vt 0.517822 0.902088
vt 0.500000 0.902088
vt 0.464356 0.902088
vt 0.455982 0.886633
vt 0.447609 0.871177
vt 0.439235 0.855721
vt 0.435943 0.839637
vt 0.499110 0.837919
vt 0.375000 0.312500
vt 0.377105 0.312500
vt 0.377106 0.688440
vt 0.375000 0.688440
vt 0.570230 0.020934
vt 0.574367 0.027142
vt 0.499761 0.148698
vt 0.575111 0.973605
vt 0.570228 0.979066
vt 0.556108 0.954053
vt 0.564321 0.954053
vt 0.425633 0.027142
vt 0.429770 0.020934
vt 0.499239 0.148698
vt 0.414561 0.312500
vt 0.418772 0.312500
vt 0.418773 0.688440
vt 0.414561 0.688440
vt 0.428562 0.981210
vt 0.423210 0.976647
vt 0.435679 0.954053
vt 0.443892 0.954053
vt 0.568292 0.946704
vt 0.562034 0.949909
vt 0.552735 0.933058
vt 0.556922 0.925826
vt 0.437966 0.949909
vt 0.431708 0.946704
vt 0.443078 0.925826
vt 0.447265 0.933058
vt 0.536579 0.904344
vt 0.542421 0.900187
vt 0.550846 0.929636
vt 0.457903 0.899703
vt 0.462303 0.906015
vt 0.449154 0.929636
vt 0.386470 0.688440
vt 0.386469 0.312500
vt 0.395833 0.312500
vt 0.395833 0.688440
vt 0.418772 0.312500
vt 0.428662 0.312500
vt 0.428663 0.688440
vt 0.418773 0.688440
vt 0.613004 0.688440
vt 0.613004 0.312500
vt 0.622895 0.312500
vt 0.622894 0.688440
vt 0.582073 0.027771
vt 0.600617 0.059891
vt 0.507574 0.145597
vt 0.528054 0.954053
vt 0.535114 0.979066
vt 0.500000 0.979066
vt 0.500000 0.954053
vt 0.583311 0.920687
vt 0.600618 0.940108
vt 0.582073 0.972228
vt 0.568292 0.946704
vt 0.443078 0.925826
vt 0.430941 0.904799
vt 0.448176 0.886180
vt 0.456943 0.901365
vt 0.551824 0.886180
vt 0.569059 0.904799
vt 0.556922 0.925826
vt 0.543057 0.901365
vt 0.417927 0.972228
vt 0.399382 0.940108
vt 0.416689 0.920687
vt 0.431708 0.946704
vt 0.500000 0.933318
vt 0.500000 0.908283
vt 0.515625 0.908283
vt 0.522344 0.933318
vt 0.535512 0.901849
vt 0.464488 0.901849
vt 0.456771 0.900892
vt 0.464356 0.902088
vt 0.375000 0.312500
vt 0.377105 0.312500
vt 0.377106 0.688440
vt 0.375000 0.688440
vt 0.570228 0.979066
vt 0.556108 0.954053
vt 0.564321 0.954053
vt 0.575111 0.973605
vt 0.414561 0.312500
vt 0.418772 0.312500
vt 0.418772 0.312500
vt 0.414561 0.312500
vt 0.418772 0.312500
vt 0.418773 0.688440
vt 0.418773 0.688440
vt 0.418772 0.312500
vt 0.424194 0.974864
vt 0.435679 0.954053
vt 0.435679 0.954053
vt 0.423210 0.976647
vt 0.443892 0.954053
vt 0.429772 0.979066
vt 0.428562 0.981210
vt 0.443892 0.954053
vt 0.562034 0.949909
vt 0.552735 0.933058
vt 0.552735 0.933058
vt 0.562034 0.949909
vt 0.556922 0.925826
vt 0.568292 0.946704
vt 0.568292 0.946704
vt 0.556922 0.925826
vt 0.431708 0.946704
vt 0.443078 0.925826
vt 0.443078 0.925826
vt 0.431708 0.946704
vt 0.447265 0.933058
vt 0.437966 0.949909
vt 0.437966 0.949909
vt 0.447265 0.933058
vt 0.539063 0.908283
vt 0.543057 0.901365
vt 0.542421 0.900187
vt 0.536579 0.904344
vt 0.543057 0.901365
vt 0.556922 0.925826
vt 0.556922 0.925826
vt 0.542421 0.900187
vt 0.550846 0.929636
vt 0.536579 0.904344
vt 0.550846 0.929636
vt 0.460937 0.908283
vt 0.449154 0.929636
vt 0.517822 0.902088
vt 0.515899 0.908283
vt 0.499888 0.908283
vt 0.500000 0.902088
vt 0.464356 0.902088
vt 0.448047 0.885826
vt 0.455982 0.886633
vt 0.535644 0.902088
vt 0.543870 0.886627
vt 0.455982 0.886633
vt 0.464356 0.902088
vt 0.405197 0.312500
vt 0.405197 0.688440
vt 0.464886 0.979066
vt 0.471946 0.954053
vt 0.477656 0.933318
vt 0.484375 0.908283
vt 0.483877 0.908283
vt 0.482178 0.902088
vt 0.438553 0.688440
vt 0.438553 0.312500
vt 0.448443 0.312500
vt 0.448443 0.688440
vt 0.401670 0.894669
vt 0.380838 0.907989
vt 0.362294 0.875869
vt 0.386651 0.868652
vt 0.418804 0.883772
vt 0.406667 0.862746
vt 0.439409 0.870995
vt 0.430642 0.855810
vt 0.439323 0.870759
vt 0.430599 0.855692
vt 0.447609 0.871177
vt 0.439235 0.855721
vt 0.439235 0.855721
vt 0.447609 0.871177
vt 0.552096 0.871165
vt 0.552096 0.871165
vt 0.560322 0.855704
vt 0.560322 0.855704
vt 0.569468 0.855610
vt 0.560811 0.870596
vt 0.569358 0.855810
vt 0.560591 0.870995
vt 0.593333 0.862746
vt 0.581196 0.883772
vt 0.598330 0.894669
vt 0.613349 0.868652
vt 0.637706 0.875869
vt 0.619162 0.907989
vt 0.593224 0.688440
vt 0.593224 0.312500
vt 0.603114 0.312500
vt 0.603114 0.688440
vt 0.468749 0.908283
vt 0.467866 0.908283
vt 0.464356 0.902088
vt 0.535644 0.902088
vt 0.517822 0.902088
vt 0.482178 0.902088
vt 0.499977 0.837919
vt 0.531911 0.908282
vt 0.531251 0.908283
vt 0.544688 0.933318
vt 0.464885 0.020934
vt 0.414561 0.312500
vt 0.414561 0.688440
vt 0.429772 0.979066
vt 0.443892 0.954053
vt 0.443892 0.954053
vt 0.455312 0.933318
vt 0.458128 0.312500
vt 0.458128 0.688440
vt 0.344135 0.844417
vt 0.372001 0.843274
vt 0.394903 0.842365
vt 0.422267 0.841303
vt 0.422265 0.841298
vt 0.431251 0.840986
vt 0.568165 0.840962
vt 0.568165 0.840962
vt 0.605102 0.842356
vt 0.627999 0.843273
vt 0.447609 0.871177
vt 0.455982 0.886633
vt 0.439235 0.855721
vt 0.431251 0.840986
vt 0.435943 0.839637
vt 0.552096 0.871165
vt 0.560322 0.855704
vt 0.543870 0.886627
vt 0.482178 0.902088
vt 0.517822 0.902088
vt 0.464356 0.902088
vt 0.455982 0.886633
vt 0.455982 0.886633
vt 0.464356 0.902088
vt 0.552096 0.871165
vt 0.560322 0.855704
vt 0.543870 0.886627
vt 0.543870 0.886627
vt 0.535644 0.902088
vt 0.535644 0.902088
vt 0.543870 0.886627
vt 0.517822 0.902088
vt 0.517822 0.902088
vt 0.482178 0.902088
vt 0.482178 0.902088
vt 0.535644 0.902088
vt 0.543870 0.886627
vt 0.543870 0.886627
vt 0.535644 0.902088
vt 0.543870 0.886627
vt 0.543870 0.886627
vt 0.543870 0.886627
vt 0.543870 0.886627
vt 0.517822 0.902088
vt 0.517822 0.902088
vt 0.517822 0.902088
vt 0.517822 0.902088
vt 0.517822 0.902088
vt 0.535644 0.902088
vt 0.535644 0.902088
vt 0.517822 0.902088
vt 0.464356 0.902088
vt 0.482178 0.902088
vt 0.482178 0.902088
vt 0.464356 0.902088
vt 0.482178 0.902088
vt 0.482178 0.902088
vt 0.482178 0.902088
vt 0.482178 0.902088
vt 0.575111 0.973605
vt 0.574185 0.974641
vt 0.571154 0.978031
vt 0.570228 0.979066
vt 0.570228 0.979066
vt 0.571154 0.978031
vt 0.574185 0.974641
vt 0.575111 0.973605
vt 0.536579 0.904344
vt 0.537686 0.903556
vt 0.541313 0.900975
vt 0.542421 0.900187
vt 0.542421 0.900187
vt 0.541313 0.900975
vt 0.537687 0.903556
vt 0.536579 0.904344
vt 0.557663 0.954053
vt 0.556161 0.954146
vt 0.561987 0.949822
vt 0.563204 0.949273
vt 0.553535 0.931676
vt 0.552777 0.933126
vt 0.564360 0.954125
vt 0.562780 0.954084
vt 0.567097 0.947316
vt 0.568233 0.946604
vt 0.556969 0.925914
vt 0.556151 0.927240
vt 0.550802 0.929557
vt 0.551975 0.928875
vt 0.555762 0.926553
vt 0.556873 0.925746
vt 0.556108 0.954053
vt 0.557664 0.954053
vt 0.563204 0.949271
vt 0.562034 0.949908
vt 0.552735 0.933058
vt 0.553536 0.931674
vt 0.562783 0.954085
vt 0.564321 0.954054
vt 0.568292 0.946704
vt 0.567098 0.947316
vt 0.556153 0.927243
vt 0.556922 0.925826
vt 0.551974 0.928872
vt 0.550845 0.929634
vt 0.555763 0.926553
vt 0.556109 0.954053
vt 0.564321 0.954053
vt 0.562034 0.949909
vt 0.552735 0.933059
vt 0.556921 0.925825
vt 0.568292 0.946703
vt 0.550846 0.929636
vt 0.575111 0.973605
vt 0.574185 0.974641
vt 0.571154 0.978031
vt 0.570228 0.979066
vt 0.570228 0.979066
vt 0.571154 0.978031
vt 0.574185 0.974641
vt 0.575111 0.973605
vt 0.536579 0.904344
vt 0.537686 0.903556
vt 0.541313 0.900975
vt 0.542421 0.900187
vt 0.542421 0.900187
vt 0.541313 0.900975
vt 0.537687 0.903556
vt 0.536579 0.904344
vt 0.557663 0.954053
vt 0.556161 0.954146
vt 0.561987 0.949822
vt 0.563204 0.949273
vt 0.553535 0.931676
vt 0.552777 0.933126
vt 0.564360 0.954125
vt 0.562780 0.954084
vt 0.567097 0.947316
vt 0.568233 0.946604
vt 0.556969 0.925914
vt 0.556151 0.927240
vt 0.550802 0.929557
vt 0.551975 0.928875
vt 0.555762 0.926553
vt 0.556873 0.925746
vt 0.556108 0.954053
vt 0.557664 0.954053
vt 0.563204 0.949271
vt 0.562034 0.949908
vt 0.552735 0.933058
vt 0.553536 0.931674
vt 0.562783 0.954085
vt 0.564321 0.954054
vt 0.568292 0.946704
vt 0.567098 0.947316
vt 0.556153 0.927243
vt 0.556922 0.925826
vt 0.551974 0.928872
vt 0.550845 0.929634
vt 0.555763 0.926553
vt 0.556109 0.954053
vt 0.564321 0.954053
vt 0.562034 0.949909
vt 0.552735 0.933059
vt 0.556921 0.925825
vt 0.568292 0.946703
vt 0.550846 0.929636
vt 0.375000 0.312500
vt 0.377105 0.312500
vt 0.377106 0.688440
vt 0.375000 0.688440
vt 0.570230 0.020934
vt 0.574367 0.027142
vt 0.499535 0.149324
vt 0.575111 0.973605
vt 0.570228 0.979066
vt 0.556108 0.954053
vt 0.564321 0.954053
vt 0.425633 0.027142
vt 0.429770 0.020934
vt 0.414561 0.312500
vt 0.418772 0.312500
vt 0.418773 0.688440
vt 0.414561 0.688440
vt 0.428562 0.981210
vt 0.423210 0.976647
vt 0.435679 0.954053
vt 0.443892 0.954053
vt 0.568292 0.946704
vt 0.562034 0.949909
vt 0.552735 0.933058
vt 0.556922 0.925826
vt 0.437966 0.949909
vt 0.431708 0.946704
vt 0.443078 0.925826
vt 0.447265 0.933058
vt 0.536579 0.904344
vt 0.542421 0.900187
vt 0.550846 0.929636
vt 0.457903 0.899703
vt 0.462303 0.906015
vt 0.449154 0.929636
vt 0.386470 0.688440
vt 0.386469 0.312500
vt 0.395833 0.312500
vt 0.395833 0.688440
vt 0.418772 0.312500
vt 0.428662 0.312500
vt 0.428663 0.688440
vt 0.418773 0.688440
vt 0.613004 0.688440
vt 0.613004 0.312500
vt 0.622895 0.312500
vt 0.622894 0.688440
vt 0.500000 0.020934
vt 0.535115 0.020934
vt 0.492829 0.150286
vt 0.399383 0.059891
vt 0.417927 0.027771
vt 0.582073 0.027771
vt 0.600617 0.059891
vt 0.507061 0.146196
vt 0.528054 0.954053
vt 0.535114 0.979066
vt 0.500000 0.979066
vt 0.500000 0.954053
vt 0.583311 0.920687
vt 0.600618 0.940108
vt 0.582073 0.972228
vt 0.568292 0.946704
vt 0.443078 0.925826
vt 0.430941 0.904799
vt 0.448176 0.886180
vt 0.456943 0.901365
vt 0.551824 0.886180
vt 0.569059 0.904799
vt 0.556922 0.925826
vt 0.543057 0.901365
vt 0.417927 0.972228
vt 0.399382 0.940108
vt 0.416689 0.920687
vt 0.431708 0.946704
vt 0.500000 0.933318
vt 0.500000 0.908283
vt 0.515625 0.908283
vt 0.522344 0.933318
vt 0.375000 0.312500
vt 0.377105 0.312500
vt 0.377106 0.688440
vt 0.375000 0.688440
vt 0.570228 0.979066
vt 0.556108 0.954053
vt 0.564321 0.954053
vt 0.575111 0.973605
vt 0.414561 0.312500
vt 0.418772 0.312500
vt 0.418772 0.312500
vt 0.414561 0.312500
vt 0.418772 0.312500
vt 0.418773 0.688440
vt 0.418773 0.688440
vt 0.418772 0.312500
vt 0.424194 0.974864
vt 0.435679 0.954053
vt 0.435679 0.954053
vt 0.423210 0.976647
vt 0.443892 0.954053
vt 0.429772 0.979066
vt 0.428562 0.981210
vt 0.443892 0.954053
vt 0.562034 0.949909
vt 0.552735 0.933058
vt 0.552735 0.933058
vt 0.562034 0.949909
vt 0.556922 0.925826
vt 0.568292 0.946704
vt 0.568292 0.946704
vt 0.556922 0.925826
vt 0.431708 0.946704
vt 0.443078 0.925826
vt 0.443078 0.925826
vt 0.431708 0.946704
vt 0.447265 0.933058
vt 0.437966 0.949909
vt 0.437966 0.949909
vt 0.447265 0.933058
vt 0.539063 0.908283
vt 0.543057 0.901365
vt 0.542421 0.900187
vt 0.536579 0.904344
vt 0.543057 0.901365
vt 0.556922 0.925826
vt 0.556922 0.925826
vt 0.542421 0.900187
vt 0.550846 0.929636
vt 0.536579 0.904344
vt 0.550846 0.929636
vt 0.460937 0.908283
vt 0.449154 0.929636
vt 0.405197 0.312500
vt 0.405197 0.688440
vt 0.464886 0.979066
vt 0.471946 0.954053
vt 0.477656 0.933318
vt 0.484375 0.908283
vt 0.438553 0.688440
vt 0.438553 0.312500
vt 0.448443 0.312500
vt 0.448443 0.688440
vt 0.401670 0.894669
vt 0.380838 0.907989
vt 0.362294 0.875869
vt 0.386651 0.868652
vt 0.418804 0.883772
vt 0.406667 0.862746
vt 0.439409 0.870995
vt 0.430642 0.855810
vt 0.569358 0.855810
vt 0.593333 0.862746
vt 0.581196 0.883772
vt 0.560591 0.870995
vt 0.598330 0.894669
vt 0.613349 0.868652
vt 0.637706 0.875869
vt 0.619162 0.907989
vt 0.593224 0.688440
vt 0.593224 0.312500
vt 0.603114 0.312500
vt 0.603114 0.688440
vt 0.531251 0.908283
vt 0.544688 0.933318
vt 0.464885 0.020934
vt 0.414561 0.312500
vt 0.414561 0.688440
vt 0.429772 0.979066
vt 0.443892 0.954053
vt 0.443892 0.954053
vt 0.455312 0.933318
vt 0.468749 0.908283
vt 0.458333 0.312500
vt 0.458333 0.688440
vt 0.343750 0.843750
vt 0.371632 0.842635
vt 0.394530 0.841719
vt 0.421875 0.840625
vt 0.619161 0.092011
vt 0.637706 0.124130
vt 0.605470 0.841719
vt 0.578125 0.840625
vt 0.628368 0.842635
vt 0.656250 0.843750
vt 0.583333 0.312500
vt 0.583333 0.688440
vt 0.656250 0.156250
vt 0.380839 0.092010
vt 0.362294 0.124130
vt 0.343750 0.156250
vt 0.575111 0.973605
vt 0.574185 0.974641
vt 0.571154 0.978031
vt 0.570228 0.979066
vt 0.570228 0.979066
vt 0.571154 0.978031
vt 0.574185 0.974641
vt 0.575111 0.973605
vt 0.536579 0.904344
vt 0.537686 0.903556
vt 0.541313 0.900975
vt 0.542421 0.900187
vt 0.542421 0.900187
vt 0.541313 0.900975
vt 0.537687 0.903556
vt 0.536579 0.904344
vt 0.557663 0.954053
vt 0.556161 0.954146
vt 0.561987 0.949822
vt 0.563204 0.949273
vt 0.553535 0.931676
vt 0.552777 0.933126
vt 0.564360 0.954125
vt 0.562780 0.954084
vt 0.567097 0.947316
vt 0.568233 0.946604
vt 0.556969 0.925914
vt 0.556151 0.927240
vt 0.550802 0.929557
vt 0.551975 0.928875
vt 0.555762 0.926553
vt 0.556873 0.925746
vt 0.556108 0.954053
vt 0.557664 0.954053
vt 0.563204 0.949271
vt 0.562034 0.949908
vt 0.552735 0.933058
vt 0.553536 0.931674
vt 0.562783 0.954085
vt 0.564321 0.954054
vt 0.568292 0.946704
vt 0.567098 0.947316
vt 0.556153 0.927243
vt 0.556922 0.925826
vt 0.551974 0.928872
vt 0.550845 0.929634
vt 0.555763 0.926553
vt 0.556109 0.954053
vt 0.564321 0.954053
vt 0.562034 0.949909
vt 0.552735 0.933059
vt 0.556921 0.925825
vt 0.568292 0.946703
vt 0.550846 0.929636
vt 0.575111 0.973605
vt 0.574185 0.974641
vt 0.571154 0.978031
vt 0.570228 0.979066
vt 0.570228 0.979066
vt 0.571154 0.978031
vt 0.574185 0.974641
vt 0.575111 0.973605
vt 0.536579 0.904344
vt 0.537686 0.903556
vt 0.541313 0.900975
vt 0.542421 0.900187
vt 0.542421 0.900187
vt 0.541313 0.900975
vt 0.537687 0.903556
vt 0.536579 0.904344
vt 0.557663 0.954053
vt 0.556161 0.954146
vt 0.561987 0.949822
vt 0.563204 0.949273
vt 0.553535 0.931676
vt 0.552777 0.933126
vt 0.564360 0.954125
vt 0.562780 0.954084
vt 0.567097 0.947316
vt 0.568233 0.946604
vt 0.556969 0.925914
vt 0.556151 0.927240
vt 0.550802 0.929557
vt 0.551975 0.928875
vt 0.555762 0.926553
vt 0.556873 0.925746
vt 0.556108 0.954053
vt 0.557664 0.954053
vt 0.563204 0.949271
vt 0.562034 0.949908
vt 0.552735 0.933058
vt 0.553536 0.931674
vt 0.562783 0.954085
vt 0.564321 0.954054
vt 0.568292 0.946704
vt 0.567098 0.947316
vt 0.556153 0.927243
vt 0.556922 0.925826
vt 0.551974 0.928872
vt 0.550845 0.929634
vt 0.555763 0.926553
vt 0.556109 0.954053
vt 0.564321 0.954053
vt 0.562034 0.949909
vt 0.552735 0.933059
vt 0.556921 0.925825
vt 0.568292 0.946703
vt 0.550846 0.929636
vt 0.375000 0.000000
vt 0.625000 0.000000
vt 0.625000 0.250000
vt 0.375000 0.250000
vt 0.625000 0.500000
vt 0.375000 0.500000
vt 0.625000 0.750000
vt 0.375000 0.750000
vt 0.625000 1.000000
vt 0.375000 1.000000
vt 0.875000 0.000000
vt 0.875000 0.250000
vt 0.125000 0.000000
vt 0.125000 0.250000
vt 0.375000 0.000000
vt 0.625000 0.000000
vt 0.625000 0.250000
vt 0.375000 0.250000
vt 0.625000 0.500000
vt 0.375000 0.500000
vt 0.625000 0.750000
vt 0.375000 0.750000
vt 0.625000 1.000000
vt 0.375000 1.000000
vt 0.875000 0.000000
vt 0.875000 0.250000
vt 0.125000 0.000000
vt 0.125000 0.250000
vt 0.375000 0.000000
vt 0.625000 0.000000
vt 0.625000 0.250000
vt 0.375000 0.250000
vt 0.625000 0.500000
vt 0.375000 0.500000
vt 0.625000 0.750000
vt 0.375000 0.750000
vt 0.625000 1.000000
vt 0.375000 1.000000
vt 0.875000 0.000000
vt 0.875000 0.250000
vt 0.125000 0.000000
vt 0.125000 0.250000
vt 0.375000 0.000000
vt 0.625000 0.000000
vt 0.625000 0.250000
vt 0.375000 0.250000
vt 0.625000 0.500000
vt 0.375000 0.500000
vt 0.625000 0.750000
vt 0.375000 0.750000
vt 0.625000 1.000000
vt 0.375000 1.000000
vt 0.875000 0.000000
vt 0.875000 0.250000
vt 0.125000 0.000000
vt 0.125000 0.250000
vt 0.375000 0.000000
vt 0.625000 0.000000
vt 0.625000 0.250000
vt 0.375000 0.250000
vt 0.625000 0.500000
vt 0.375000 0.500000
vt 0.625000 0.750000
vt 0.375000 0.750000
vt 0.625000 1.000000
vt 0.375000 1.000000
vt 0.875000 0.000000
vt 0.875000 0.250000
vt 0.125000 0.000000
vt 0.125000 0.250000
vt 0.375000 0.000000
vt 0.625000 0.000000
vt 0.625000 0.250000
vt 0.375000 0.250000
vt 0.625000 0.500000
vt 0.375000 0.500000
vt 0.625000 0.750000
vt 0.375000 0.750000
vt 0.625000 1.000000
vt 0.375000 1.000000
vt 0.875000 0.000000
vt 0.875000 0.250000
vt 0.125000 0.000000
vt 0.125000 0.250000
vt 0.375000 0.000000
vt 0.625000 0.000000
vt 0.625000 0.250000
vt 0.375000 0.250000
vt 0.625000 0.500000
vt 0.375000 0.500000
vt 0.625000 0.750000
vt 0.375000 0.750000
vt 0.625000 1.000000
vt 0.375000 1.000000
vt 0.875000 0.000000
vt 0.875000 0.250000
vt 0.125000 0.000000
vt 0.125000 0.250000
vt 0.375000 0.000000
vt 0.625000 0.000000
vt 0.625000 0.250000
vt 0.375000 0.250000
vt 0.625000 0.500000
vt 0.375000 0.500000
vt 0.625000 0.750000
vt 0.375000 0.750000
vt 0.625000 1.000000
vt 0.375000 1.000000
vt 0.875000 0.000000
vt 0.875000 0.250000
vt 0.125000 0.000000
vt 0.125000 0.250000
vt 0.375000 0.000000
vt 0.625000 0.000000
vt 0.625000 0.250000
vt 0.375000 0.250000
vt 0.625000 0.500000
vt 0.375000 0.500000
vt 0.625000 0.750000
vt 0.375000 0.750000
vt 0.625000 1.000000
vt 0.375000 1.000000
vt 0.875000 0.000000
vt 0.875000 0.250000
vt 0.125000 0.000000
vt 0.125000 0.250000
vt 0.375000 0.000000
vt 0.622582 0.000000
vt 0.622582 0.250000
vt 0.375000 0.250000
vt 0.624599 0.500000
vt 0.375000 0.500000
vt 0.624599 0.750000
vt 0.375000 0.750000
vt 0.622582 1.000000
vt 0.375000 1.000000
vt 0.125000 0.000000
vt 0.125000 0.250000
vt 0.375000 0.000000
vt 0.625000 0.000000
vt 0.625000 0.250000
vt 0.375000 0.250000
vt 0.625000 0.500000
vt 0.375000 0.500000
vt 0.625000 0.750000
vt 0.375000 0.750000
vt 0.625000 1.000000
vt 0.375000 1.000000
vt 0.875000 0.000000
vt 0.875000 0.250000
vt 0.125000 0.000000
vt 0.125000 0.250000
vt 0.375000 0.000000
vt 0.625000 0.000000
vt 0.625000 0.250000
vt 0.375000 0.250000
vt 0.625000 0.500000
vt 0.375000 0.500000
vt 0.625000 0.750000
vt 0.375000 0.750000
vt 0.625000 1.000000
vt 0.375000 1.000000
vt 0.875000 0.000000
vt 0.875000 0.250000
vt 0.125000 0.000000
vt 0.125000 0.250000
vt 0.375000 0.000000
vt 0.625000 0.000000
vt 0.625000 0.250000
vt 0.375000 0.250000
vt 0.625000 0.500000
vt 0.375000 0.500000
vt 0.625000 0.750000
vt 0.375000 0.750000
vt 0.625000 1.000000
vt 0.375000 1.000000
vt 0.875000 0.000000
vt 0.875000 0.250000
vt 0.125000 0.000000
vt 0.125000 0.250000
vt 0.375000 0.000000
vt 0.625000 0.000000
vt 0.625000 0.250000
vt 0.375000 0.250000
vt 0.625000 0.500000
vt 0.375000 0.500000
vt 0.625000 0.750000
vt 0.375000 0.750000
vt 0.625000 1.000000
vt 0.375000 1.000000
vt 0.875000 0.000000
vt 0.875000 0.250000
vt 0.125000 0.000000
vt 0.125000 0.250000
vt 0.375000 0.000000
vt 0.625000 0.000000
vt 0.625000 0.250000
vt 0.375000 0.250000
vt 0.625000 0.500000
vt 0.375000 0.500000
vt 0.625000 0.750000
vt 0.375000 0.750000
vt 0.625000 1.000000
vt 0.375000 1.000000
vt 0.875000 0.000000
vt 0.875000 0.250000
vt 0.125000 0.000000
vt 0.125000 0.250000
vt 0.375000 0.000000
vt 0.625000 0.000000
vt 0.625000 0.250000
vt 0.375000 0.250000
vt 0.625000 0.500000
vt 0.375000 0.500000
vt 0.625000 0.750000
vt 0.375000 0.750000
vt 0.625000 1.000000
vt 0.375000 1.000000
vt 0.875000 0.000000
vt 0.875000 0.250000
vt 0.125000 0.000000
vt 0.125000 0.250000
vt 0.375000 0.000000
vt 0.624599 0.000000
vt 0.624599 0.250000
vt 0.375000 0.250000
vt 0.622582 0.500000
vt 0.375000 0.500000
vt 0.622582 0.750000
vt 0.375000 0.750000
vt 0.624599 1.000000
vt 0.375000 1.000000
vt 0.125000 0.000000
vt 0.125000 0.250000
vt 0.375000 0.000000
vt 0.625000 0.000000
vt 0.625000 0.250000
vt 0.375000 0.250000
vt 0.625000 0.500000
vt 0.375000 0.500000
vt 0.625000 0.750000
vt 0.375000 0.750000
vt 0.625000 1.000000
vt 0.375000 1.000000
vt 0.875000 0.000000
vt 0.875000 0.250000
vt 0.125000 0.000000
vt 0.125000 0.250000
vt 0.375000 0.000000
vt 0.625000 0.000000
vt 0.625000 0.250000
vt 0.375000 0.250000
vt 0.625000 0.500000
vt 0.375000 0.500000
vt 0.625000 0.750000
vt 0.375000 0.750000
vt 0.625000 1.000000
vt 0.375000 1.000000
vt 0.875000 0.000000
vt 0.875000 0.250000
vt 0.125000 0.000000
vt 0.125000 0.250000
vt 0.375000 0.000000
vt 0.625000 0.000000
vt 0.625000 0.250000
vt 0.375000 0.250000
vt 0.625000 0.500000
vt 0.375000 0.500000
vt 0.625000 0.750000
vt 0.375000 0.750000
vt 0.625000 1.000000
vt 0.375000 1.000000
vt 0.875000 0.000000
vt 0.875000 0.250000
vt 0.125000 0.000000
vt 0.125000 0.250000
vt 0.375000 0.000000
vt 0.625000 0.000000
vt 0.625000 0.250000
vt 0.375000 0.250000
vt 0.625000 0.500000
vt 0.375000 0.500000
vt 0.625000 0.750000
vt 0.375000 0.750000
vt 0.625000 1.000000
vt 0.375000 1.000000
vt 0.875000 0.000000
vt 0.875000 0.250000
vt 0.125000 0.000000
vt 0.125000 0.250000
vt 0.583680 0.688440
vt 0.583680 0.312500
vt 0.625000 0.312500
vt 0.625000 0.688440
vt 0.344401 0.155123
vt 0.655599 0.844877
vt 0.584207 0.312500
vt 0.625000 0.312500
vt 0.500000 0.020934
vt 0.535115 0.020934
vt 0.491606 0.149688
vt 0.399383 0.059891
vt 0.417927 0.027771
vt 0.563576 0.839585
vt 0.508995 0.145688
vt 0.619161 0.092011
vt 0.637706 0.124130
vt 0.577738 0.841294
vt 0.577733 0.841303
vt 0.655865 0.844417
vt 0.583539 0.688440
vt 0.583539 0.312500
vt 0.655865 0.155583
vt 0.563576 0.839585
vt 0.380839 0.092010
vt 0.362294 0.124130
vt 0.344135 0.155583
vt 0.375000 0.312500
vt 0.375000 0.688440
vt 0.416667 0.688440
vt 0.416667 0.312500
vt 0.457986 0.688440
vt 0.457986 0.312500
vt 0.421875 0.020934
vt 0.499349 0.148925
vt 0.500651 0.148925
vt 0.578125 0.020934
vt 0.655599 0.155123
vt 0.578125 0.979066
vt 0.500651 0.838679
vt 0.499349 0.838679
vt 0.421875 0.979066
vt 0.344401 0.844877
vt 0.375000 0.653856
vt 0.375000 0.688440
vt 0.406250 0.688440
vt 0.406250 0.653856
vt 0.437500 0.688440
vt 0.437500 0.653856
vt 0.468750 0.688440
vt 0.468750 0.653856
vt 0.500000 0.688440
vt 0.500000 0.653856
vt 0.531250 0.688440
vt 0.531250 0.653856
vt 0.562500 0.688440
vt 0.562500 0.653856
vt 0.593750 0.688440
vt 0.593750 0.653856
vt 0.625000 0.688440
vt 0.625000 0.653856
vt 0.500000 0.000000
vt 0.500000 0.150000
vt 0.610485 0.045765
vt 0.389515 0.045765
vt 0.343750 0.156250
vt 0.389515 0.266735
vt 0.500000 0.312500
vt 0.610485 0.266735
vt 0.656250 0.156250
vt 0.500000 0.837500
vt 0.375000 0.312500
vt 0.375000 0.653856
vt 0.406250 0.653856
vt 0.406250 0.312500
vt 0.437500 0.653856
vt 0.437500 0.312500
vt 0.468750 0.653856
vt 0.468750 0.312500
vt 0.500000 0.653856
vt 0.500000 0.312500
vt 0.531250 0.653856
vt 0.531250 0.312500
vt 0.562500 0.653856
vt 0.562500 0.312500
vt 0.593750 0.653856
vt 0.593750 0.312500
vt 0.625000 0.653856
vt 0.625000 0.312500
vt 0.375000 0.649249
vt 0.375000 0.688440
vt 0.406250 0.688440
vt 0.406250 0.649249
vt 0.437500 0.688440
vt 0.437500 0.649249
vt 0.468750 0.688440
vt 0.468750 0.649249
vt 0.500000 0.688440
vt 0.500000 0.649249
vt 0.531250 0.688440
vt 0.531250 0.649249
vt 0.562500 0.688440
vt 0.562500 0.649249
vt 0.593750 0.688440
vt 0.593750 0.649249
vt 0.625000 0.688440
vt 0.625000 0.649249
vt 0.500000 0.000000
vt 0.500000 0.150000
vt 0.610485 0.045765
vt 0.389515 0.045765
vt 0.343750 0.156250
vt 0.389515 0.266735
vt 0.500000 0.312500
vt 0.610485 0.266735
vt 0.656250 0.156250
vt 0.500000 0.837500
vt 0.375000 0.312500
vt 0.375000 0.649249
vt 0.406250 0.649249
vt 0.406250 0.312500
vt 0.437500 0.649249
vt 0.437500 0.312500
vt 0.468750 0.649249
vt 0.468750 0.312500
vt 0.500000 0.649249
vt 0.500000 0.312500
vt 0.531250 0.649249
vt 0.531250 0.312500
vt 0.562500 0.649249
vt 0.562500 0.312500
vt 0.593750 0.649249
vt 0.593750 0.312500
vt 0.625000 0.649249
vt 0.625000 0.312500
vt 0.375000 0.312500
vt 0.375000 0.688440
vt 0.416667 0.688440
vt 0.416667 0.312500
vt 0.457460 0.688440
vt 0.457460 0.312500
vt 0.375000 0.312500
vt 0.416667 0.312500
vt 0.416667 0.688440
vt 0.375000 0.688440
vt 0.457423 0.312500
vt 0.625000 0.688440
vt 0.625000 0.688440
vt 0.584207 0.688440
vt 0.584244 0.688440
vt 0.457423 0.688440
vt 0.625000 0.312500
vt 0.578780 0.688440
vt 0.584244 0.312500
vt 0.543870 0.886627
vt 0.535644 0.902088
vt 0.543498 0.900567
vt 0.552155 0.885581
vt 0.482178 0.902088
vt 0.500000 0.902088
vt 0.517822 0.902088
vt 0.464356 0.902088
vt 0.499110 0.837919
vt 0.435943 0.839637
vt 0.439235 0.855721
vt 0.447609 0.871177
vt 0.455982 0.886633
vt 0.375000 0.312500
vt 0.375000 0.688440
vt 0.377106 0.688440
vt 0.377105 0.312500
vt 0.570230 0.020934
vt 0.499899 0.148697
vt 0.574367 0.027142
vt 0.575111 0.973605
vt 0.564321 0.954053
vt 0.556108 0.954053
vt 0.570228 0.979066
vt 0.425633 0.027142
vt 0.499392 0.148698
vt 0.429770 0.020934
vt 0.414561 0.312500
vt 0.414561 0.688440
vt 0.418773 0.688440
vt 0.418772 0.312500
vt 0.428562 0.981210
vt 0.443892 0.954053
vt 0.435679 0.954053
vt 0.423210 0.976647
vt 0.568292 0.946704
vt 0.556922 0.925826
vt 0.552735 0.933058
vt 0.562034 0.949909
vt 0.437966 0.949909
vt 0.447265 0.933058
vt 0.443078 0.925826
vt 0.431708 0.946704
vt 0.536579 0.904344
vt 0.550846 0.929636
vt 0.542421 0.900187
vt 0.457903 0.899703
vt 0.449154 0.929636
vt 0.462303 0.906015
vt 0.386470 0.688440
vt 0.395833 0.688440
vt 0.395833 0.312500
vt 0.386469 0.312500
vt 0.418772 0.312500
vt 0.418773 0.688440
vt 0.428663 0.688440
vt 0.428662 0.312500
vt 0.613004 0.688440
vt 0.622894 0.688440
vt 0.622895 0.312500
vt 0.613004 0.312500
vt 0.582073 0.027771
vt 0.508285 0.145642
vt 0.600617 0.059891
vt 0.528054 0.954053
vt 0.500000 0.954053
vt 0.500000 0.979066
vt 0.535114 0.979066
vt 0.583311 0.920687
vt 0.568292 0.946704
vt 0.582073 0.972228
vt 0.600618 0.940108
vt 0.443078 0.925826
vt 0.456943 0.901365
vt 0.448176 0.886180
vt 0.430941 0.904799
vt 0.551824 0.886180
vt 0.543057 0.901365
vt 0.556922 0.925826
vt 0.569059 0.904799
vt 0.417927 0.972228
vt 0.431708 0.946704
vt 0.416689 0.920687
vt 0.399382 0.940108
vt 0.500000 0.933318
vt 0.522344 0.933318
vt 0.515625 0.908283
vt 0.500000 0.908283
vt 0.535512 0.901849
vt 0.464488 0.901849
vt 0.464356 0.902088
vt 0.456771 0.900892
vt 0.375000 0.312500
vt 0.377105 0.312500
vt 0.377106 0.688440
vt 0.375000 0.688440
vt 0.570228 0.979066
vt 0.556108 0.954053
vt 0.564321 0.954053
vt 0.575111 0.973605
vt 0.414561 0.312500
vt 0.414561 0.312500
vt 0.418772 0.312500
vt 0.418772 0.312500
vt 0.418772 0.312500
vt 0.418772 0.312500
vt 0.418773 0.688440
vt 0.418773 0.688440
vt 0.424194 0.974864
vt 0.423210 0.976647
vt 0.435679 0.954053
vt 0.435679 0.954053
vt 0.443892 0.954053
vt 0.443892 0.954053
vt 0.428562 0.981210
vt 0.429772 0.979066
vt 0.562034 0.949909
vt 0.562034 0.949909
vt 0.552735 0.933058
vt 0.552735 0.933058
vt 0.556922 0.925826
vt 0.556922 0.925826
vt 0.568292 0.946704
vt 0.568292 0.946704
vt 0.431708 0.946704
vt 0.431708 0.946704
vt 0.443078 0.925826
vt 0.443078 0.925826
vt 0.447265 0.933058
vt 0.447265 0.933058
vt 0.437966 0.949909
vt 0.437966 0.949909
vt 0.539063 0.908283
vt 0.536579 0.904344
vt 0.542421 0.900187
vt 0.543057 0.901365
vt 0.543057 0.901365
vt 0.542421 0.900187
vt 0.556922 0.925826
vt 0.556922 0.925826
vt 0.550846 0.929636
vt 0.550846 0.929636
vt 0.536579 0.904344
vt 0.460937 0.908283
vt 0.449154 0.929636
vt 0.517822 0.902088
vt 0.500000 0.902088
vt 0.499888 0.908283
vt 0.515899 0.908283
vt 0.464356 0.902088
vt 0.455982 0.886633
vt 0.448047 0.885826
vt 0.535644 0.902088
vt 0.543870 0.886627
vt 0.464356 0.902088
vt 0.455982 0.886633
vt 0.405197 0.688440
vt 0.405197 0.312500
vt 0.471946 0.954053
vt 0.464886 0.979066
vt 0.477656 0.933318
vt 0.484375 0.908283
vt 0.483877 0.908283
vt 0.482178 0.902088
vt 0.438553 0.688440
vt 0.448443 0.688440
vt 0.448443 0.312500
vt 0.438553 0.312500
vt 0.401670 0.894669
vt 0.386651 0.868652
vt 0.362294 0.875869
vt 0.380838 0.907989
vt 0.418804 0.883772
vt 0.406667 0.862746
vt 0.439409 0.870995
vt 0.430642 0.855810
vt 0.439323 0.870759
vt 0.430599 0.855692
vt 0.447609 0.871177
vt 0.439235 0.855721
vt 0.447609 0.871177
vt 0.439235 0.855721
vt 0.552096 0.871165
vt 0.560322 0.855704
vt 0.560322 0.855704
vt 0.552096 0.871165
vt 0.560811 0.870596
vt 0.569468 0.855610
vt 0.560591 0.870995
vt 0.569358 0.855810
vt 0.581196 0.883772
vt 0.593333 0.862746
vt 0.598330 0.894669
vt 0.613349 0.868652
vt 0.619162 0.907989
vt 0.637706 0.875869
vt 0.593224 0.688440
vt 0.603114 0.688440
vt 0.603114 0.312500
vt 0.593224 0.312500
vt 0.467866 0.908283
vt 0.468749 0.908283
vt 0.464356 0.902088
vt 0.535644 0.902088
vt 0.499977 0.837919
vt 0.482178 0.902088
vt 0.517822 0.902088
vt 0.531911 0.908282
vt 0.531251 0.908283
vt 0.544688 0.933318
vt 0.464885 0.020934
vt 0.414561 0.688440
vt 0.414561 0.312500
vt 0.443892 0.954053
vt 0.429772 0.979066
vt 0.455312 0.933318
vt 0.443892 0.954053
vt 0.458128 0.688440
vt 0.458128 0.312500
vt 0.372001 0.843274
vt 0.344135 0.844417
vt 0.394903 0.842365
vt 0.422267 0.841303
vt 0.422265 0.841298
vt 0.431251 0.840986
vt 0.568165 0.840962
vt 0.568165 0.840962
vt 0.627999 0.843273
vt 0.605102 0.842356
vt 0.455982 0.886633
vt 0.447609 0.871177
vt 0.439235 0.855721
vt 0.435943 0.839637
vt 0.431251 0.840986
vt 0.560322 0.855704
vt 0.552096 0.871165
vt 0.543870 0.886627
vt 0.517822 0.902088
vt 0.482178 0.902088
vt 0.464356 0.902088
vt 0.464356 0.902088
vt 0.455982 0.886633
vt 0.455982 0.886633
vt 0.560322 0.855704
vt 0.552096 0.871165
vt 0.543870 0.886627
vt 0.543870 0.886627
vt 0.543870 0.886627
vt 0.535644 0.902088
vt 0.535644 0.902088
vt 0.517822 0.902088
vt 0.517822 0.902088
vt 0.482178 0.902088
vt 0.482178 0.902088
vt 0.535644 0.902088
vt 0.535644 0.902088
vt 0.543870 0.886627
vt 0.543870 0.886627
vt 0.543870 0.886627
vt 0.543870 0.886627
vt 0.543870 0.886627
vt 0.543870 0.886627
vt 0.517822 0.902088
vt 0.517822 0.902088
vt 0.517822 0.902088
vt 0.517822 0.902088
vt 0.517822 0.902088
vt 0.517822 0.902088
vt 0.535644 0.902088
vt 0.535644 0.902088
vt 0.464356 0.902088
vt 0.464356 0.902088
vt 0.482178 0.902088
vt 0.482178 0.902088
vt 0.482178 0.902088
vt 0.482178 0.902088
vt 0.482178 0.902088
vt 0.482178 0.902088
vt 0.575111 0.973605
vt 0.575111 0.973605
vt 0.574185 0.974641
vt 0.571154 0.978031
vt 0.570228 0.979066
vt 0.570228 0.979066
vt 0.571154 0.978031
vt 0.574185 0.974641
vt 0.536579 0.904344
vt 0.536579 0.904344
vt 0.537687 0.903556
vt 0.541313 0.900975
vt 0.542421 0.900187
vt 0.542421 0.900187
vt 0.541313 0.900975
vt 0.537686 0.903556
vt 0.556161 0.954146
vt 0.557663 0.954053
vt 0.561987 0.949822
vt 0.552777 0.933126
vt 0.553535 0.931676
vt 0.563204 0.949273
vt 0.562780 0.954084
vt 0.564360 0.954125
vt 0.567097 0.947316
vt 0.556151 0.927240
vt 0.556969 0.925914
vt 0.568233 0.946604
vt 0.550802 0.929557
vt 0.551975 0.928875
vt 0.555762 0.926553
vt 0.556873 0.925746
vt 0.557664 0.954053
vt 0.556108 0.954053
vt 0.563204 0.949271
vt 0.553536 0.931674
vt 0.552735 0.933058
vt 0.562034 0.949908
vt 0.564321 0.954054
vt 0.562783 0.954085
vt 0.568292 0.946704
vt 0.556922 0.925826
vt 0.556153 0.927243
vt 0.567098 0.947316
vt 0.551974 0.928872
vt 0.550845 0.929634
vt 0.555763 0.926553
vt 0.556109 0.954053
vt 0.564321 0.954053
vt 0.562034 0.949909
vt 0.552735 0.933059
vt 0.556921 0.925825
vt 0.568292 0.946703
vt 0.550846 0.929636
vt 0.575111 0.973605
vt 0.575111 0.973605
vt 0.574185 0.974641
vt 0.571154 0.978031
vt 0.570228 0.979066
vt 0.570228 0.979066
vt 0.571154 0.978031
vt 0.574185 0.974641
vt 0.536579 0.904344
vt 0.536579 0.904344
vt 0.537687 0.903556
vt 0.541313 0.900975
vt 0.542421 0.900187
vt 0.542421 0.900187
vt 0.541313 0.900975
vt 0.537686 0.903556
vt 0.556161 0.954146
vt 0.557663 0.954053
vt 0.561987 0.949822
vt 0.552777 0.933126
vt 0.553535 0.931676
vt 0.563204 0.949273
vt 0.562780 0.954084
vt 0.564360 0.954125
vt 0.567097 0.947316
vt 0.556151 0.927240
vt 0.556969 0.925914
vt 0.568233 0.946604
vt 0.550802 0.929557
vt 0.551975 0.928875
vt 0.555762 0.926553
vt 0.556873 0.925746
vt 0.557664 0.954053
vt 0.556108 0.954053
vt 0.563204 0.949271
vt 0.553536 0.931674
vt 0.552735 0.933058
vt 0.562034 0.949908
vt 0.564321 0.954054
vt 0.562783 0.954085
vt 0.568292 0.946704
vt 0.556922 0.925826
vt 0.556153 0.927243
vt 0.567098 0.947316
vt 0.551974 0.928872
vt 0.550845 0.929634
vt 0.555763 0.926553
vt 0.556109 0.954053
vt 0.564321 0.954053
vt 0.562034 0.949909
vt 0.552735 0.933059
vt 0.556921 0.925825
vt 0.568292 0.946703
vt 0.550846 0.929636
vt 0.375000 0.312500
vt 0.375000 0.688440
vt 0.377106 0.688440
vt 0.377105 0.312500
vt 0.570230 0.020934
vt 0.499535 0.149324
vt 0.574367 0.027142
vt 0.575111 0.973605
vt 0.564321 0.954053
vt 0.556108 0.954053
vt 0.570228 0.979066
vt 0.425633 0.027142
vt 0.429770 0.020934
vt 0.414561 0.312500
vt 0.414561 0.688440
vt 0.418773 0.688440
vt 0.418772 0.312500
vt 0.428562 0.981210
vt 0.443892 0.954053
vt 0.435679 0.954053
vt 0.423210 0.976647
vt 0.568292 0.946704
vt 0.556922 0.925826
vt 0.552735 0.933058
vt 0.562034 0.949909
vt 0.437966 0.949909
vt 0.447265 0.933058
vt 0.443078 0.925826
vt 0.431708 0.946704
vt 0.536579 0.904344
vt 0.550846 0.929636
vt 0.542421 0.900187
vt 0.457903 0.899703
vt 0.449154 0.929636
vt 0.462303 0.906015
vt 0.386470 0.688440
vt 0.395833 0.688440
vt 0.395833 0.312500
vt 0.386469 0.312500
vt 0.418772 0.312500
vt 0.418773 0.688440
vt 0.428663 0.688440
vt 0.428662 0.312500
vt 0.613004 0.688440
vt 0.622894 0.688440
vt 0.622895 0.312500
vt 0.613004 0.312500
vt 0.535115 0.020934
vt 0.500000 0.020934
vt 0.492829 0.150286
vt 0.417927 0.027771
vt 0.399383 0.059891
vt 0.582073 0.027771
vt 0.507061 0.146196
vt 0.600617 0.059891
vt 0.528054 0.954053
vt 0.500000 0.954053
vt 0.500000 0.979066
vt 0.535114 0.979066
vt 0.583311 0.920687
vt 0.568292 0.946704
vt 0.582073 0.972228
vt 0.600618 0.940108
vt 0.443078 0.925826
vt 0.456943 0.901365
vt 0.448176 0.886180
vt 0.430941 0.904799
vt 0.551824 0.886180
vt 0.543057 0.901365
vt 0.556922 0.925826
vt 0.569059 0.904799
vt 0.417927 0.972228
vt 0.431708 0.946704
vt 0.416689 0.920687
vt 0.399382 0.940108
vt 0.500000 0.933318
vt 0.522344 0.933318
vt 0.515625 0.908283
vt 0.500000 0.908283
vt 0.375000 0.312500
vt 0.377105 0.312500
vt 0.377106 0.688440
vt 0.375000 0.688440
vt 0.570228 0.979066
vt 0.556108 0.954053
vt 0.564321 0.954053
vt 0.575111 0.973605
vt 0.414561 0.312500
vt 0.414561 0.312500
vt 0.418772 0.312500
vt 0.418772 0.312500
vt 0.418772 0.312500
vt 0.418772 0.312500
vt 0.418773 0.688440
vt 0.418773 0.688440
vt 0.424194 0.974864
vt 0.423210 0.976647
vt 0.435679 0.954053
vt 0.435679 0.954053
vt 0.443892 0.954053
vt 0.443892 0.954053
vt 0.428562 0.981210
vt 0.429772 0.979066
vt 0.562034 0.949909
vt 0.562034 0.949909
vt 0.552735 0.933058
vt 0.552735 0.933058
vt 0.556922 0.925826
vt 0.556922 0.925826
vt 0.568292 0.946704
vt 0.568292 0.946704
vt 0.431708 0.946704
vt 0.431708 0.946704
vt 0.443078 0.925826
vt 0.443078 0.925826
vt 0.447265 0.933058
vt 0.447265 0.933058
vt 0.437966 0.949909
vt 0.437966 0.949909
vt 0.539063 0.908283
vt 0.536579 0.904344
vt 0.542421 0.900187
vt 0.543057 0.901365
vt 0.543057 0.901365
vt 0.542421 0.900187
vt 0.556922 0.925826
vt 0.556922 0.925826
vt 0.550846 0.929636
vt 0.550846 0.929636
vt 0.536579 0.904344
vt 0.460937 0.908283
vt 0.449154 0.929636
vt 0.405197 0.688440
vt 0.405197 0.312500
vt 0.471946 0.954053
vt 0.464886 0.979066
vt 0.477656 0.933318
vt 0.484375 0.908283
vt 0.438553 0.688440
vt 0.448443 0.688440
vt 0.448443 0.312500
vt 0.438553 0.312500
vt 0.401670 0.894669
vt 0.386651 0.868652
vt 0.362294 0.875869
vt 0.380838 0.907989
vt 0.418804 0.883772
vt 0.406667 0.862746
vt 0.439409 0.870995
vt 0.430642 0.855810
vt 0.569358 0.855810
vt 0.560591 0.870995
vt 0.581196 0.883772
vt 0.593333 0.862746
vt 0.598330 0.894669
vt 0.613349 0.868652
vt 0.619162 0.907989
vt 0.637706 0.875869
vt 0.593224 0.688440
vt 0.603114 0.688440
vt 0.603114 0.312500
vt 0.593224 0.312500
vt 0.544688 0.933318
vt 0.531251 0.908283
vt 0.464885 0.020934
vt 0.414561 0.688440
vt 0.414561 0.312500
vt 0.443892 0.954053
vt 0.429772 0.979066
vt 0.455312 0.933318
vt 0.443892 0.954053
vt 0.468749 0.908283
vt 0.458333 0.688440
vt 0.458333 0.312500
vt 0.371632 0.842635
vt 0.343750 0.843750
vt 0.394530 0.841719
vt 0.421875 0.840625
vt 0.619161 0.092011
vt 0.637706 0.124130
vt 0.605470 0.841719
vt 0.578125 0.840625
vt 0.628368 0.842635
vt 0.656250 0.843750
vt 0.583333 0.312500
vt 0.583333 0.688440
vt 0.656250 0.156250
vt 0.380839 0.092010
vt 0.362294 0.124130
vt 0.343750 0.156250
vt 0.575111 0.973605
vt 0.575111 0.973605
vt 0.574185 0.974641
vt 0.571154 0.978031
vt 0.570228 0.979066
vt 0.570228 0.979066
vt 0.571154 0.978031
vt 0.574185 0.974641
vt 0.536579 0.904344
vt 0.536579 0.904344
vt 0.537687 0.903556
vt 0.541313 0.900975
vt 0.542421 0.900187
vt 0.542421 0.900187
vt 0.541313 0.900975
vt 0.537686 0.903556
vt 0.556161 0.954146
vt 0.557663 0.954053
vt 0.561987 0.949822
vt 0.552777 0.933126
vt 0.553535 0.931676
vt 0.563204 0.949273
vt 0.562780 0.954084
vt 0.564360 0.954125
vt 0.567097 0.947316
vt 0.556151 0.927240
vt 0.556969 0.925914
vt 0.568233 0.946604
vt 0.550802 0.929557
vt 0.551975 0.928875
vt 0.555762 0.926553
vt 0.556873 0.925746
vt 0.557664 0.954053
vt 0.556108 0.954053
vt 0.563204 0.949271
vt 0.553536 0.931674
vt 0.552735 0.933058
vt 0.562034 0.949908
vt 0.564321 0.954054
vt 0.562783 0.954085
vt 0.568292 0.946704
vt 0.556922 0.925826
vt 0.556153 0.927243
vt 0.567098 0.947316
vt 0.551974 0.928872
vt 0.550845 0.929634
vt 0.555763 0.926553
vt 0.556109 0.954053
vt 0.564321 0.954053
vt 0.562034 0.949909
vt 0.552735 0.933059
vt 0.556921 0.925825
vt 0.568292 0.946703
vt 0.550846 0.929636
vt 0.575111 0.973605
vt 0.575111 0.973605
vt 0.574185 0.974641
vt 0.571154 0.978031
vt 0.570228 0.979066
vt 0.570228 0.979066
vt 0.571154 0.978031
vt 0.574185 0.974641
vt 0.536579 0.904344
vt 0.536579 0.904344
vt 0.537687 0.903556
vt 0.541313 0.900975
vt 0.542421 0.900187
vt 0.542421 0.900187
vt 0.541313 0.900975
vt 0.537686 0.903556
vt 0.556161 0.954146
vt 0.557663 0.954053
vt 0.561987 0.949822
vt 0.552777 0.933126
vt 0.553535 0.931676
vt 0.563204 0.949273
vt 0.562780 0.954084
vt 0.564360 0.954125
vt 0.567097 0.947316
vt 0.556151 0.927240
vt 0.556969 0.925914
vt 0.568233 0.946604
vt 0.550802 0.929557
vt 0.551975 0.928875
vt 0.555762 0.926553
vt 0.556873 0.925746
vt 0.557664 0.954053
vt 0.556108 0.954053
vt 0.563204 0.949271
vt 0.553536 0.931674
vt 0.552735 0.933058
vt 0.562034 0.949908
vt 0.564321 0.954054
vt 0.562783 0.954085
vt 0.568292 0.946704
vt 0.556922 0.925826
vt 0.556153 0.927243
vt 0.567098 0.947316
vt 0.551974 0.928872
vt 0.550845 0.929634
vt 0.555763 0.926553
vt 0.556109 0.954053
vt 0.564321 0.954053
vt 0.562034 0.949909
vt 0.552735 0.933059
vt 0.556921 0.925825
vt 0.568292 0.946703
vt 0.550846 0.929636
vt 0.375000 0.000000
vt 0.375000 0.250000
vt 0.625000 0.250000
vt 0.625000 0.000000
vt 0.375000 0.500000
vt 0.625000 0.500000
vt 0.375000 0.750000
vt 0.625000 0.750000
vt 0.375000 1.000000
vt 0.625000 1.000000
vt 0.875000 0.250000
vt 0.875000 0.000000
vt 0.125000 0.000000
vt 0.125000 0.250000
vt 0.375000 0.000000
vt 0.375000 0.250000
vt 0.625000 0.250000
vt 0.625000 0.000000
vt 0.375000 0.500000
vt 0.625000 0.500000
vt 0.375000 0.750000
vt 0.625000 0.750000
vt 0.375000 1.000000
vt 0.625000 1.000000
vt 0.875000 0.250000
vt 0.875000 0.000000
vt 0.125000 0.000000
vt 0.125000 0.250000
vt 0.375000 0.000000
vt 0.375000 0.250000
vt 0.625000 0.250000
vt 0.625000 0.000000
vt 0.375000 0.500000
vt 0.625000 0.500000
vt 0.375000 0.750000
vt 0.625000 0.750000
vt 0.375000 1.000000
vt 0.625000 1.000000
vt 0.875000 0.250000
vt 0.875000 0.000000
vt 0.125000 0.000000
vt 0.125000 0.250000
vt 0.375000 0.000000
vt 0.375000 0.250000
vt 0.625000 0.250000
vt 0.625000 0.000000
vt 0.375000 0.500000
vt 0.625000 0.500000
vt 0.375000 0.750000
vt 0.625000 0.750000
vt 0.375000 1.000000
vt 0.625000 1.000000
vt 0.875000 0.250000
vt 0.875000 0.000000
vt 0.125000 0.000000
vt 0.125000 0.250000
vt 0.375000 0.000000
vt 0.375000 0.250000
vt 0.625000 0.250000
vt 0.625000 0.000000
vt 0.375000 0.500000
vt 0.625000 0.500000
vt 0.375000 0.750000
vt 0.625000 0.750000
vt 0.375000 1.000000
vt 0.625000 1.000000
vt 0.875000 0.250000
vt 0.875000 0.000000
vt 0.125000 0.000000
vt 0.125000 0.250000
vt 0.375000 0.000000
vt 0.375000 0.250000
vt 0.625000 0.250000
vt 0.625000 0.000000
vt 0.375000 0.500000
vt 0.625000 0.500000
vt 0.375000 0.750000
vt 0.625000 0.750000
vt 0.375000 1.000000
vt 0.625000 1.000000
vt 0.875000 0.250000
vt 0.875000 0.000000
vt 0.125000 0.000000
vt 0.125000 0.250000
vt 0.375000 0.000000
vt 0.375000 0.250000
vt 0.625000 0.250000
vt 0.625000 0.000000
vt 0.375000 0.500000
vt 0.625000 0.500000
vt 0.375000 0.750000
vt 0.625000 0.750000
vt 0.375000 1.000000
vt 0.625000 1.000000
vt 0.875000 0.250000
vt 0.875000 0.000000
vt 0.125000 0.000000
vt 0.125000 0.250000
vt 0.375000 0.000000
vt 0.375000 0.250000
vt 0.625000 0.250000
vt 0.625000 0.000000
vt 0.375000 0.500000
vt 0.625000 0.500000
vt 0.375000 0.750000
vt 0.625000 0.750000
vt 0.375000 1.000000
vt 0.625000 1.000000
vt 0.875000 0.250000
vt 0.875000 0.000000
vt 0.125000 0.000000
vt 0.125000 0.250000
vt 0.375000 0.000000
vt 0.375000 0.250000
vt 0.625000 0.250000
vt 0.625000 0.000000
vt 0.375000 0.500000
vt 0.625000 0.500000
vt 0.375000 0.750000
vt 0.625000 0.750000
vt 0.375000 1.000000
vt 0.625000 1.000000
vt 0.875000 0.250000
vt 0.875000 0.000000
vt 0.125000 0.000000
vt 0.125000 0.250000
vt 0.375000 0.000000
vt 0.375000 0.250000
vt 0.622582 0.250000
vt 0.622582 0.000000
vt 0.375000 0.500000
vt 0.624599 0.500000
vt 0.375000 0.750000
vt 0.624599 0.750000
vt 0.375000 1.000000
vt 0.622582 1.000000
vt 0.125000 0.000000
vt 0.125000 0.250000
vt 0.375000 0.000000
vt 0.375000 0.250000
vt 0.625000 0.250000
vt 0.625000 0.000000
vt 0.375000 0.500000
vt 0.625000 0.500000
vt 0.375000 0.750000
vt 0.625000 0.750000
vt 0.375000 1.000000
vt 0.625000 1.000000
vt 0.875000 0.250000
vt 0.875000 0.000000
vt 0.125000 0.000000
vt 0.125000 0.250000
vt 0.375000 0.000000
vt 0.375000 0.250000
vt 0.625000 0.250000
vt 0.625000 0.000000
vt 0.375000 0.500000
vt 0.625000 0.500000
vt 0.375000 0.750000
vt 0.625000 0.750000
vt 0.375000 1.000000
vt 0.625000 1.000000
vt 0.875000 0.250000
vt 0.875000 0.000000
vt 0.125000 0.000000
vt 0.125000 0.250000
vt 0.375000 0.000000
vt 0.375000 0.250000
vt 0.625000 0.250000
vt 0.625000 0.000000
vt 0.375000 0.500000
vt 0.625000 0.500000
vt 0.375000 0.750000
vt 0.625000 0.750000
vt 0.375000 1.000000
vt 0.625000 1.000000
vt 0.875000 0.250000
vt 0.875000 0.000000
vt 0.125000 0.000000
vt 0.125000 0.250000
vt 0.375000 0.000000
vt 0.375000 0.250000
vt 0.625000 0.250000
vt 0.625000 0.000000
vt 0.375000 0.500000
vt 0.625000 0.500000
vt 0.375000 0.750000
vt 0.625000 0.750000
vt 0.375000 1.000000
vt 0.625000 1.000000
vt 0.875000 0.250000
vt 0.875000 0.000000
vt 0.125000 0.000000
vt 0.125000 0.250000
vt 0.375000 0.000000
vt 0.375000 0.250000
vt 0.625000 0.250000
vt 0.625000 0.000000
vt 0.375000 0.500000
vt 0.625000 0.500000
vt 0.375000 0.750000
vt 0.625000 0.750000
vt 0.375000 1.000000
vt 0.625000 1.000000
vt 0.875000 0.250000
vt 0.875000 0.000000
vt 0.125000 0.000000
vt 0.125000 0.250000
vt 0.375000 0.000000
vt 0.375000 0.250000
vt 0.625000 0.250000
vt 0.625000 0.000000
vt 0.375000 0.500000
vt 0.625000 0.500000
vt 0.375000 0.750000
vt 0.625000 0.750000
vt 0.375000 1.000000
vt 0.625000 1.000000
vt 0.875000 0.250000
vt 0.875000 0.000000
vt 0.125000 0.000000
vt 0.125000 0.250000
vt 0.375000 0.000000
vt 0.375000 0.250000
vt 0.624599 0.250000
vt 0.624599 0.000000
vt 0.375000 0.500000
vt 0.622582 0.500000
vt 0.375000 0.750000
vt 0.622582 0.750000
vt 0.375000 1.000000
vt 0.624599 1.000000
vt 0.125000 0.000000
vt 0.125000 0.250000
vt 0.375000 0.000000
vt 0.375000 0.250000
vt 0.625000 0.250000
vt 0.625000 0.000000
vt 0.375000 0.500000
vt 0.625000 0.500000
vt 0.375000 0.750000
vt 0.625000 0.750000
vt 0.375000 1.000000
vt 0.625000 1.000000
vt 0.875000 0.250000
vt 0.875000 0.000000
vt 0.125000 0.000000
vt 0.125000 0.250000
vt 0.375000 0.000000
vt 0.375000 0.250000
vt 0.625000 0.250000
vt 0.625000 0.000000
vt 0.375000 0.500000
vt 0.625000 0.500000
vt 0.375000 0.750000
vt 0.625000 0.750000
vt 0.375000 1.000000
vt 0.625000 1.000000
vt 0.875000 0.250000
vt 0.875000 0.000000
vt 0.125000 0.000000
vt 0.125000 0.250000
vt 0.375000 0.000000
vt 0.375000 0.250000
vt 0.625000 0.250000
vt 0.625000 0.000000
vt 0.375000 0.500000
vt 0.625000 0.500000
vt 0.375000 0.750000
vt 0.625000 0.750000
vt 0.375000 1.000000
vt 0.625000 1.000000
vt 0.875000 0.250000
vt 0.875000 0.000000
vt 0.125000 0.000000
vt 0.125000 0.250000
vt 0.375000 0.000000
vt 0.375000 0.250000
vt 0.625000 0.250000
vt 0.625000 0.000000
vt 0.375000 0.500000
vt 0.625000 0.500000
vt 0.375000 0.750000
vt 0.625000 0.750000
vt 0.375000 1.000000
vt 0.625000 1.000000
vt 0.875000 0.250000
vt 0.875000 0.000000
vt 0.125000 0.000000
vt 0.125000 0.250000
vt 0.583680 0.688440
vt 0.625000 0.688440
vt 0.625000 0.312500
vt 0.583680 0.312500
vt 0.344401 0.155123
vt 0.655599 0.844877
vt 0.625000 0.312500
vt 0.584207 0.312500
vt 0.535115 0.020934
vt 0.500000 0.020934
vt 0.491606 0.149688
vt 0.417927 0.027771
vt 0.399383 0.059891
vt 0.563576 0.839585
vt 0.619161 0.092011
vt 0.637706 0.124130
vt 0.577738 0.841294
vt 0.577733 0.841303
vt 0.655865 0.844417
vt 0.583539 0.688440
vt 0.583539 0.312500
vt 0.655865 0.155583
vt 0.563576 0.839585
vt 0.380839 0.092010
vt 0.362294 0.124130
vt 0.344135 0.155583
vn 0.000000 -1.000000 0.000000
vn 0.000000 -1.000000 -0.000003
vn 0.000000 -1.000000 -0.000001
vn 0.000000 -1.000000 0.000000
vn 0.000000 -1.000000 0.000000
vn 0.000000 -1.000000 -0.000001
vn 0.000000 -1.000000 -0.000003
vn 0.000000 -1.000000 0.000000
vn 0.000000 -1.000000 -0.000001
vn 0.000000 -1.000000 -0.000003
vn 0.000000 -1.000000 -0.000003
vn 0.000000 -1.000000 -0.000001
vn 0.000000 -1.000000 0.000000
vn 0.000000 -1.000000 -0.000003
vn 0.000000 -1.000000 -0.000001
vn 0.000000 -1.000000 0.000003
vn 0.000000 -1.000000 0.000000
vn 0.000000 -1.000000 -0.000001
vn 0.000000 -1.000000 0.000000
vn 0.000000 -1.000000 0.000003
vn 0.000000 -1.000000 -0.000001
vn 0.000000 -1.000000 -0.000003
vn 0.000000 -1.000000 0.000000
vn 0.000000 -1.000000 -0.000001
vn 0.706867 0.026092 -0.706865
vn 0.000000 0.026092 -0.999660
vn 0.000000 -0.000061 -1.000000
vn 0.707107 -0.000060 -0.707106
vn 0.000000 0.026092 -0.999660
vn -0.706868 0.026092 -0.706864
vn -0.707109 -0.000061 -0.707105
vn 0.000000 -0.000061 -1.000000
vn -0.706868 0.026092 -0.706864
vn -0.999660 0.026091 0.000000
vn -1.000000 -0.000061 0.000000
vn -0.707109 -0.000061 -0.707105
vn -0.999660 0.026091 0.000000
vn -0.706864 0.026091 0.706868
vn -0.707105 -0.000060 0.707109
vn -1.000000 -0.000061 0.000000
vn -0.706864 0.026091 0.706868
vn 0.000000 0.026092 0.999660
vn 0.000000 -0.000060 1.000000
vn -0.707105 -0.000060 0.707109
vn 0.000000 0.026092 0.999660
vn 0.706862 0.026092 0.706870
vn 0.707103 -0.000060 0.707110
vn 0.000000 -0.000060 1.000000
vn 0.706862 0.026092 0.706870
vn 0.999660 0.026092 0.000000
vn 1.000000 -0.000061 0.000000
vn 0.707103 -0.000060 0.707110
vn 0.999660 0.026092 0.000000
vn 0.706867 0.026092 -0.706865
vn 0.707107 -0.000060 -0.707106
vn 1.000000 -0.000061 0.000000
vn 0.000000 1.000000 0.000000
vn 0.000000 1.000000 0.000000
vn 0.000000 1.000000 -0.000001
vn 0.000000 1.000000 0.000000
vn 0.000000 1.000000 -0.000004
vn 0.000000 1.000000 -0.000001
vn 0.000000 1.000000 -0.000004
vn 0.000000 1.000000 0.000000
vn 0.000000 1.000000 -0.000001
vn 0.000000 1.000000 0.000000
vn 0.000000 1.000000 0.000004
vn 0.000000 1.000000 -0.000001
vn 0.000000 1.000000 0.000004
vn 0.000000 1.000000 0.000000
vn 0.000000 1.000000 -0.000001
vn 0.000000 1.000000 0.000000
vn 0.000000 1.000000 -0.000004
vn 0.000000 1.000000 -0.000001
vn 0.000000 1.000000 -0.000004
vn 0.000000 1.000000 -0.000004
vn 0.000000 1.000000 -0.000001
vn 0.000000 1.000000 -0.000004
vn 0.000000 1.000000 0.000000
vn 0.000000 1.000000 -0.000001
vn 0.707107 -0.000060 -0.707106
vn 0.706493 -0.041666 -0.706492
vn 0.999132 -0.041666 0.000000
vn 1.000000 -0.000061 0.000000
vn 0.000000 -0.000061 -1.000000
vn 0.000000 -0.041666 -0.999132
vn 0.706493 -0.041666 -0.706492
vn 0.707107 -0.000060 -0.707106
vn -0.707109 -0.000061 -0.707105
vn -0.706495 -0.041666 -0.706491
vn 0.000000 -0.041666 -0.999132
vn 0.000000 -0.000061 -1.000000
vn -1.000000 -0.000061 0.000000
vn -0.999132 -0.041665 0.000000
vn -0.706495 -0.041666 -0.706491
vn -0.707109 -0.000061 -0.707105
vn -0.707105 -0.000060 0.707109
vn -0.706491 -0.041665 0.706495
vn -0.999132 -0.041665 0.000000
vn -1.000000 -0.000061 0.000000
vn 0.000000 -0.000060 1.000000
vn 0.000000 -0.041665 0.999132
vn -0.706491 -0.041665 0.706495
vn -0.707105 -0.000060 0.707109
vn 0.707103 -0.000060 0.707110
vn 0.706489 -0.041666 0.706496
vn 0.000000 -0.041665 0.999132
vn 0.000000 -0.000060 1.000000
vn 1.000000 -0.000061 0.000000
vn 0.999132 -0.041666 0.000000
vn 0.706489 -0.041666 0.706496
vn 0.707103 -0.000060 0.707110
vn 0.680080 0.273828 -0.680080
vn 0.680080 0.273828 -0.680080
vn 0.000001 0.273833 -0.961777
vn 0.000001 0.273833 -0.961777
vn 0.680080 0.273828 -0.680080
vn 0.680080 0.273828 -0.680080
vn 0.961779 0.273828 0.000000
vn 0.961779 0.273828 0.000000
vn 0.961779 0.273828 0.000000
vn 0.961779 0.273828 0.000000
vn 0.680077 0.273826 0.680085
vn 0.680077 0.273826 0.680084
vn 0.000001 0.273833 -0.961777
vn 0.000001 0.273833 -0.961777
vn -0.680081 0.273827 -0.680080
vn -0.680082 0.273827 -0.680079
vn -0.680082 0.273827 -0.680079
vn -0.680081 0.273827 -0.680080
vn -0.961779 0.273825 0.000000
vn -0.961780 0.273825 0.000000
vn -0.961780 0.273825 0.000000
vn -0.961779 0.273825 0.000000
vn -0.680078 0.273825 0.680084
vn -0.680078 0.273825 0.680084
vn -0.680078 0.273825 0.680084
vn -0.680078 0.273825 0.680084
vn 0.000002 0.273822 0.961780
vn 0.000002 0.273822 0.961780
vn 0.000002 0.273822 0.961780
vn 0.000002 0.273822 0.961780
vn 0.680077 0.273826 0.680084
vn 0.680077 0.273826 0.680085
vn 0.458608 0.761154 -0.458610
vn 0.458607 0.761154 -0.458611
vn 0.648568 0.761157 0.000001
vn 0.648568 0.761157 0.000000
vn 0.458607 0.761154 -0.458611
vn 0.458608 0.761154 -0.458610
vn 0.000000 0.761153 -0.648573
vn -0.000000 0.761153 -0.648573
vn -0.000000 0.761153 -0.648573
vn 0.000000 0.761153 -0.648573
vn -0.458612 0.761156 -0.458603
vn -0.458607 0.761156 -0.458607
vn -0.458607 0.761156 -0.458607
vn -0.458612 0.761156 -0.458603
vn -0.648569 0.761156 0.000001
vn -0.648569 0.761156 0.000001
vn -0.648569 0.761156 0.000001
vn -0.648569 0.761156 0.000001
vn -0.458611 0.761157 0.458603
vn -0.458608 0.761157 0.458606
vn -0.458608 0.761157 0.458606
vn -0.458611 0.761157 0.458603
vn 0.000000 0.761156 0.648569
vn -0.000001 0.761156 0.648569
vn -0.000001 0.761156 0.648569
vn 0.000000 0.761156 0.648569
vn 0.458604 0.761157 0.458609
vn 0.458605 0.761157 0.458608
vn 0.458605 0.761157 0.458608
vn 0.458604 0.761157 0.458609
vn 0.648568 0.761157 0.000000
vn 0.648568 0.761157 0.000001
vn 0.622263 -0.474951 -0.622263
vn 0.000000 -0.474953 -0.880011
vn 0.000000 -0.474953 -0.880011
vn 0.622264 -0.474951 -0.622262
vn 0.880012 -0.474952 -0.000001
vn 0.622263 -0.474951 -0.622263
vn 0.622264 -0.474951 -0.622262
vn 0.880012 -0.474952 0.000000
vn 0.622259 -0.474954 0.622264
vn 0.880012 -0.474952 -0.000001
vn 0.880012 -0.474952 0.000000
vn 0.622259 -0.474954 0.622264
vn 0.000000 -0.474953 0.880011
vn 0.622259 -0.474954 0.622264
vn 0.622259 -0.474954 0.622264
vn 0.000000 -0.474953 0.880011
vn -0.622261 -0.474955 0.622261
vn 0.000000 -0.474953 0.880011
vn 0.000000 -0.474953 0.880011
vn -0.622261 -0.474955 0.622261
vn -0.880011 -0.474953 0.000000
vn -0.622261 -0.474955 0.622261
vn -0.622261 -0.474955 0.622261
vn -0.880011 -0.474954 0.000001
vn -0.622265 -0.474952 -0.622260
vn -0.880011 -0.474953 0.000000
vn -0.880011 -0.474954 0.000001
vn -0.622266 -0.474952 -0.622258
vn 0.000000 -0.474953 -0.880011
vn -0.622265 -0.474952 -0.622260
vn -0.622266 -0.474952 -0.622258
vn 0.000000 -0.474953 -0.880011
vn 0.707099 0.004545 -0.707100
vn 0.000000 0.004544 -0.999990
vn 0.000000 0.004544 -0.999990
vn 0.707099 0.004545 -0.707100
vn 0.000000 0.004544 -0.999990
vn -0.707099 0.004546 -0.707100
vn -0.707099 0.004546 -0.707100
vn 0.000000 0.004544 -0.999990
vn -0.707099 0.004546 -0.707100
vn -0.999990 0.004546 -0.000000
vn -0.999990 0.004546 -0.000000
vn -0.707099 0.004546 -0.707100
vn -0.999990 0.004546 -0.000000
vn -0.707097 0.004546 0.707102
vn -0.707097 0.004546 0.707102
vn -0.999990 0.004546 -0.000000
vn -0.707097 0.004546 0.707102
vn 0.000000 0.004545 0.999990
vn 0.000000 0.004545 0.999990
vn -0.707097 0.004546 0.707102
vn 0.000000 0.004545 0.999990
vn 0.707097 0.004546 0.707102
vn 0.707097 0.004546 0.707102
vn 0.000000 0.004545 0.999990
vn 0.707097 0.004546 0.707102
vn 0.999990 0.004546 0.000000
vn 0.999990 0.004546 0.000000
vn 0.707097 0.004546 0.707102
vn 0.999990 0.004546 0.000000
vn 0.707099 0.004545 -0.707100
vn 0.707099 0.004545 -0.707100
vn 0.999990 0.004546 0.000000
vn 0.000000 -1.000000 0.000000
vn 0.000000 -1.000000 0.000000
vn 0.000000 -1.000000 0.000000
vn 0.000000 -1.000000 0.000000
vn 0.000000 -1.000000 0.000000
vn 0.000000 -1.000000 0.000000
vn 0.000000 -1.000000 0.000000
vn 0.000000 -1.000000 0.000000
vn 0.000000 -1.000000 0.000000
vn 0.000000 -1.000000 0.000000
vn 0.000000 -1.000000 0.000000
vn 0.000000 -1.000000 0.000000
vn 0.000000 -1.000000 0.000000
vn 0.000000 -1.000000 0.000000
vn 0.000000 -1.000000 0.000000
vn 0.000000 -1.000000 0.000000
vn 0.000000 -1.000000 0.000000
vn 0.000000 -1.000000 0.000000
vn 0.000000 -1.000000 0.000000
vn 0.000000 -1.000000 0.000000
vn 0.000000 -1.000000 0.000000
vn 0.000000 -1.000000 0.000000
vn 0.000000 -1.000000 0.000000
vn 0.000000 -1.000000 0.000000
vn 0.000000 1.000000 0.000000
vn -0.006176 0.999962 0.006179
vn 0.000000 0.999962 0.008735
vn 0.000000 1.000000 0.000000
vn 0.000000 0.999962 0.008735
vn 0.006176 0.999962 0.006176
vn 0.000000 1.000000 0.000000
vn 0.006176 0.999962 0.006176
vn 0.008735 0.999962 -0.000001
vn 0.000000 1.000000 0.000000
vn 0.008735 0.999962 -0.000001
vn 0.006176 0.999962 -0.006179
vn 0.000000 1.000000 0.000000
vn 0.006176 0.999962 -0.006179
vn -0.000000 0.999962 -0.008735
vn 0.000000 1.000000 0.000000
vn -0.000000 0.999962 -0.008735
vn -0.006176 0.999962 -0.006176
vn 0.000000 1.000000 0.000000
vn -0.006176 0.999962 -0.006176
vn -0.008735 0.999962 0.000001
vn 0.000000 1.000000 0.000000
vn -0.008735 0.999962 0.000001
vn -0.006176 0.999962 0.006179
vn 0.707074 0.009635 -0.707074
vn 0.000000 0.009634 -0.999954
vn 0.000000 0.009634 -0.999954
vn 0.707074 0.009635 -0.707074
vn 0.000000 0.009634 -0.999954
vn -0.707074 0.009634 -0.707074
vn -0.707074 0.009634 -0.707074
vn 0.000000 0.009634 -0.999954
vn -0.707074 0.009634 -0.707074
vn -0.999954 0.009634 0.000000
vn -0.999954 0.009634 0.000000
vn -0.707074 0.009634 -0.707074
vn -0.999954 0.009634 0.000000
vn -0.707073 0.009634 0.707075
vn -0.707074 0.009634 0.707075
vn -0.999954 0.009634 0.000000
vn -0.707073 0.009634 0.707075
vn -0.000002 0.009634 0.999954
vn -0.000002 0.009634 0.999954
vn -0.707074 0.009634 0.707075
vn -0.000002 0.009634 0.999954
vn 0.707073 0.009635 0.707075
vn 0.707074 0.009635 0.707074
vn -0.000002 0.009634 0.999954
vn 0.707073 0.009635 0.707075
vn 0.999954 0.009635 0.000000
vn 0.999954 0.009635 0.000000
vn 0.707074 0.009635 0.707074
vn 0.999954 0.009635 0.000000
vn 0.707074 0.009635 -0.707074
vn 0.707074 0.009635 -0.707074
vn 0.999954 0.009635 0.000000
vn 0.006176 -0.999962 -0.006176
vn 0.000000 -0.999962 -0.008736
vn 0.000000 -0.999962 -0.008736
vn 0.006176 -0.999962 -0.006176
vn 0.000000 -0.999962 -0.008736
vn -0.006176 -0.999962 -0.006177
vn -0.006176 -0.999962 -0.006177
vn 0.000000 -0.999962 -0.008736
vn -0.006176 -0.999962 -0.006177
vn -0.008735 -0.999962 -0.000001
vn -0.008735 -0.999962 -0.000001
vn -0.006176 -0.999962 -0.006177
vn -0.008735 -0.999962 -0.000001
vn -0.006176 -0.999962 0.006176
vn -0.006176 -0.999962 0.006176
vn -0.008735 -0.999962 -0.000001
vn -0.006176 -0.999962 0.006176
vn 0.000000 -0.999962 0.008736
vn 0.000000 -0.999962 0.008736
vn -0.006176 -0.999962 0.006176
vn 0.000000 -0.999962 0.008736
vn 0.006176 -0.999962 0.006178
vn 0.006176 -0.999962 0.006177
vn 0.000000 -0.999962 0.008736
vn 0.006176 -0.999962 0.006178
vn 0.008735 -0.999962 0.000001
vn 0.008735 -0.999962 0.000001
vn 0.006176 -0.999962 0.006177
vn 0.008735 -0.999962 0.000001
vn 0.006176 -0.999962 -0.006176
vn 0.006176 -0.999962 -0.006176
vn 0.008735 -0.999962 0.000001
vn 0.707098 0.004544 -0.707101
vn 0.000000 0.004544 -0.999990
vn 0.000000 0.004544 -0.999990
vn 0.707098 0.004544 -0.707101
vn 0.000000 0.004544 -0.999990
vn -0.707101 0.004544 -0.707098
vn -0.707101 0.004544 -0.707098
vn 0.000000 0.004544 -0.999990
vn -0.707101 0.004544 -0.707098
vn -0.999990 0.004544 -0.000000
vn -0.999990 0.004544 0.000000
vn -0.707101 0.004544 -0.707098
vn -0.999990 0.004544 -0.000000
vn -0.707098 0.004545 0.707101
vn -0.707098 0.004545 0.707101
vn -0.999990 0.004544 0.000000
vn -0.707098 0.004545 0.707101
vn 0.000000 0.004545 0.999990
vn 0.000000 0.004545 0.999990
vn -0.707098 0.004545 0.707101
vn 0.000000 0.004545 0.999990
vn 0.707095 0.004543 0.707104
vn 0.707095 0.004543 0.707104
vn 0.000000 0.004545 0.999990
vn 0.707095 0.004543 0.707104
vn 0.999990 0.004542 0.000000
vn 0.999990 0.004542 0.000000
vn 0.707095 0.004543 0.707104
vn 0.999990 0.004542 0.000000
vn 0.707098 0.004544 -0.707101
vn 0.707098 0.004544 -0.707101
vn 0.999990 0.004542 0.000000
vn 0.000000 -1.000000 0.000000
vn 0.000000 -1.000000 0.000000
vn 0.000000 -1.000000 0.000000
vn 0.000000 -1.000000 0.000000
vn 0.000000 -1.000000 0.000000
vn 0.000000 -1.000000 0.000000
vn 0.000000 -1.000000 0.000000
vn 0.000000 -1.000000 0.000000
vn 0.000000 -1.000000 0.000000
vn 0.000000 -1.000000 0.000000
vn 0.000000 -1.000000 0.000000
vn 0.000000 -1.000000 0.000000
vn 0.000000 -1.000000 0.000000
vn 0.000000 -1.000000 0.000000
vn 0.000000 -1.000000 0.000000
vn 0.000000 -1.000000 0.000000
vn 0.000000 -1.000000 0.000000
vn 0.000000 -1.000000 0.000000
vn 0.000000 -1.000000 0.000000
vn 0.000000 -1.000000 0.000000
vn 0.000000 -1.000000 0.000000
vn 0.000000 -1.000000 0.000000
vn 0.000000 -1.000000 0.000000
vn 0.000000 -1.000000 0.000000
vn 0.000000 1.000000 0.000000
vn -0.006176 0.999962 0.006179
vn 0.000000 0.999962 0.008735
vn 0.000000 1.000000 0.000000
vn 0.000000 0.999962 0.008735
vn 0.006176 0.999962 0.006176
vn 0.000000 1.000000 0.000000
vn 0.006176 0.999962 0.006176
vn 0.008735 0.999962 -0.000001
vn 0.000000 1.000000 0.000000
vn 0.008735 0.999962 -0.000001
vn 0.006176 0.999962 -0.006179
vn 0.000000 1.000000 0.000000
vn 0.006176 0.999962 -0.006179
vn 0.000000 0.999962 -0.008735
vn 0.000000 1.000000 0.000000
vn 0.000000 0.999962 -0.008735
vn -0.006176 0.999962 -0.006176
vn 0.000000 1.000000 0.000000
vn -0.006176 0.999962 -0.006176
vn -0.008734 0.999962 0.000001
vn 0.000000 1.000000 0.000000
vn -0.008734 0.999962 0.000001
vn -0.006176 0.999962 0.006179
vn 0.707072 0.009635 -0.707076
vn 0.000000 0.009634 -0.999954
vn 0.000000 0.009634 -0.999954
vn 0.707072 0.009635 -0.707076
vn 0.000000 0.009634 -0.999954
vn -0.707076 0.009634 -0.707072
vn -0.707076 0.009634 -0.707071
vn 0.000000 0.009634 -0.999954
vn -0.707076 0.009634 -0.707072
vn -0.999954 0.009634 0.000000
vn -0.999954 0.009634 0.000000
vn -0.707076 0.009634 -0.707071
vn -0.999954 0.009634 0.000000
vn -0.707076 0.009634 0.707072
vn -0.707076 0.009634 0.707071
vn -0.999954 0.009634 0.000000
vn -0.707076 0.009634 0.707072
vn -0.000002 0.009634 0.999954
vn -0.000002 0.009634 0.999954
vn -0.707076 0.009634 0.707071
vn -0.000002 0.009634 0.999954
vn 0.707072 0.009635 0.707076
vn 0.707072 0.009635 0.707076
vn -0.000002 0.009634 0.999954
vn 0.707072 0.009635 0.707076
vn 0.999954 0.009635 0.000000
vn 0.999954 0.009635 0.000000
vn 0.707072 0.009635 0.707076
vn 0.999954 0.009635 0.000000
vn 0.707072 0.009635 -0.707076
vn 0.707072 0.009635 -0.707076
vn 0.999954 0.009635 0.000000
vn 0.006176 -0.999962 -0.006177
vn 0.000000 -0.999962 -0.008736
vn 0.000000 -0.999962 -0.008736
vn 0.006176 -0.999962 -0.006177
vn 0.000000 -0.999962 -0.008736
vn -0.006176 -0.999962 -0.006178
vn -0.006176 -0.999962 -0.006178
vn 0.000000 -0.999962 -0.008736
vn -0.006176 -0.999962 -0.006178
vn -0.008735 -0.999962 -0.000001
vn -0.008735 -0.999962 -0.000001
vn -0.006176 -0.999962 -0.006178
vn -0.008735 -0.999962 -0.000001
vn -0.006176 -0.999962 0.006176
vn -0.006176 -0.999962 0.006176
vn -0.008735 -0.999962 -0.000001
vn -0.006176 -0.999962 0.006176
vn 0.000000 -0.999962 0.008736
vn 0.000000 -0.999962 0.008736
vn -0.006176 -0.999962 0.006176
vn 0.000000 -0.999962 0.008736
vn 0.006176 -0.999962 0.006179
vn 0.006176 -0.999962 0.006179
vn 0.000000 -0.999962 0.008736
vn 0.006176 -0.999962 0.006179
vn 0.008735 -0.999962 0.000001
vn 0.008735 -0.999962 0.000001
vn 0.006176 -0.999962 0.006179
vn 0.008735 -0.999962 0.000001
vn 0.006176 -0.999962 -0.006177
vn 0.006176 -0.999962 -0.006177
vn 0.008735 -0.999962 0.000001
vn 0.000000 0.000000 -1.000000
vn 0.000000 0.000000 -1.000000
vn 0.000000 0.000000 -1.000000
vn 0.000000 0.000000 -1.000000
vn -0.866025 0.000000 -0.500000
vn -0.866025 0.000000 -0.500000
vn -0.866025 0.000000 -0.500000
vn -0.866025 0.000000 -0.500000
vn 0.000000 -1.000000 0.000000
vn 0.000000 -1.000000 0.000000
vn 0.000000 -1.000000 0.000000
vn 0.000000 -1.000000 0.000000
vn 0.000000 -1.000000 0.000000
vn 0.000000 -1.000000 0.000000
vn 0.000000 -1.000000 0.000000
vn 0.000000 1.000000 0.000000
vn 0.000000 1.000000 0.000000
vn 0.000000 1.000000 0.000000
vn 0.000000 1.000000 0.000000
vn 0.000000 1.000000 0.000000
vn 0.000000 1.000000 0.000000
vn 0.000000 1.000000 0.000000
vn 0.707099 0.004543 -0.707100
vn 0.000000 0.004545 -0.999990
vn 0.000000 0.004545 -0.999990
vn 0.707099 0.004543 -0.707100
vn 0.000000 0.004545 -0.999990
vn -0.707099 0.004544 -0.707100
vn -0.707099 0.004544 -0.707100
vn 0.000000 0.004545 -0.999990
vn -0.707099 0.004544 -0.707100
vn -0.999990 0.004542 -0.000000
vn -0.999990 0.004542 -0.000000
vn -0.707099 0.004544 -0.707100
vn -0.999990 0.004542 -0.000000
vn -0.707098 0.004543 0.707101
vn -0.707098 0.004543 0.707101
vn -0.999990 0.004542 -0.000000
vn -0.707098 0.004543 0.707101
vn 0.000000 0.004544 0.999990
vn 0.000000 0.004544 0.999990
vn -0.707098 0.004543 0.707101
vn 0.000000 0.004544 0.999990
vn 0.707098 0.004544 0.707101
vn 0.707098 0.004544 0.707101
vn 0.000000 0.004544 0.999990
vn 0.707098 0.004544 0.707101
vn 0.999990 0.004543 0.000000
vn 0.999990 0.004543 0.000000
vn 0.707098 0.004544 0.707101
vn 0.999990 0.004543 0.000000
vn 0.707099 0.004543 -0.707100
vn 0.707099 0.004543 -0.707100
vn 0.999990 0.004543 0.000000
vn 0.000000 -1.000000 0.000000
vn 0.000000 -1.000000 0.000000
vn 0.000000 -1.000000 0.000000
vn 0.000000 -1.000000 0.000000
vn 0.000000 -1.000000 0.000000
vn 0.000000 -1.000000 0.000000
vn 0.000000 -1.000000 0.000000
vn 0.000000 -1.000000 0.000000
vn 0.000000 -1.000000 0.000000
vn 0.000000 -1.000000 0.000000
vn 0.000000 -1.000000 0.000000
vn 0.000000 -1.000000 0.000000
vn 0.000000 -1.000000 0.000000
vn 0.000000 -1.000000 0.000000
vn 0.000000 -1.000000 0.000000
vn 0.000000 -1.000000 0.000000
vn 0.000000 -1.000000 0.000000
vn 0.000000 -1.000000 0.000000
vn 0.000000 -1.000000 0.000000
vn 0.000000 -1.000000 0.000000
vn 0.000000 -1.000000 0.000000
vn 0.000000 -1.000000 0.000000
vn 0.000000 -1.000000 0.000000
vn 0.000000 -1.000000 0.000000
vn 0.000000 1.000000 0.000000
vn -0.006176 0.999962 0.006179
vn 0.000000 0.999962 0.008735
vn 0.000000 1.000000 0.000000
vn 0.000000 0.999962 0.008735
vn 0.006176 0.999962 0.006176
vn 0.000000 1.000000 0.000000
vn 0.006176 0.999962 0.006176
vn 0.008735 0.999962 -0.000001
vn 0.000000 1.000000 0.000000
vn 0.008735 0.999962 -0.000001
vn 0.006176 0.999962 -0.006179
vn 0.000000 1.000000 0.000000
vn 0.006176 0.999962 -0.006179
vn 0.000000 0.999962 -0.008735
vn 0.000000 1.000000 0.000000
vn 0.000000 0.999962 -0.008735
vn -0.006176 0.999962 -0.006176
vn 0.000000 1.000000 0.000000
vn -0.006176 0.999962 -0.006176
vn -0.008735 0.999962 0.000001
vn 0.000000 1.000000 0.000000
vn -0.008735 0.999962 0.000001
vn -0.006176 0.999962 0.006179
vn 0.707073 0.009634 -0.707075
vn -0.000000 0.009634 -0.999954
vn -0.000000 0.009634 -0.999954
vn 0.707073 0.009634 -0.707075
vn -0.000000 0.009634 -0.999954
vn -0.707073 0.009634 -0.707075
vn -0.707073 0.009634 -0.707075
vn -0.000000 0.009634 -0.999954
vn -0.707073 0.009634 -0.707075
vn -0.999954 0.009634 0.000000
vn -0.999954 0.009634 0.000000
vn -0.707073 0.009634 -0.707075
vn -0.999954 0.009634 0.000000
vn -0.707074 0.009634 0.707074
vn -0.707074 0.009634 0.707074
vn -0.999954 0.009634 0.000000
vn -0.707074 0.009634 0.707074
vn -0.000004 0.009634 0.999954
vn -0.000004 0.009634 0.999954
vn -0.707074 0.009634 0.707074
vn -0.000004 0.009634 0.999954
vn 0.707074 0.009634 0.707074
vn 0.707074 0.009634 0.707074
vn -0.000004 0.009634 0.999954
vn 0.707074 0.009634 0.707074
vn 0.999954 0.009634 0.000000
vn 0.999954 0.009634 0.000000
vn 0.707074 0.009634 0.707074
vn 0.999954 0.009634 0.000000
vn 0.707073 0.009634 -0.707075
vn 0.707073 0.009634 -0.707075
vn 0.999954 0.009634 0.000000
vn 0.006176 -0.999962 -0.006176
vn 0.000000 -0.999962 -0.008736
vn 0.000000 -0.999962 -0.008736
vn 0.006176 -0.999962 -0.006176
vn 0.000000 -0.999962 -0.008736
vn -0.006176 -0.999962 -0.006177
vn -0.006176 -0.999962 -0.006177
vn 0.000000 -0.999962 -0.008736
vn -0.006176 -0.999962 -0.006177
vn -0.008735 -0.999962 -0.000001
vn -0.008735 -0.999962 -0.000001
vn -0.006176 -0.999962 -0.006177
vn -0.008735 -0.999962 -0.000001
vn -0.006176 -0.999962 0.006176
vn -0.006177 -0.999962 0.006176
vn -0.008735 -0.999962 -0.000001
vn -0.006176 -0.999962 0.006176
vn 0.000000 -0.999962 0.008736
vn 0.000000 -0.999962 0.008736
vn -0.006177 -0.999962 0.006176
vn 0.000000 -0.999962 0.008736
vn 0.006176 -0.999962 0.006178
vn 0.006176 -0.999962 0.006178
vn 0.000000 -0.999962 0.008736
vn 0.006176 -0.999962 0.006178
vn 0.008735 -0.999962 0.000001
vn 0.008735 -0.999962 0.000001
vn 0.006176 -0.999962 0.006178
vn 0.008735 -0.999962 0.000001
vn 0.006176 -0.999962 -0.006176
vn 0.006176 -0.999962 -0.006176
vn 0.008735 -0.999962 0.000001
vn 0.707096 0.004816 -0.707101
vn -0.000000 0.004816 -0.999988
vn -0.000000 0.004816 -0.999988
vn 0.707096 0.004816 -0.707101
vn -0.000000 0.004816 -0.999988
vn -0.707096 0.004815 -0.707101
vn -0.707096 0.004815 -0.707101
vn -0.000000 0.004816 -0.999988
vn -0.707096 0.004815 -0.707101
vn -0.999988 0.004814 0.000000
vn -0.999988 0.004814 0.000000
vn -0.707096 0.004815 -0.707101
vn -0.999988 0.004814 0.000000
vn -0.707096 0.004815 0.707101
vn -0.707096 0.004815 0.707101
vn -0.999988 0.004814 0.000000
vn -0.707096 0.004815 0.707101
vn 0.000000 0.004816 0.999988
vn 0.000000 0.004816 0.999988
vn -0.707096 0.004815 0.707101
vn 0.000000 0.004816 0.999988
vn 0.707096 0.004816 0.707101
vn 0.707096 0.004816 0.707101
vn 0.000000 0.004816 0.999988
vn 0.707096 0.004816 0.707101
vn 0.999988 0.004815 0.000000
vn 0.999988 0.004815 0.000000
vn 0.707096 0.004816 0.707101
vn 0.999988 0.004815 0.000000
vn 0.707096 0.004816 -0.707101
vn 0.707096 0.004816 -0.707101
vn 0.999988 0.004815 0.000000
vn 0.000000 -1.000000 0.000000
vn 0.000000 -1.000000 0.000000
vn 0.000000 -1.000000 0.000000
vn 0.000000 -1.000000 0.000000
vn 0.000000 -1.000000 0.000000
vn 0.000000 -1.000000 0.000000
vn 0.000000 -1.000000 0.000000
vn 0.000000 -1.000000 0.000000
vn 0.000000 -1.000000 0.000000
vn 0.000000 -1.000000 0.000000
vn 0.000000 -1.000000 0.000000
vn 0.000000 -1.000000 0.000000
vn 0.000000 -1.000000 0.000000
vn 0.000000 -1.000000 0.000000
vn 0.000000 -1.000000 0.000000
vn 0.000000 -1.000000 0.000000
vn 0.000000 -1.000000 0.000000
vn 0.000000 -1.000000 0.000000
vn 0.000000 -1.000000 0.000000
vn 0.000000 -1.000000 0.000000
vn 0.000000 -1.000000 0.000000
vn 0.000000 -1.000000 0.000000
vn 0.000000 -1.000000 0.000000
vn 0.000000 -1.000000 0.000000
vn 0.000000 1.000000 0.000000
vn -0.006176 0.999962 0.006179
vn 0.000000 0.999962 0.008735
vn 0.000000 1.000000 0.000000
vn 0.000000 0.999962 0.008735
vn 0.006176 0.999962 0.006176
vn 0.000000 1.000000 0.000000
vn 0.006176 0.999962 0.006176
vn 0.008735 0.999962 -0.000001
vn 0.000000 1.000000 0.000000
vn 0.008735 0.999962 -0.000001
vn 0.006176 0.999962 -0.006179
vn 0.000000 1.000000 0.000000
vn 0.006176 0.999962 -0.006179
vn 0.000000 0.999962 -0.008735
vn 0.000000 1.000000 0.000000
vn 0.000000 0.999962 -0.008735
vn -0.006176 0.999962 -0.006176
vn 0.000000 1.000000 0.000000
vn -0.006176 0.999962 -0.006176
vn -0.008735 0.999962 0.000001
vn 0.000000 1.000000 0.000000
vn -0.008735 0.999962 0.000001
vn -0.006176 0.999962 0.006179
vn 0.707074 0.009648 -0.707074
vn 0.000000 0.009648 -0.999954
vn 0.000000 0.009648 -0.999953
vn 0.707074 0.009648 -0.707074
vn 0.000000 0.009648 -0.999954
vn -0.707074 0.009648 -0.707074
vn -0.707074 0.009648 -0.707074
vn 0.000000 0.009648 -0.999953
vn -0.707074 0.009648 -0.707074
vn -0.999954 0.009648 -0.000000
vn -0.999954 0.009648 0.000000
vn -0.707074 0.009648 -0.707074
vn -0.999954 0.009648 -0.000000
vn -0.707074 0.009648 0.707074
vn -0.707074 0.009648 0.707074
vn -0.999954 0.009648 0.000000
vn -0.707074 0.009648 0.707074
vn -0.000007 0.009648 0.999954
vn -0.000007 0.009648 0.999954
vn -0.707074 0.009648 0.707074
vn -0.000007 0.009648 0.999954
vn 0.707074 0.009648 0.707074
vn 0.707074 0.009648 0.707074
vn -0.000007 0.009648 0.999954
vn 0.707074 0.009648 0.707074
vn 0.999954 0.009648 0.000000
vn 0.999954 0.009648 0.000000
vn 0.707074 0.009648 0.707074
vn 0.999954 0.009648 0.000000
vn 0.707074 0.009648 -0.707074
vn 0.707074 0.009648 -0.707074
vn 0.999954 0.009648 0.000000
vn 0.006176 -0.999962 -0.006176
vn 0.000000 -0.999962 -0.008733
vn 0.000000 -0.999962 -0.008733
vn 0.006176 -0.999962 -0.006176
vn 0.000000 -0.999962 -0.008733
vn -0.006176 -0.999962 -0.006177
vn -0.006176 -0.999962 -0.006177
vn 0.000000 -0.999962 -0.008733
vn -0.006176 -0.999962 -0.006177
vn -0.008735 -0.999962 -0.000001
vn -0.008735 -0.999962 -0.000001
vn -0.006176 -0.999962 -0.006177
vn -0.008735 -0.999962 -0.000001
vn -0.006176 -0.999962 0.006176
vn -0.006176 -0.999962 0.006176
vn -0.008735 -0.999962 -0.000001
vn -0.006176 -0.999962 0.006176
vn 0.000000 -0.999962 0.008733
vn 0.000000 -0.999962 0.008733
vn -0.006176 -0.999962 0.006176
vn 0.000000 -0.999962 0.008733
vn 0.006176 -0.999962 0.006177
vn 0.006176 -0.999962 0.006177
vn 0.000000 -0.999962 0.008733
vn 0.006176 -0.999962 0.006177
vn 0.008735 -0.999962 0.000001
vn 0.008735 -0.999962 0.000001
vn 0.006176 -0.999962 0.006177
vn 0.008735 -0.999962 0.000001
vn 0.006176 -0.999962 -0.006176
vn 0.006176 -0.999962 -0.006176
vn 0.008735 -0.999962 0.000001
vn 0.000000 0.000000 -1.000000
vn 0.000000 0.000000 -1.000000
vn 0.000000 0.000000 -1.000000
vn 0.000000 0.000000 -1.000000
vn -0.868147 0.000000 -0.496307
vn -0.868147 0.000000 -0.496307
vn -0.868147 0.000000 -0.496307
vn -0.868147 0.000000 -0.496307
vn 0.000000 -1.000000 0.000000
vn 0.000000 -1.000000 0.000000
vn 0.000000 -1.000000 0.000000
vn 0.000000 -1.000000 0.000000
vn 0.000000 1.000000 0.000000
vn 0.000000 1.000000 0.000000
vn 0.000000 1.000000 0.000000
vn 0.000000 1.000000 0.000000
vn 0.000000 -1.000000 -0.000001
vn 0.000000 -1.000000 -0.000001
vn 0.000000 -1.000000 -0.000001
vn 0.000000 -1.000000 -0.000001
vn 0.000000 1.000000 0.000000
vn 0.000000 1.000000 0.000000
vn 0.000000 1.000000 0.000000
vn 0.000000 1.000000 0.000000
vn 0.868237 0.000000 0.496150
vn 0.868237 0.000000 0.496150
vn 0.868237 0.000000 0.496150
vn 0.868237 0.000000 0.496150
vn 0.000000 0.000000 1.000000
vn 0.000000 0.000000 1.000000
vn 0.000000 0.000000 1.000000
vn 0.000000 0.000000 1.000000
vn -0.868236 0.000000 0.496151
vn -0.868237 0.000000 0.496150
vn -0.868237 0.000000 0.496150
vn -0.868237 0.000000 0.496150
vn 0.000000 1.000000 -0.000001
vn 0.000000 1.000000 -0.000001
vn 0.000000 1.000000 -0.000001
vn 0.000000 1.000000 -0.000001
vn 0.000000 0.000000 0.000000
vn 0.000000 0.000000 0.000000
vn 0.000000 0.000000 0.000000
vn 0.000000 1.000000 -0.000001
vn 0.000000 1.000000 0.000000
vn 0.000000 1.000000 0.000000
vn 0.000000 1.000000 0.000000
vn 0.000000 1.000000 0.000000
vn 0.000000 1.000000 0.000000
vn 0.500002 0.000079 -0.866024
vn 0.500002 0.000079 -0.866024
vn 0.500002 0.000079 -0.866024
vn 0.500002 0.000079 -0.866024
vn 0.116666 -0.883937 0.452819
vn -0.445377 -0.886272 0.127124
vn -0.000459 -1.000000 0.000000
vn 0.256144 0.858838 -0.443607
vn 0.256144 0.858838 -0.443607
vn 0.276364 0.834348 -0.476955
vn 0.276018 0.834789 -0.476384
vn 0.442943 -0.887203 0.129119
vn -0.116666 -0.883937 0.452818
vn -0.000459 -1.000000 0.000000
vn -0.500004 0.000082 -0.866023
vn -0.500004 0.000082 -0.866023
vn -0.500004 0.000082 -0.866023
vn -0.500004 0.000082 -0.866023
vn -0.256139 0.858839 -0.443608
vn -0.256139 0.858839 -0.443608
vn -0.276015 0.834789 -0.476385
vn -0.276362 0.834348 -0.476957
vn 0.276018 0.834789 -0.476384
vn 0.276364 0.834348 -0.476955
vn 0.322539 0.768865 -0.552101
vn 0.323004 0.768134 -0.552845
vn -0.276362 0.834348 -0.476957
vn -0.276015 0.834789 -0.476385
vn -0.323005 0.768135 -0.552845
vn -0.322539 0.768866 -0.552100
vn 0.338185 0.743345 -0.577121
vn 0.338185 0.743345 -0.577121
vn 0.323004 0.768134 -0.552845
vn 0.322539 0.768865 -0.552101
vn -0.338187 0.743346 -0.577119
vn -0.338187 0.743346 -0.577119
vn -0.322539 0.768866 -0.552100
vn -0.323005 0.768135 -0.552845
vn -0.000018 0.000069 -1.000000
vn -0.000011 0.000069 -1.000000
vn 0.000006 0.000034 -1.000000
vn 0.000006 0.000034 -1.000000
vn -0.866025 -0.000001 -0.500001
vn -0.866025 0.000000 -0.500001
vn -0.866025 0.000000 -0.500001
vn -0.866025 -0.000001 -0.500001
vn 0.866025 0.000000 -0.500000
vn 0.866025 0.000000 -0.500000
vn 0.866026 0.000000 -0.500000
vn 0.866026 0.000000 -0.500000
vn -0.445377 -0.886272 0.127124
vn -0.517756 -0.850638 0.091343
vn -0.000459 -1.000000 0.000000
vn -0.070958 0.698052 -0.712523
vn -0.104183 0.686943 -0.719205
vn -0.000499 0.662708 -0.748878
vn -0.000388 0.679596 -0.733586
vn 0.640565 0.708062 -0.297193
vn 0.659211 0.701653 -0.270415
vn 0.649504 0.729137 -0.215646
vn 0.634720 0.731165 -0.250057
vn -0.612618 0.712564 -0.341982
vn -0.624142 0.697889 -0.351280
vn -0.637991 0.674331 -0.371813
vn -0.636677 0.673331 -0.375856
vn 0.636229 0.676219 -0.371404
vn 0.621245 0.699794 -0.352623
vn 0.609576 0.713825 -0.344778
vn 0.633910 0.675185 -0.377205
vn -0.647367 0.731598 -0.213730
vn -0.657366 0.705198 -0.265641
vn -0.640412 0.709585 -0.293874
vn -0.633668 0.732418 -0.249057
vn 0.000372 0.698024 -0.716074
vn 0.000831 0.687326 -0.726349
vn 0.001196 0.686560 -0.727072
vn -0.012095 0.703377 -0.710714
vn 0.634720 0.731165 -0.250057
vn 0.609576 0.713825 -0.344778
vn 0.621245 0.699794 -0.352623
vn 0.640565 0.708062 -0.297193
vn -0.612618 0.712564 -0.341982
vn -0.633668 0.732418 -0.249057
vn -0.640412 0.709585 -0.293874
vn -0.624142 0.697889 -0.351280
vn -0.012095 0.703377 -0.710714
vn -0.070958 0.698052 -0.712523
vn -0.000388 0.679596 -0.733586
vn 0.000372 0.698024 -0.716074
vn 0.000000 1.000000 0.000003
vn 0.000000 1.000000 0.000003
vn 0.000000 1.000000 0.000003
vn 0.000000 1.000000 -0.000002
vn 0.000000 1.000000 -0.000002
vn 0.000000 1.000000 -0.000002
vn -0.445377 -0.886272 0.127124
vn 0.116666 -0.883937 0.452819
vn 0.000041 -1.000000 -0.000069
vn 0.000041 -1.000000 -0.000069
vn -0.866003 -0.000131 -0.500040
vn -0.858142 -0.016548 -0.513146
vn -0.858141 -0.016549 -0.513147
vn -0.866003 -0.000131 -0.500039
vn 0.858150 0.016480 0.513134
vn 0.866038 -0.000127 0.499979
vn 0.866038 -0.000127 0.499979
vn 0.858150 0.016481 0.513135
vn -0.858142 -0.016548 -0.513146
vn -0.860532 -0.010670 -0.509285
vn -0.860536 -0.010661 -0.509279
vn -0.858141 -0.016549 -0.513147
vn 0.860548 0.010629 0.509259
vn 0.858150 0.016480 0.513134
vn 0.858150 0.016481 0.513135
vn 0.860546 0.010634 0.509262
vn -0.860532 -0.010670 -0.509285
vn -0.873809 0.007902 -0.486205
vn -0.873765 0.007875 -0.486285
vn -0.860536 -0.010661 -0.509279
vn 0.873843 -0.007944 0.486144
vn 0.860548 0.010629 0.509259
vn 0.860546 0.010634 0.509262
vn 0.873790 -0.007911 0.486239
vn 0.880142 -0.011864 0.474563
vn 0.873843 -0.007944 0.486144
vn 0.873790 -0.007911 0.486239
vn 0.880142 -0.011864 0.474563
vn -0.873809 0.007902 -0.486205
vn -0.880085 0.011808 -0.474669
vn -0.880085 0.011808 -0.474669
vn -0.873765 0.007875 -0.486285
vn -0.116666 -0.883937 0.452818
vn 0.442943 -0.887203 0.129119
vn -0.000041 -1.000000 -0.000068
vn -0.000041 -1.000000 -0.000068
vn -0.866036 -0.000135 0.499981
vn -0.858149 0.016469 0.513136
vn -0.858149 0.016471 0.513137
vn -0.866036 -0.000135 0.499981
vn 0.858139 -0.016527 -0.513151
vn 0.866003 -0.000127 -0.500038
vn 0.866003 -0.000127 -0.500038
vn 0.858139 -0.016528 -0.513152
vn -0.858149 0.016469 0.513136
vn -0.860547 0.010624 0.509260
vn -0.860544 0.010631 0.509265
vn -0.858149 0.016471 0.513137
vn 0.860528 -0.010650 -0.509291
vn 0.858139 -0.016527 -0.513151
vn 0.858139 -0.016528 -0.513152
vn 0.860532 -0.010641 -0.509285
vn -0.860547 0.010624 0.509260
vn -0.873844 -0.007937 0.486142
vn -0.873793 -0.007906 0.486234
vn -0.860544 0.010631 0.509265
vn 0.873808 0.007909 -0.486207
vn 0.860528 -0.010650 -0.509291
vn 0.860532 -0.010641 -0.509285
vn 0.873765 0.007882 -0.486284
vn 0.880087 0.011811 -0.474665
vn 0.873808 0.007909 -0.486207
vn 0.873765 0.007882 -0.486284
vn 0.880087 0.011811 -0.474665
vn -0.873844 -0.007937 0.486142
vn -0.880146 -0.011858 0.474554
vn -0.880146 -0.011858 0.474554
vn -0.873793 -0.007906 0.486234
vn 0.000000 1.000000 0.000001
vn 0.000000 1.000000 0.000001
vn 0.000000 1.000000 0.000001
vn 0.000000 1.000000 0.000001
vn 0.000000 1.000000 -0.000001
vn 0.000000 1.000000 -0.000001
vn 0.000000 1.000000 0.000000
vn 0.000000 1.000000 0.000000
vn 0.866026 0.000000 -0.499999
vn 0.866026 0.000000 -0.499999
vn 0.866026 0.000000 -0.499998
vn 0.866026 0.000000 -0.499998
vn -0.849363 0.000000 0.527809
vn -0.849364 0.000000 0.527808
vn -0.849364 0.000000 0.527808
vn -0.849363 0.000000 0.527809
vn 0.000000 0.000000 -1.000000
vn 0.000000 0.000000 -1.000000
vn 0.000000 0.000000 -1.000000
vn 0.000000 0.000000 -1.000000
vn 0.000000 0.000000 1.000000
vn 0.000000 0.000000 1.000000
vn 0.000000 0.000000 1.000000
vn 0.000000 0.000000 1.000000
vn -0.866026 0.000000 -0.499998
vn -0.866026 0.000000 -0.499999
vn -0.866026 0.000000 -0.499999
vn -0.866026 0.000000 -0.499998
vn 0.875993 0.000000 0.482324
vn 0.875993 0.000000 0.482324
vn 0.875992 0.000000 0.482326
vn 0.875992 0.000000 0.482326
vn 0.000006 0.000034 -1.000000
vn 0.000006 0.000034 -1.000000
vn 0.000001 0.000000 -1.000000
vn 0.000000 0.000000 -1.000000
vn -0.000388 0.679596 -0.733586
vn -0.000499 0.662708 -0.748878
vn 0.104484 0.687485 -0.718643
vn 0.071056 0.697747 -0.712811
vn 0.000372 0.698024 -0.716074
vn -0.000388 0.679596 -0.733586
vn 0.071056 0.697747 -0.712811
vn 0.011956 0.702842 -0.711245
vn 0.011956 0.702842 -0.711245
vn -0.001011 0.687350 -0.726326
vn 0.000831 0.687326 -0.726349
vn 0.000372 0.698024 -0.716074
vn 0.000000 0.000000 -1.000000
vn 0.000000 0.000000 -1.000000
vn 0.000000 0.000000 -1.000000
vn 0.000000 0.000000 -1.000000
vn 0.000000 1.000000 0.000001
vn 0.000000 1.000000 0.000001
vn 0.000000 1.000000 0.000000
vn 0.000000 1.000000 0.000000
vn 0.000000 0.000000 1.000000
vn 0.000000 0.000000 1.000000
vn 0.000000 0.000000 1.000000
vn 0.000000 0.000000 1.000000
vn -0.866025 -0.000002 -0.500000
vn -0.866025 -0.000002 -0.500000
vn -0.864664 -0.000003 -0.502351
vn -0.864248 -0.000003 -0.503066
vn -0.628469 0.686147 -0.366372
vn -0.638236 0.673746 -0.372454
vn -0.561993 0.703437 -0.435133
vn -0.579677 0.708586 -0.402345
vn -0.622332 0.693256 -0.363454
vn -0.628469 0.686147 -0.366372
vn -0.579677 0.708586 -0.402345
vn -0.618209 0.699359 -0.358769
vn -0.636871 0.676142 -0.370442
vn -0.622332 0.693256 -0.363454
vn -0.618209 0.699359 -0.358769
vn -0.643578 0.673614 -0.363390
vn -0.866026 0.000000 -0.500000
vn -0.866026 0.000000 -0.500000
vn -0.862696 0.000000 -0.505723
vn -0.862696 0.000000 -0.505723
vn 0.000000 1.000000 0.000000
vn 0.000000 1.000000 0.000000
vn 0.000000 1.000000 0.000000
vn 0.000000 1.000000 0.000000
vn 0.872727 0.000000 0.488208
vn 0.872727 0.000000 0.488208
vn 0.875994 0.000000 0.482322
vn 0.875994 0.000000 0.482322
vn -0.849364 0.000000 0.527808
vn -0.849364 0.000000 0.527808
vn -0.845576 0.000000 0.533855
vn -0.845576 0.000000 0.533855
vn 0.000000 1.000000 0.000000
vn 0.000000 1.000000 0.000001
vn 0.000000 1.000000 0.000000
vn 0.000000 1.000000 -0.000001
vn 0.862696 0.000000 -0.505723
vn 0.862696 0.000000 -0.505723
vn 0.866026 0.000000 -0.500000
vn 0.866026 0.000000 -0.500000
vn 0.649688 0.667265 -0.364228
vn 0.619127 0.700236 -0.355458
vn 0.623832 0.695826 -0.355893
vn 0.641671 0.674728 -0.364692
vn 0.630311 0.686496 -0.362533
vn 0.623832 0.695826 -0.355893
vn 0.619127 0.700236 -0.355458
vn 0.580313 0.709221 -0.400304
vn 0.580313 0.709221 -0.400304
vn 0.564772 0.701698 -0.434340
vn 0.641467 0.670610 -0.372561
vn 0.630311 0.686496 -0.362533
vn 0.864249 0.000000 -0.503065
vn 0.864664 -0.000001 -0.502350
vn 0.866025 -0.000002 -0.500000
vn 0.866025 -0.000002 -0.500000
vn 0.000000 0.000000 -1.000000
vn 0.000000 0.000000 -1.000000
vn 0.000000 0.000000 -1.000000
vn 0.000000 0.000000 -1.000000
vn 0.000000 1.000000 0.000000
vn 0.000000 1.000000 0.000000
vn 0.000000 1.000000 0.000000
vn 0.000000 1.000000 0.000000
vn 0.000000 0.000000 1.000000
vn 0.000000 0.000000 1.000000
vn 0.000000 0.000000 1.000000
vn 0.000000 0.000000 1.000000
vn 0.000000 1.000000 0.000000
vn 0.000000 1.000000 0.000000
vn 0.000000 1.000000 -0.000001
vn 0.000000 1.000000 -0.000001
vn 0.000000 1.000000 -0.000001
vn 0.000000 1.000000 -0.000001
vn 0.000000 0.000000 1.000000
vn 0.000000 0.000000 1.000000
vn 0.000000 0.000000 1.000000
vn 0.000000 0.000000 1.000000
vn 0.000000 1.000000 0.000000
vn 0.000000 1.000000 0.000000
vn 0.000000 1.000000 0.000001
vn 0.000000 1.000000 0.000001
vn 0.000000 0.000000 -1.000000
vn 0.000000 0.000000 -1.000000
vn 0.000000 0.000000 -1.000000
vn 0.000000 0.000000 -1.000000
vn -0.012095 0.703377 -0.710714
vn 0.001196 0.686560 -0.727072
vn 0.000000 0.685977 -0.727623
vn -0.019317 0.715353 -0.698496
vn -0.019317 0.715353 -0.698496
vn -0.112922 0.716511 -0.688375
vn -0.070958 0.698052 -0.712523
vn -0.012095 0.703377 -0.710714
vn -0.112922 0.716511 -0.688375
vn -0.147794 0.709181 -0.689362
vn -0.104183 0.686943 -0.719205
vn -0.070958 0.698052 -0.712523
vn -0.000040 0.000069 -1.000000
vn -0.000040 0.000069 -1.000000
vn -0.000011 0.000069 -1.000000
vn -0.000018 0.000069 -1.000000
vn -0.116666 -0.883937 0.452818
vn -0.189441 -0.845038 0.500024
vn -0.000459 -1.000000 0.000000
vn 0.000000 0.000000 -1.000000
vn 0.000001 0.000000 -1.000000
vn 0.000000 0.000000 -1.000000
vn 0.000000 0.000000 -1.000000
vn 0.071056 0.697747 -0.712811
vn 0.104484 0.687485 -0.718643
vn 0.149102 0.709485 -0.688766
vn 0.113391 0.716304 -0.688514
vn 0.011956 0.702842 -0.711245
vn 0.071056 0.697747 -0.712811
vn 0.113391 0.716304 -0.688514
vn 0.018823 0.714686 -0.699192
vn 0.018823 0.714686 -0.699192
vn -0.001661 0.687003 -0.726653
vn -0.001011 0.687350 -0.726326
vn 0.011956 0.702842 -0.711245
vn -0.866025 0.000000 -0.500001
vn -0.866025 0.000000 -0.500001
vn -0.866025 -0.000002 -0.500000
vn -0.866025 -0.000002 -0.500000
vn -0.640412 0.709585 -0.293874
vn -0.657366 0.705198 -0.265641
vn -0.638236 0.673746 -0.372454
vn -0.628469 0.686147 -0.366372
vn -0.624142 0.697889 -0.351280
vn -0.640412 0.709585 -0.293874
vn -0.628469 0.686147 -0.366372
vn -0.622332 0.693256 -0.363454
vn -0.637991 0.674331 -0.371813
vn -0.624142 0.697889 -0.351280
vn -0.622332 0.693256 -0.363454
vn -0.636871 0.676142 -0.370442
vn -0.866026 0.000000 -0.499999
vn -0.866026 0.000000 -0.499999
vn -0.866026 0.000000 -0.500000
vn -0.866026 0.000000 -0.500000
vn 0.000000 1.000000 0.000000
vn 0.000000 1.000000 0.000000
vn 0.000000 1.000000 0.000000
vn 0.000000 1.000000 0.000000
vn 0.875994 0.000000 0.482322
vn 0.875994 0.000000 0.482322
vn 0.875993 0.000000 0.482324
vn 0.875993 0.000000 0.482324
vn -0.864248 -0.000003 -0.503066
vn -0.864664 -0.000003 -0.502351
vn -1.000000 0.000000 0.000001
vn -1.000000 0.000000 0.000001
vn -0.579677 0.708586 -0.402345
vn -0.561993 0.703437 -0.435133
vn -0.576961 0.816772 -0.000000
vn -0.592018 0.805925 0.000000
vn -0.618209 0.699359 -0.358769
vn -0.579677 0.708586 -0.402345
vn -0.592018 0.805925 0.000000
vn -0.650238 0.759731 0.000000
vn -0.643578 0.673614 -0.363390
vn -0.618209 0.699359 -0.358769
vn -0.650238 0.759731 0.000000
vn -0.699178 0.714947 0.000001
vn -0.862696 0.000000 -0.505723
vn -0.862696 0.000000 -0.505723
vn -1.000000 0.000000 0.000000
vn -1.000000 0.000000 0.000000
vn 0.000000 1.000000 0.000000
vn 0.000000 1.000000 0.000000
vn 0.000000 1.000000 -0.000001
vn 0.000000 1.000000 -0.000001
vn -0.849364 0.000000 0.527808
vn -0.849364 0.000000 0.527808
vn -0.849364 0.000000 0.527808
vn -0.849364 0.000000 0.527808
vn 0.000000 1.000000 -0.000001
vn 0.000000 1.000000 0.000000
vn 0.000000 1.000000 -0.000001
vn 0.000000 1.000000 -0.000001
vn 0.866026 0.000000 -0.500000
vn 0.866026 0.000000 -0.500000
vn 0.866026 0.000000 -0.499999
vn 0.866026 0.000000 -0.499999
vn 0.641671 0.674728 -0.364692
vn 0.623832 0.695826 -0.355893
vn 0.621245 0.699794 -0.352623
vn 0.636229 0.676219 -0.371404
vn 0.640565 0.708062 -0.297193
vn 0.621245 0.699794 -0.352623
vn 0.623832 0.695826 -0.355893
vn 0.630311 0.686496 -0.362533
vn 0.630311 0.686496 -0.362533
vn 0.641467 0.670610 -0.372561
vn 0.659211 0.701653 -0.270415
vn 0.640565 0.708062 -0.297193
vn 0.866025 -0.000002 -0.500000
vn 0.866025 -0.000002 -0.500000
vn 0.866025 0.000000 -0.500000
vn 0.866025 0.000000 -0.500000
vn -0.845576 0.000000 0.533855
vn -0.845576 0.000000 0.533855
vn -1.000000 0.000000 -0.000000
vn -1.000000 0.000000 -0.000000
vn 0.580313 0.709221 -0.400304
vn 0.619127 0.700236 -0.355458
vn 0.648133 0.761527 0.000000
vn 0.590026 0.807385 0.000000
vn 0.000000 1.000000 0.000002
vn 0.000000 1.000000 0.000002
vn 0.000000 1.000000 0.000002
vn 0.000000 1.000000 0.000002
vn 0.000000 1.000000 0.000000
vn 0.000000 1.000000 0.000000
vn 0.000000 1.000000 0.000000
vn 0.000000 1.000000 0.000000
vn 0.000000 1.000000 0.000000
vn 0.000000 1.000000 0.000000
vn 0.000000 1.000000 0.000000
vn 0.000000 1.000000 0.000000
vn 0.000000 1.000000 0.000000
vn 0.000000 1.000000 0.000000
vn 0.000000 1.000000 0.000000
vn 0.000000 1.000000 0.000000
vn 0.000000 1.000000 0.000003
vn 0.000000 1.000000 0.000003
vn 0.000000 1.000000 0.000003
vn 0.000000 1.000000 0.000003
vn 0.000000 1.000000 -0.000005
vn 0.000000 1.000000 -0.000005
vn 0.000000 1.000000 -0.000005
vn 0.000000 1.000000 -0.000005
vn -0.875992 0.000000 -0.482325
vn -0.875992 0.000000 -0.482325
vn -0.875992 0.000000 -0.482325
vn -0.875992 0.000000 -0.482325
vn -0.875993 0.000000 -0.482325
vn -0.875992 0.000000 -0.482325
vn -0.875992 0.000000 -0.482325
vn -0.875993 0.000000 -0.482325
vn -0.875992 0.000000 -0.482325
vn -0.873576 0.000000 -0.486688
vn -0.873576 0.000000 -0.486688
vn -0.875992 0.000000 -0.482325
vn -0.873576 0.000000 -0.486688
vn -1.000000 0.000000 0.000000
vn -1.000000 0.000000 0.000000
vn -0.873576 0.000000 -0.486688
vn 0.854978 0.000000 -0.518664
vn 0.849365 0.000000 -0.527807
vn 0.849365 0.000000 -0.527807
vn 0.854978 0.000000 -0.518664
vn 0.849365 0.000000 -0.527807
vn 0.849365 0.000000 -0.527807
vn 0.849365 0.000000 -0.527807
vn 0.849365 0.000000 -0.527807
vn 0.849364 0.000000 -0.527808
vn 0.849364 0.000000 -0.527808
vn 0.849364 0.000000 -0.527808
vn 0.849364 0.000000 -0.527808
vn 0.000000 0.000000 -1.000000
vn 0.000000 0.000000 -1.000000
vn 0.000000 0.000000 -1.000000
vn 0.000000 0.000000 -1.000000
vn 0.000000 0.000000 -1.000000
vn 0.000000 0.000000 -1.000000
vn 0.000000 0.000000 -1.000000
vn 0.000000 0.000000 -1.000000
vn 0.000000 0.000000 -1.000000
vn 0.000000 0.000000 -1.000000
vn 0.000000 0.000000 -1.000000
vn 0.000000 0.000000 -1.000000
vn -0.326097 0.000000 0.945336
vn -0.326097 0.000000 0.945336
vn -0.326097 0.000000 0.945336
vn -0.326097 0.000000 0.945336
vn 0.000000 1.000000 0.000000
vn 0.000000 1.000000 -0.000001
vn 0.000000 1.000000 -0.000001
vn 0.000000 1.000000 0.000000
vn 0.000000 1.000000 -0.000001
vn 0.000000 1.000000 -0.000001
vn 0.000000 1.000000 -0.000003
vn 0.000000 1.000000 -0.000001
vn 0.848955 0.000000 -0.528465
vn 0.848955 0.000000 -0.528465
vn 0.848955 0.000000 -0.528465
vn 0.848955 0.000000 -0.528465
vn 0.000000 1.000000 0.000000
vn 0.000000 1.000000 0.000000
vn 0.000000 1.000000 0.000000
vn 0.000000 1.000000 0.000001
vn 0.348848 0.000000 0.937179
vn 0.348848 0.000000 0.937179
vn 0.348848 0.000000 0.937179
vn 0.348848 0.000000 0.937179
vn -0.901220 0.000000 -0.433363
vn -0.901220 0.000000 -0.433363
vn -0.901220 0.000000 -0.433363
vn -0.901220 0.000000 -0.433363
vn 0.000000 1.000000 0.000000
vn 0.000000 1.000000 0.000000
vn 0.000000 1.000000 0.000001
vn 0.000000 1.000000 0.000002
vn 0.429541 -0.511853 -0.743976
vn 0.429541 -0.511853 -0.743976
vn 0.429541 -0.511853 -0.743976
vn 0.429541 -0.511853 -0.743976
vn 0.429541 -0.511853 -0.743976
vn 0.429541 -0.511853 -0.743976
vn 0.429541 -0.511853 -0.743976
vn 0.429541 -0.511853 -0.743976
vn -0.375714 0.669144 0.641159
vn -0.375714 0.669144 0.641159
vn -0.375714 0.669144 0.641159
vn -0.375714 0.669144 0.641159
vn -0.375714 0.669144 0.641159
vn -0.375714 0.669144 0.641159
vn -0.375714 0.669144 0.641159
vn -0.375714 0.669144 0.641159
vn -0.885156 -0.354886 -0.300924
vn -0.439666 -0.840641 0.316255
vn -0.463967 -0.814361 0.348641
vn -0.897848 -0.344762 -0.273877
vn -0.897848 -0.344762 -0.273877
vn -0.463967 -0.814361 0.348641
vn -0.501882 -0.764708 0.404150
vn -0.923237 -0.299732 -0.240403
vn -0.050411 -0.832249 0.552105
vn 0.684720 -0.324394 0.652631
vn 0.672126 -0.334545 0.660550
vn -0.079289 -0.813095 0.576705
vn -0.079289 -0.813095 0.576705
vn 0.672126 -0.334545 0.660550
vn 0.675269 -0.327430 0.660909
vn -0.106881 -0.771769 0.626857
vn -0.923237 -0.299732 -0.240403
vn -0.501882 -0.764708 0.404150
vn -0.497830 -0.759132 0.419386
vn -0.926863 -0.302709 -0.222018
vn -0.106881 -0.771769 0.626857
vn 0.675269 -0.327430 0.660909
vn 0.671627 -0.334704 0.660977
vn -0.106927 -0.765700 0.634248
vn 0.058419 0.834541 -0.547840
vn -0.682646 0.327578 -0.653213
vn -0.689770 0.311681 -0.653507
vn 0.065263 0.809603 -0.583339
vn 0.065263 0.809603 -0.583339
vn -0.689770 0.311681 -0.653507
vn -0.681224 0.320177 -0.658347
vn 0.100193 0.770437 -0.629594
vn 0.885757 0.349447 0.305485
vn 0.447487 0.839068 -0.309389
vn 0.465205 0.815001 -0.345483
vn 0.899816 0.326035 0.289885
vn 0.899816 0.326035 0.289885
vn 0.465205 0.815001 -0.345483
vn 0.499291 0.765418 -0.406010
vn 0.923528 0.297898 0.241562
vn 0.100193 0.770437 -0.629594
vn -0.681224 0.320177 -0.658347
vn -0.686228 0.318431 -0.653983
vn 0.108760 0.766140 -0.633404
vn 0.923528 0.297898 0.241562
vn 0.499291 0.765418 -0.406010
vn 0.514497 0.754919 -0.406682
vn 0.928809 0.277998 0.245013
vn 0.465205 0.815001 -0.345483
vn 0.447487 0.839068 -0.309389
vn 0.058419 0.834541 -0.547840
vn 0.065263 0.809603 -0.583339
vn 0.465205 0.815001 -0.345483
vn 0.065263 0.809603 -0.583339
vn 0.100193 0.770437 -0.629594
vn 0.499291 0.765418 -0.406010
vn 0.100193 0.770437 -0.629594
vn 0.108760 0.766140 -0.633404
vn 0.514497 0.754919 -0.406682
vn 0.499291 0.765418 -0.406010
vn -0.050411 -0.832249 0.552105
vn -0.079289 -0.813095 0.576705
vn -0.463967 -0.814361 0.348641
vn -0.439666 -0.840641 0.316255
vn -0.079289 -0.813095 0.576705
vn -0.106881 -0.771769 0.626857
vn -0.501882 -0.764708 0.404150
vn -0.463967 -0.814361 0.348641
vn -0.497830 -0.759132 0.419386
vn -0.501882 -0.764708 0.404150
vn -0.106881 -0.771769 0.626857
vn -0.106927 -0.765700 0.634248
vn -0.885156 -0.354886 -0.300924
vn -0.897848 -0.344762 -0.273877
vn -0.689770 0.311681 -0.653507
vn -0.682646 0.327578 -0.653213
vn 0.672126 -0.334545 0.660550
vn 0.684720 -0.324394 0.652631
vn 0.885757 0.349447 0.305485
vn 0.899816 0.326035 0.289885
vn -0.897848 -0.344762 -0.273877
vn -0.923237 -0.299732 -0.240403
vn -0.681224 0.320177 -0.658347
vn -0.689770 0.311681 -0.653507
vn 0.675269 -0.327430 0.660909
vn 0.672126 -0.334545 0.660550
vn 0.899816 0.326035 0.289885
vn 0.923528 0.297898 0.241562
vn 0.671627 -0.334704 0.660977
vn 0.675269 -0.327430 0.660909
vn 0.923528 0.297898 0.241562
vn 0.928809 0.277998 0.245013
vn -0.923237 -0.299732 -0.240403
vn -0.926863 -0.302709 -0.222018
vn -0.686228 0.318431 -0.653983
vn -0.681224 0.320177 -0.658347
vn -0.429531 -0.511854 -0.743982
vn -0.429531 -0.511854 -0.743982
vn -0.429531 -0.511854 -0.743982
vn -0.429531 -0.511854 -0.743982
vn -0.429531 -0.511854 -0.743982
vn -0.429531 -0.511854 -0.743982
vn -0.429531 -0.511854 -0.743982
vn -0.429531 -0.511854 -0.743982
vn 0.367400 0.669149 0.645954
vn 0.367400 0.669149 0.645954
vn 0.367400 0.669149 0.645954
vn 0.367400 0.669149 0.645954
vn 0.367400 0.669149 0.645954
vn 0.367400 0.669149 0.645954
vn 0.367400 0.669149 0.645954
vn 0.367400 0.669149 0.645954
vn -0.703181 -0.354893 0.616107
vn 0.054049 -0.840640 0.538890
vn 0.069949 -0.814362 0.576127
vn -0.686104 -0.344771 0.640621
vn -0.686104 -0.344771 0.640621
vn 0.069949 -0.814362 0.576127
vn 0.113333 -0.750541 0.651034
vn -0.666378 -0.308967 0.678587
vn 0.452932 -0.832249 0.319710
vn 0.907558 -0.324387 -0.266668
vn 0.908117 -0.334543 -0.251802
vn 0.459797 -0.813096 0.357019
vn 0.459797 -0.813096 0.357019
vn 0.908117 -0.334543 -0.251802
vn 0.920964 -0.312809 -0.232329
vn 0.502833 -0.751691 0.426754
vn -0.666378 -0.308967 0.678587
vn 0.113333 -0.750541 0.651034
vn 0.121300 -0.731346 0.671133
vn -0.667284 -0.298144 0.682527
vn 0.502833 -0.751691 0.426754
vn 0.920964 -0.312809 -0.232329
vn 0.927016 -0.298971 -0.226403
vn 0.515161 -0.731544 0.446602
vn -0.445232 0.834542 -0.324513
vn -0.907022 0.327574 0.264586
vn -0.910840 0.311676 0.270609
vn -0.472556 0.809603 -0.348187
vn -0.472556 0.809603 -0.348187
vn -0.910840 0.311676 0.270609
vn -0.922051 0.298823 0.246022
vn -0.507321 0.749988 -0.424432
vn 0.707436 0.349449 -0.614345
vn -0.044196 0.839066 -0.542231
vn -0.066594 0.815000 -0.575621
vn 0.700957 0.326037 -0.634318
vn 0.700957 0.326037 -0.634318
vn -0.066594 0.815000 -0.575621
vn -0.106069 0.749101 -0.653909
vn 0.678102 0.295295 -0.673036
vn -0.507321 0.749988 -0.424432
vn -0.922051 0.298823 0.246022
vn -0.927363 0.294226 0.231146
vn -0.516454 0.731087 -0.445855
vn 0.678102 0.295295 -0.673036
vn -0.106069 0.749101 -0.653909
vn -0.118686 0.730592 -0.672420
vn 0.671300 0.293529 -0.680586
vn -0.066594 0.815000 -0.575621
vn -0.044196 0.839066 -0.542231
vn -0.445232 0.834542 -0.324513
vn -0.472556 0.809603 -0.348187
vn -0.066594 0.815000 -0.575621
vn -0.472556 0.809603 -0.348187
vn -0.507321 0.749988 -0.424432
vn -0.106069 0.749101 -0.653909
vn -0.507321 0.749988 -0.424432
vn -0.516454 0.731087 -0.445855
vn -0.118686 0.730592 -0.672420
vn -0.106069 0.749101 -0.653909
vn 0.452932 -0.832249 0.319710
vn 0.459797 -0.813096 0.357019
vn 0.069949 -0.814362 0.576127
vn 0.054049 -0.840640 0.538890
vn 0.459797 -0.813096 0.357019
vn 0.502833 -0.751691 0.426754
vn 0.113333 -0.750541 0.651034
vn 0.069949 -0.814362 0.576127
vn 0.121300 -0.731346 0.671133
vn 0.113333 -0.750541 0.651034
vn 0.502833 -0.751691 0.426754
vn 0.515161 -0.731544 0.446602
vn -0.703181 -0.354893 0.616107
vn -0.686104 -0.344771 0.640621
vn -0.910840 0.311676 0.270609
vn -0.907022 0.327574 0.264586
vn 0.908117 -0.334543 -0.251802
vn 0.907558 -0.324387 -0.266668
vn 0.707436 0.349449 -0.614345
vn 0.700957 0.326037 -0.634318
vn -0.686104 -0.344771 0.640621
vn -0.666378 -0.308967 0.678587
vn -0.922051 0.298823 0.246022
vn -0.910840 0.311676 0.270609
vn 0.920964 -0.312809 -0.232329
vn 0.908117 -0.334543 -0.251802
vn 0.700957 0.326037 -0.634318
vn 0.678102 0.295295 -0.673036
vn 0.927016 -0.298971 -0.226403
vn 0.920964 -0.312809 -0.232329
vn 0.678102 0.295295 -0.673036
vn 0.671300 0.293529 -0.680586
vn -0.666378 -0.308967 0.678587
vn -0.667284 -0.298144 0.682527
vn -0.927363 0.294226 0.231146
vn -0.922051 0.298823 0.246022
vn 0.500001 0.000082 -0.866025
vn 0.500001 0.000082 -0.866025
vn 0.500001 0.000082 -0.866025
vn 0.500001 0.000082 -0.866025
vn -0.245353 -0.871325 0.424965
vn -0.245292 -0.871393 0.424860
vn -0.255030 -0.860137 0.441728
vn 0.196847 0.919252 -0.340921
vn 0.196847 0.919252 -0.340921
vn 0.239673 0.878351 -0.413589
vn 0.234420 0.883902 -0.404679
vn 0.245299 -0.871390 0.424863
vn -0.086098 -0.810981 0.578703
vn -0.138810 -0.778477 0.612132
vn -0.499999 0.000082 -0.866026
vn -0.499999 0.000082 -0.866026
vn -0.499999 0.000082 -0.866026
vn -0.499999 0.000082 -0.866026
vn -0.196847 0.919252 -0.340920
vn -0.196847 0.919252 -0.340920
vn -0.234419 0.883902 -0.404679
vn -0.239673 0.878350 -0.413591
vn 0.234420 0.883902 -0.404679
vn 0.239673 0.878351 -0.413589
vn 0.279880 0.831728 -0.479475
vn 0.279859 0.831763 -0.479426
vn -0.239673 0.878350 -0.413591
vn -0.234419 0.883902 -0.404679
vn -0.274495 0.833205 -0.480023
vn -0.274546 0.833163 -0.480067
vn 0.277021 0.836532 -0.472731
vn 0.277021 0.836532 -0.472731
vn 0.279859 0.831763 -0.479426
vn 0.279880 0.831728 -0.479475
vn -0.267655 0.838773 -0.474152
vn -0.267655 0.838773 -0.474152
vn -0.274546 0.833163 -0.480067
vn -0.274495 0.833205 -0.480023
vn -0.000017 0.000067 -1.000000
vn -0.000011 0.000067 -1.000000
vn 0.000006 0.000034 -1.000000
vn 0.000006 0.000034 -1.000000
vn -0.866024 -0.000004 -0.500002
vn -0.866025 -0.000002 -0.500001
vn -0.866025 -0.000002 -0.500001
vn -0.866024 -0.000004 -0.500002
vn 0.866025 -0.000001 -0.500001
vn 0.866025 -0.000003 -0.500001
vn 0.866026 0.000005 -0.499999
vn 0.866026 0.000005 -0.499999
vn 0.166475 -0.766738 0.619999
vn 0.094476 -0.783746 0.613853
vn 0.169511 -0.765923 0.620184
vn 0.642417 -0.757182 0.118222
vn 0.642417 -0.757182 0.118222
vn 0.642417 -0.757182 0.118222
vn -0.644668 -0.755658 0.115692
vn -0.612598 -0.772426 0.167575
vn -0.571851 -0.820358 0.000000
vn -0.079519 0.750412 -0.656170
vn -0.123808 0.766604 -0.630072
vn -0.000674 0.751595 -0.659625
vn -0.000580 0.739609 -0.673036
vn 0.552787 0.804904 -0.215768
vn 0.560408 0.805743 -0.191631
vn 0.552178 0.824035 -0.126753
vn 0.556344 0.814781 -0.163137
vn -0.560159 0.779816 -0.279480
vn -0.558871 0.776837 -0.290149
vn -0.558144 0.776509 -0.292418
vn -0.587831 0.762817 -0.269378
vn 0.610812 0.745406 -0.266979
vn 0.576940 0.777996 -0.248721
vn 0.596882 0.771533 -0.220157
vn 0.669348 0.714924 -0.202130
vn -0.549692 0.826205 -0.123385
vn -0.557306 0.809599 -0.184282
vn -0.557746 0.797583 -0.229742
vn -0.551783 0.813650 -0.183056
vn 0.003434 0.769303 -0.638875
vn 0.008502 0.825648 -0.564122
vn -0.005685 0.824621 -0.565658
vn -0.017626 0.771135 -0.636428
vn 0.556344 0.814781 -0.163137
vn 0.596882 0.771533 -0.220157
vn 0.576940 0.777996 -0.248721
vn 0.552787 0.804904 -0.215768
vn -0.560159 0.779816 -0.279480
vn -0.551783 0.813650 -0.183056
vn -0.557746 0.797583 -0.229742
vn -0.558871 0.776837 -0.290149
vn -0.017626 0.771135 -0.636428
vn -0.079519 0.750412 -0.656170
vn -0.000580 0.739609 -0.673036
vn 0.003434 0.769303 -0.638875
vn -0.245292 -0.871393 0.424860
vn -0.245353 -0.871325 0.424965
vn 0.000041 -1.000000 -0.000071
vn 0.000041 -1.000000 -0.000071
vn -0.866001 -0.000132 -0.500042
vn -0.845357 -0.043207 -0.532452
vn -0.846349 -0.041267 -0.531028
vn -0.866001 -0.000132 -0.500042
vn 0.835760 0.061608 0.545628
vn 0.866042 -0.000122 0.499972
vn 0.866042 -0.000122 0.499972
vn 0.837226 0.058875 0.543679
vn -0.845357 -0.043207 -0.532452
vn -0.836637 -0.048254 -0.545628
vn -0.836885 -0.049002 -0.545181
vn -0.846349 -0.041267 -0.531028
vn 0.811885 0.082201 0.578001
vn 0.835760 0.061608 0.545628
vn 0.837226 0.058875 0.543679
vn 0.813400 0.081870 0.575915
vn -0.836637 -0.048254 -0.545628
vn -0.902589 -0.010202 -0.430382
vn -0.896740 -0.013232 -0.442359
vn -0.836885 -0.049002 -0.545181
vn 0.863671 -0.001266 0.504055
vn 0.811885 0.082201 0.578001
vn 0.813400 0.081870 0.575915
vn 0.857703 0.007617 0.514090
vn 0.894792 -0.053110 0.443314
vn 0.863671 -0.001266 0.504055
vn 0.857703 0.007617 0.514090
vn 0.894792 -0.053110 0.443314
vn -0.902589 -0.010202 -0.430382
vn -0.931886 0.006586 -0.362691
vn -0.931886 0.006586 -0.362691
vn -0.896740 -0.013232 -0.442359
vn -0.086098 -0.810981 0.578703
vn 0.245299 -0.871390 0.424863
vn -0.000041 -1.000000 -0.000073
vn -0.000041 -1.000000 -0.000073
vn -0.866039 -0.000127 0.499977
vn -0.835758 0.061608 0.545631
vn -0.837224 0.058875 0.543682
vn -0.866039 -0.000127 0.499977
vn 0.845355 -0.043208 -0.532455
vn 0.866000 -0.000127 -0.500044
vn 0.866000 -0.000127 -0.500044
vn 0.846347 -0.041268 -0.531031
vn -0.835758 0.061608 0.545631
vn -0.811883 0.082203 0.578004
vn -0.813399 0.081873 0.575916
vn -0.837224 0.058875 0.543682
vn 0.836635 -0.048247 -0.545631
vn 0.845355 -0.043208 -0.532455
vn 0.846347 -0.041268 -0.531031
vn 0.836883 -0.048996 -0.545184
vn -0.811883 0.082203 0.578004
vn -0.856346 -0.018099 0.516086
vn -0.850897 -0.007037 0.525285
vn -0.813399 0.081873 0.575916
vn 0.901508 -0.014539 -0.432519
vn 0.836635 -0.048247 -0.545631
vn 0.836883 -0.048996 -0.545184
vn 0.895536 -0.017233 -0.444656
vn 0.931466 0.000431 -0.363827
vn 0.901508 -0.014539 -0.432519
vn 0.895536 -0.017233 -0.444656
vn 0.931466 0.000431 -0.363827
vn -0.856346 -0.018099 0.516086
vn -0.885038 -0.085084 0.457678
vn -0.885038 -0.085084 0.457678
vn -0.850897 -0.007037 0.525285
vn 0.000006 0.000034 -1.000000
vn 0.000006 0.000034 -1.000000
vn 0.000001 0.000000 -1.000000
vn 0.000001 0.000000 -1.000000
vn -0.000580 0.739609 -0.673036
vn -0.000674 0.751595 -0.659625
vn 0.124168 0.767112 -0.629381
vn 0.079651 0.750416 -0.656149
vn 0.003434 0.769303 -0.638875
vn -0.000580 0.739609 -0.673036
vn 0.079651 0.750416 -0.656149
vn 0.016708 0.770589 -0.637113
vn 0.016708 0.770589 -0.637113
vn 0.003878 0.824991 -0.565133
vn 0.008502 0.825648 -0.564122
vn 0.003434 0.769303 -0.638875
vn -0.866025 -0.000002 -0.500001
vn -0.866025 -0.000002 -0.500001
vn -0.860833 -0.000003 -0.508888
vn -0.859187 -0.000002 -0.511662
vn -0.541134 0.792458 -0.281396
vn -0.533604 0.782921 -0.319847
vn -0.445572 0.805790 -0.390088
vn -0.478873 0.808992 -0.340901
vn -0.568210 0.787075 -0.240106
vn -0.541134 0.792458 -0.281396
vn -0.478873 0.808992 -0.340901
vn -0.550276 0.787537 -0.277457
vn -0.624673 0.758115 -0.187203
vn -0.568210 0.787075 -0.240106
vn -0.550276 0.787537 -0.277457
vn -0.618448 0.733712 -0.281405
vn 0.550353 0.769653 -0.323646
vn 0.523495 0.790977 -0.316715
vn 0.526824 0.788577 -0.317180
vn 0.542143 0.766699 -0.343881
vn 0.529846 0.788939 -0.311187
vn 0.526824 0.788577 -0.317180
vn 0.523495 0.790977 -0.316715
vn 0.488497 0.801806 -0.344206
vn 0.488497 0.801806 -0.344206
vn 0.448776 0.804398 -0.389288
vn 0.539163 0.779316 -0.319328
vn 0.529846 0.788939 -0.311187
vn 0.859191 0.000000 -0.511656
vn 0.860836 0.000000 -0.508883
vn 0.866025 -0.000005 -0.500001
vn 0.866025 -0.000005 -0.500001
vn -0.017626 0.771135 -0.636428
vn -0.005685 0.824621 -0.565658
vn -0.014684 0.822997 -0.567856
vn -0.027733 0.763979 -0.644645
vn -0.027733 0.763979 -0.644645
vn -0.129861 0.767216 -0.628105
vn -0.079519 0.750412 -0.656170
vn -0.017626 0.771135 -0.636428
vn -0.129861 0.767216 -0.628105
vn -0.170596 0.778745 -0.603700
vn -0.123808 0.766604 -0.630072
vn -0.079519 0.750412 -0.656170
vn -0.000039 0.000067 -1.000000
vn -0.000039 0.000067 -1.000000
vn -0.000011 0.000067 -1.000000
vn -0.000017 0.000067 -1.000000
vn 0.166475 -0.766738 0.619999
vn 0.169511 -0.765923 0.620184
vn 0.233233 -0.746926 0.622658
vn -0.086098 -0.810981 0.578703
vn -0.169511 -0.765924 0.620183
vn -0.138810 -0.778477 0.612132
vn 0.000001 0.000000 -1.000000
vn 0.000001 0.000000 -1.000000
vn 0.000000 0.000000 -1.000000
vn 0.000000 0.000000 -1.000000
vn 0.079651 0.750416 -0.656149
vn 0.124168 0.767112 -0.629381
vn 0.172154 0.778867 -0.603099
vn 0.130678 0.766890 -0.628333
vn 0.016708 0.770589 -0.637113
vn 0.079651 0.750416 -0.656149
vn 0.130678 0.766890 -0.628333
vn 0.022657 0.763034 -0.645961
vn 0.022657 0.763034 -0.645961
vn -0.003255 0.824915 -0.565247
vn 0.003878 0.824991 -0.565133
vn 0.016708 0.770589 -0.637113
vn -0.866025 -0.000002 -0.500001
vn -0.866025 -0.000002 -0.500001
vn -0.866025 -0.000002 -0.500001
vn -0.866025 -0.000002 -0.500001
vn -0.557746 0.797583 -0.229742
vn -0.557306 0.809599 -0.184282
vn -0.533604 0.782921 -0.319847
vn -0.541134 0.792458 -0.281396
vn -0.558871 0.776837 -0.290149
vn -0.557746 0.797583 -0.229742
vn -0.541134 0.792458 -0.281396
vn -0.568210 0.787075 -0.240106
vn -0.558144 0.776509 -0.292418
vn -0.558871 0.776837 -0.290149
vn -0.568210 0.787075 -0.240106
vn -0.624673 0.758115 -0.187203
vn -0.859187 -0.000002 -0.511662
vn -0.860833 -0.000003 -0.508888
vn -1.000000 0.000000 -0.000000
vn -1.000000 0.000000 -0.000000
vn -0.478873 0.808992 -0.340901
vn -0.445572 0.805790 -0.390088
vn -0.439549 0.898219 0.000000
vn -0.464365 0.885644 0.000000
vn -0.550276 0.787537 -0.277457
vn -0.478873 0.808992 -0.340901
vn -0.464365 0.885644 0.000000
vn -0.527675 0.849446 0.000000
vn -0.618448 0.733712 -0.281405
vn -0.550276 0.787537 -0.277457
vn -0.527675 0.849446 0.000000
vn -0.595074 0.803671 0.000004
vn 0.542143 0.766699 -0.343881
vn 0.526824 0.788577 -0.317180
vn 0.576940 0.777996 -0.248721
vn 0.610812 0.745406 -0.266979
vn 0.552787 0.804904 -0.215768
vn 0.576940 0.777996 -0.248721
vn 0.526824 0.788577 -0.317180
vn 0.529846 0.788939 -0.311187
vn 0.529846 0.788939 -0.311187
vn 0.539163 0.779316 -0.319328
vn 0.560408 0.805743 -0.191631
vn 0.552787 0.804904 -0.215768
vn 0.866025 -0.000005 -0.500001
vn 0.866025 -0.000005 -0.500001
vn 0.866025 -0.000003 -0.500001
vn 0.866025 -0.000001 -0.500001
vn -0.571851 -0.820358 0.000000
vn -0.612598 -0.772426 0.167575
vn -0.530918 -0.789169 0.308769
vn -0.571851 -0.820358 0.000000
vn -0.530918 -0.789169 0.308769
vn -0.453240 -0.762114 0.462338
vn 0.558468 0.829526 0.000000
vn 0.523495 0.790977 -0.316715
vn 0.550353 0.769653 -0.323646
vn 0.595857 0.803090 0.000000
vn 0.488497 0.801806 -0.344206
vn 0.523495 0.790977 -0.316715
vn 0.558468 0.829526 0.000000
vn 0.481726 0.876322 0.000000
vn 0.439844 0.898074 -0.000001
vn 0.448776 0.804398 -0.389288
vn 0.488497 0.801806 -0.344206
vn 0.481726 0.876322 0.000000
vn 1.000000 0.000000 0.000001
vn 0.860836 0.000000 -0.508883
vn 0.859191 0.000000 -0.511656
vn 1.000000 0.000000 0.000001
vn -0.571851 -0.820358 0.000000
vn -0.453240 -0.762114 0.462338
vn -0.496706 -0.867919 0.000000
vn 0.574904 -0.787499 0.222105
vn 0.574904 -0.787499 0.222105
vn 0.574904 -0.787499 0.222105
vn 0.484200 -0.783800 0.388855
vn 0.484200 -0.783800 0.388855
vn 0.484200 -0.783800 0.388855
vn 0.496705 -0.867919 0.000000
vn 0.424139 -0.741121 0.520429
vn 0.496705 -0.867919 0.000000
vn -0.138810 -0.778477 0.612132
vn -0.169511 -0.765924 0.620183
vn -0.094477 -0.783747 0.613853
vn 0.481968 -0.302008 -0.822495
vn 0.481968 -0.302008 -0.822495
vn 0.481968 -0.302008 -0.822495
vn 0.481968 -0.302008 -0.822495
vn 0.481968 -0.302008 -0.822495
vn 0.481968 -0.302008 -0.822495
vn 0.481968 -0.302008 -0.822495
vn 0.481968 -0.302008 -0.822495
vn -0.631670 0.230355 0.740223
vn -0.631670 0.230355 0.740223
vn -0.631670 0.230355 0.740223
vn -0.631670 0.230355 0.740223
vn -0.631670 0.230355 0.740223
vn -0.631670 0.230355 0.740223
vn -0.631670 0.230355 0.740223
vn -0.631670 0.230355 0.740223
vn -0.840626 -0.401530 -0.363486
vn -0.379297 -0.900138 0.214209
vn -0.446584 -0.854347 0.265807
vn -0.862531 -0.365188 -0.350255
vn -0.862531 -0.365188 -0.350255
vn -0.446584 -0.854347 0.265807
vn -0.483293 -0.818133 0.311587
vn -0.910926 -0.302214 -0.280857
vn -0.018469 -0.891825 0.452004
vn 0.666344 -0.381101 0.640897
vn 0.638665 -0.368440 0.675544
vn -0.082399 -0.854518 0.512844
vn -0.082399 -0.854518 0.512844
vn 0.638665 -0.368440 0.675544
vn 0.700680 -0.334705 0.630096
vn -0.077172 -0.835253 0.544423
vn -0.910926 -0.302214 -0.280857
vn -0.483293 -0.818133 0.311587
vn -0.414091 -0.842821 0.343775
vn -0.922033 -0.307561 -0.235078
vn -0.077172 -0.835253 0.544423
vn 0.700680 -0.334705 0.630096
vn 0.779307 -0.269030 0.565953
vn 0.039487 -0.829741 0.556750
vn 0.027721 0.889233 -0.456613
vn -0.682104 0.336974 -0.648986
vn -0.660185 0.326967 -0.676202
vn 0.073428 0.849776 -0.522005
vn 0.073428 0.849776 -0.522005
vn -0.660185 0.326967 -0.676202
vn -0.695593 0.357627 -0.623100
vn 0.053916 0.838269 -0.542585
vn 0.855693 0.338556 0.391368
vn 0.415911 0.888756 -0.192694
vn 0.461951 0.849394 -0.255208
vn 0.870725 0.321382 0.372226
vn 0.870725 0.321382 0.372226
vn 0.461951 0.849394 -0.255208
vn 0.439671 0.837321 -0.324935
vn 0.896436 0.356652 0.263062
vn 0.053916 0.838269 -0.542585
vn -0.695593 0.357627 -0.623100
vn -0.697535 0.416986 -0.582724
vn 0.082733 0.866013 -0.493129
vn 0.896436 0.356652 0.263062
vn 0.439671 0.837321 -0.324935
vn 0.453239 0.840407 -0.297137
vn 0.900978 0.375679 0.217034
vn 0.461951 0.849394 -0.255208
vn 0.415911 0.888756 -0.192694
vn 0.027721 0.889233 -0.456613
vn 0.073428 0.849776 -0.522005
vn 0.461951 0.849394 -0.255208
vn 0.073428 0.849776 -0.522005
vn 0.053916 0.838269 -0.542585
vn 0.439671 0.837321 -0.324935
vn 0.053916 0.838269 -0.542585
vn 0.082733 0.866013 -0.493129
vn 0.453239 0.840407 -0.297137
vn 0.439671 0.837321 -0.324935
vn -0.018469 -0.891825 0.452004
vn -0.082399 -0.854518 0.512844
vn -0.446584 -0.854347 0.265807
vn -0.379297 -0.900138 0.214209
vn -0.082399 -0.854518 0.512844
vn -0.077172 -0.835253 0.544423
vn -0.483293 -0.818133 0.311587
vn -0.446584 -0.854347 0.265807
vn -0.414091 -0.842821 0.343775
vn -0.483293 -0.818133 0.311587
vn -0.077172 -0.835253 0.544423
vn 0.039487 -0.829741 0.556750
vn -0.840626 -0.401530 -0.363486
vn -0.862531 -0.365188 -0.350255
vn -0.660185 0.326967 -0.676202
vn -0.682104 0.336974 -0.648986
vn 0.638665 -0.368440 0.675544
vn 0.666344 -0.381101 0.640897
vn 0.855693 0.338556 0.391368
vn 0.870725 0.321382 0.372226
vn -0.862531 -0.365188 -0.350255
vn -0.910926 -0.302214 -0.280857
vn -0.695593 0.357627 -0.623100
vn -0.660185 0.326967 -0.676202
vn 0.700680 -0.334705 0.630096
vn 0.638665 -0.368440 0.675544
vn 0.870725 0.321382 0.372226
vn 0.896436 0.356652 0.263062
vn 0.779307 -0.269030 0.565953
vn 0.700680 -0.334705 0.630096
vn 0.896436 0.356652 0.263062
vn 0.900978 0.375679 0.217034
vn -0.910926 -0.302214 -0.280857
vn -0.922033 -0.307561 -0.235078
vn -0.697535 0.416986 -0.582724
vn -0.695593 0.357627 -0.623100
vn -0.481035 -0.302002 -0.823043
vn -0.481035 -0.302002 -0.823043
vn -0.481035 -0.302002 -0.823043
vn -0.481035 -0.302002 -0.823043
vn -0.481035 -0.302002 -0.823043
vn -0.481035 -0.302002 -0.823043
vn -0.481035 -0.302002 -0.823043
vn -0.481035 -0.302002 -0.823043
vn 0.512697 0.230351 0.827092
vn 0.512697 0.230351 0.827092
vn 0.512697 0.230351 0.827092
vn 0.512697 0.230351 0.827092
vn 0.512697 0.230351 0.827092
vn 0.512697 0.230351 0.827092
vn 0.512697 0.230351 0.827092
vn 0.512697 0.230351 0.827092
vn -0.637143 -0.359373 0.681836
vn 0.018371 -0.886899 0.461599
vn 0.100562 -0.854354 0.509870
vn -0.616846 -0.369170 0.695136
vn -0.616846 -0.369170 0.695136
vn 0.100562 -0.854354 0.509870
vn 0.152237 -0.849536 0.505087
vn -0.637577 -0.414310 0.649495
vn 0.367480 -0.907750 0.202359
vn 0.808337 -0.421438 -0.411074
vn 0.851515 -0.361210 -0.380066
vn 0.456451 -0.854338 0.248513
vn 0.456451 -0.854338 0.248513
vn 0.851515 -0.361210 -0.380066
vn 0.912478 -0.232845 -0.336403
vn 0.540174 -0.799807 0.261765
vn -0.637577 -0.414310 0.649495
vn 0.152237 -0.849536 0.505087
vn 0.124334 -0.867587 0.481492
vn -0.679505 -0.419163 0.602142
vn 0.540174 -0.799807 0.261765
vn 0.912478 -0.232845 -0.336403
vn 0.927552 -0.157832 -0.338727
vn 0.544811 -0.803384 0.240323
vn -0.420707 0.892756 -0.161223
vn -0.823865 0.351367 0.444734
vn -0.857274 0.326459 0.398127
vn -0.463198 0.851251 -0.246618
vn -0.463198 0.851251 -0.246618
vn -0.857274 0.326459 0.398127
vn -0.902270 0.282704 0.325556
vn -0.500500 0.821984 -0.271741
vn 0.642877 0.325925 -0.693169
vn -0.049870 0.890431 -0.452379
vn -0.081516 0.848469 -0.522930
vn 0.638624 0.324554 -0.697728
vn 0.638624 0.324554 -0.697728
vn -0.081516 0.848469 -0.522930
vn -0.127471 0.851124 -0.509254
vn 0.631758 0.431569 -0.643918
vn -0.500500 0.821984 -0.271741
vn -0.902270 0.282704 0.325556
vn -0.913434 0.281370 0.294058
vn -0.508380 0.826479 -0.241833
vn 0.631758 0.431569 -0.643918
vn -0.127471 0.851124 -0.509254
vn -0.165535 0.879878 -0.445435
vn 0.594259 0.531504 -0.603622
vn -0.081516 0.848469 -0.522930
vn -0.049870 0.890431 -0.452379
vn -0.420707 0.892756 -0.161223
vn -0.463198 0.851251 -0.246618
vn -0.081516 0.848469 -0.522930
vn -0.463198 0.851251 -0.246618
vn -0.500500 0.821984 -0.271741
vn -0.127471 0.851124 -0.509254
vn -0.500500 0.821984 -0.271741
vn -0.508380 0.826479 -0.241833
vn -0.165535 0.879878 -0.445435
vn -0.127471 0.851124 -0.509254
vn 0.367480 -0.907750 0.202359
vn 0.456451 -0.854338 0.248513
vn 0.100562 -0.854354 0.509870
vn 0.018371 -0.886899 0.461599
vn 0.456451 -0.854338 0.248513
vn 0.540174 -0.799807 0.261765
vn 0.152237 -0.849536 0.505087
vn 0.100562 -0.854354 0.509870
vn 0.124334 -0.867587 0.481492
vn 0.152237 -0.849536 0.505087
vn 0.540174 -0.799807 0.261765
vn 0.544811 -0.803384 0.240323
vn -0.637143 -0.359373 0.681836
vn -0.616846 -0.369170 0.695136
vn -0.857274 0.326459 0.398127
vn -0.823865 0.351367 0.444734
vn 0.851515 -0.361210 -0.380066
vn 0.808337 -0.421438 -0.411074
vn 0.642877 0.325925 -0.693169
vn 0.638624 0.324554 -0.697728
vn -0.616846 -0.369170 0.695136
vn -0.637577 -0.414310 0.649495
vn -0.902270 0.282704 0.325556
vn -0.857274 0.326459 0.398127
vn 0.912478 -0.232845 -0.336403
vn 0.851515 -0.361210 -0.380066
vn 0.638624 0.324554 -0.697728
vn 0.631758 0.431569 -0.643918
vn 0.927552 -0.157832 -0.338727
vn 0.912478 -0.232845 -0.336403
vn 0.631758 0.431569 -0.643918
vn 0.594259 0.531504 -0.603622
vn -0.637577 -0.414310 0.649495
vn -0.679505 -0.419163 0.602142
vn -0.913434 0.281370 0.294058
vn -0.902270 0.282704 0.325556
vn 0.000000 0.000000 1.000000
vn 0.000000 0.000000 1.000000
vn 0.000000 0.000000 1.000000
vn 0.000000 0.000000 1.000000
vn -1.000000 0.000000 0.000000
vn -1.000000 0.000000 0.000000
vn -1.000000 0.000000 0.000000
vn -1.000000 0.000000 0.000000
vn 0.000000 0.000000 -1.000000
vn 0.000000 0.000000 -1.000000
vn 0.000000 0.000000 -1.000000
vn 0.000000 0.000000 -1.000000
vn 1.000000 0.000000 0.000000
vn 1.000000 0.000000 0.000000
vn 1.000000 0.000000 0.000000
vn 1.000000 0.000000 0.000000
vn 0.000000 1.000000 0.000000
vn 0.000000 1.000000 0.000000
vn 0.000000 1.000000 0.000000
vn 0.000000 1.000000 0.000000
vn 0.000000 -1.000000 0.000000
vn 0.000000 -1.000000 0.000000
vn 0.000000 -1.000000 0.000000
vn 0.000000 -1.000000 0.000000
vn 0.000000 0.000000 1.000000
vn 0.000000 0.000000 1.000000
vn 0.000000 0.000000 1.000000
vn 0.000000 0.000000 1.000000
vn -1.000000 0.000000 0.000000
vn -1.000000 0.000000 0.000000
vn -1.000000 0.000000 0.000000
vn -1.000000 0.000000 0.000000
vn 0.000000 0.000000 -1.000000
vn 0.000000 0.000000 -1.000000
vn 0.000000 0.000000 -1.000000
vn 0.000000 0.000000 -1.000000
vn 1.000000 0.000000 0.000000
vn 1.000000 0.000000 0.000000
vn 1.000000 0.000000 0.000000
vn 1.000000 0.000000 0.000000
vn 0.000000 1.000000 0.000000
vn 0.000000 1.000000 0.000000
vn 0.000000 1.000000 0.000000
vn 0.000000 1.000000 0.000000
vn 0.000000 -1.000000 0.000000
vn 0.000000 -1.000000 0.000000
vn 0.000000 -1.000000 0.000000
vn 0.000000 -1.000000 0.000000
vn 0.000000 0.000000 1.000000
vn 0.000000 0.000000 1.000000
vn 0.000000 0.000000 1.000000
vn 0.000000 0.000000 1.000000
vn 0.000000 1.000000 0.000000
vn 0.000000 1.000000 0.000000
vn 0.000000 1.000000 0.000000
vn 0.000000 1.000000 0.000000
vn 0.000000 0.000000 -1.000000
vn 0.000000 0.000000 -1.000000
vn 0.000000 0.000000 -1.000000
vn 0.000000 0.000000 -1.000000
vn 0.000000 -1.000000 0.000000
vn 0.000000 -1.000000 0.000000
vn 0.000000 -1.000000 0.000000
vn 0.000000 -1.000000 0.000000
vn 1.000000 0.000000 0.000000
vn 1.000000 0.000000 0.000000
vn 1.000000 0.000000 0.000000
vn 1.000000 0.000000 0.000000
vn -1.000000 0.000000 0.000000
vn -1.000000 0.000000 0.000000
vn -1.000000 0.000000 0.000000
vn -1.000000 0.000000 0.000000
vn 0.000000 0.000000 1.000000
vn 0.000000 0.000000 1.000000
vn 0.000000 0.000000 1.000000
vn 0.000000 0.000000 1.000000
vn -1.000000 0.000000 0.000000
vn -1.000000 0.000000 0.000000
vn -1.000000 0.000000 0.000000
vn -1.000000 0.000000 0.000000
vn 0.000000 0.000000 -1.000000
vn 0.000000 0.000000 -1.000000
vn 0.000000 0.000000 -1.000000
vn 0.000000 0.000000 -1.000000
vn 1.000000 0.000000 0.000000
vn 1.000000 0.000000 0.000000
vn 1.000000 0.000000 0.000000
vn 1.000000 0.000000 0.000000
vn 0.000000 1.000000 0.000000
vn 0.000000 1.000000 0.000000
vn 0.000000 1.000000 0.000000
vn 0.000000 1.000000 0.000000
vn 0.000000 -1.000000 0.000000
vn 0.000000 -1.000000 0.000000
vn 0.000000 -1.000000 0.000000
vn 0.000000 -1.000000 0.000000
vn 0.000000 0.000000 1.000000
vn 0.000000 0.000000 1.000000
vn 0.000000 0.000000 1.000000
vn 0.000000 0.000000 1.000000
vn -1.000000 0.000000 0.000000
vn -1.000000 0.000000 0.000000
vn -1.000000 0.000000 0.000000
vn -1.000000 0.000000 0.000000
vn 0.000000 0.000000 -1.000000
vn 0.000000 0.000000 -1.000000
vn 0.000000 0.000000 -1.000000
vn 0.000000 0.000000 -1.000000
vn 1.000000 0.000000 0.000000
vn 1.000000 0.000000 0.000000
vn 1.000000 0.000000 0.000000
vn 1.000000 0.000000 0.000000
vn 0.000000 1.000000 0.000000
vn 0.000000 1.000000 0.000000
vn 0.000000 1.000000 0.000000
vn 0.000000 1.000000 0.000000
vn 0.000000 -1.000000 0.000000
vn 0.000000 -1.000000 0.000000
vn 0.000000 -1.000000 0.000000
vn 0.000000 -1.000000 0.000000
vn 0.000000 0.000000 1.000000
vn 0.000000 0.000000 1.000000
vn 0.000000 0.000000 1.000000
vn 0.000000 0.000000 1.000000
vn -1.000000 0.000000 0.000000
vn -1.000000 0.000000 0.000000
vn -1.000000 0.000000 0.000000
vn -1.000000 0.000000 0.000000
vn 0.000000 0.000000 -1.000000
vn 0.000000 0.000000 -1.000000
vn 0.000000 0.000000 -1.000000
vn 0.000000 0.000000 -1.000000
vn 1.000000 0.000000 0.000000
vn 1.000000 0.000000 0.000000
vn 1.000000 0.000000 0.000000
vn 1.000000 0.000000 0.000000
vn 0.000000 1.000000 0.000000
vn 0.000000 1.000000 0.000000
vn 0.000000 1.000000 0.000000
vn 0.000000 1.000000 0.000000
vn 0.000000 -1.000000 0.000000
vn 0.000000 -1.000000 0.000000
vn 0.000000 -1.000000 0.000000
vn 0.000000 -1.000000 0.000000
vn 0.000000 0.000000 1.000000
vn 0.000000 0.000000 1.000000
vn 0.000000 0.000000 1.000000
vn 0.000000 0.000000 1.000000
vn -1.000000 0.000000 0.000000
vn -1.000000 0.000000 0.000000
vn -1.000000 0.000000 0.000000
vn -1.000000 0.000000 0.000000
vn 0.000000 0.000000 -1.000000
vn 0.000000 0.000000 -1.000000
vn 0.000000 0.000000 -1.000000
vn 0.000000 0.000000 -1.000000
vn 1.000000 0.000000 0.000000
vn 1.000000 0.000000 0.000000
vn 1.000000 0.000000 0.000000
vn 1.000000 0.000000 0.000000
vn 0.000000 1.000000 0.000000
vn 0.000000 1.000000 0.000000
vn 0.000000 1.000000 0.000000
vn 0.000000 1.000000 0.000000
vn 0.000000 -1.000000 0.000000
vn 0.000000 -1.000000 0.000000
vn 0.000000 -1.000000 0.000000
vn 0.000000 -1.000000 0.000000
vn -0.866026 0.000000 0.499999
vn -0.866026 0.000000 0.499999
vn -0.866026 0.000000 0.499999
vn -0.866026 0.000000 0.499999
vn -0.499993 0.000000 -0.866029
vn -0.499993 0.000000 -0.866029
vn -0.499993 0.000000 -0.866029
vn -0.499993 0.000000 -0.866029
vn 0.866030 0.000000 -0.499992
vn 0.866030 0.000000 -0.499992
vn 0.866030 0.000000 -0.499992
vn 0.866030 0.000000 -0.499992
vn 0.499981 0.000000 0.866037
vn 0.499981 0.000000 0.866037
vn 0.499981 0.000000 0.866037
vn 0.499981 0.000000 0.866037
vn 0.000000 1.000000 0.000000
vn 0.000000 1.000000 0.000000
vn 0.000000 1.000000 0.000000
vn 0.000000 1.000000 0.000000
vn 0.000000 -1.000000 0.000002
vn 0.000000 -1.000000 0.000002
vn 0.000000 -1.000000 0.000002
vn 0.000000 -1.000000 0.000002
vn -0.866026 0.000000 0.499999
vn -0.866026 0.000000 0.499999
vn -0.866026 0.000000 0.499999
vn -0.866026 0.000000 0.499999
vn -0.499981 0.000000 -0.866037
vn -0.499981 0.000000 -0.866037
vn -0.499981 0.000000 -0.866037
vn -0.499981 0.000000 -0.866037
vn 0.866022 0.000000 -0.500006
vn 0.866022 0.000000 -0.500006
vn 0.866022 0.000000 -0.500006
vn 0.866022 0.000000 -0.500006
vn 0.499993 0.000000 0.866029
vn 0.499993 0.000000 0.866029
vn 0.499993 0.000000 0.866029
vn 0.499993 0.000000 0.866029
vn 0.000000 1.000000 0.000000
vn 0.000000 1.000000 0.000000
vn 0.000000 1.000000 0.000000
vn 0.000000 1.000000 0.000000
vn 0.000000 -1.000000 0.000002
vn 0.000000 -1.000000 0.000002
vn 0.000000 -1.000000 0.000002
vn 0.000000 -1.000000 0.000002
vn -0.866025 0.000000 0.500000
vn -0.866025 0.000000 0.500000
vn -0.866025 0.000000 0.500000
vn -0.866025 0.000000 0.500000
vn 0.000000 1.000000 -0.000001
vn 0.000000 1.000000 -0.000001
vn 0.000000 1.000000 -0.000001
vn 0.000000 1.000000 -0.000001
vn 0.866026 0.000000 -0.500000
vn 0.866026 0.000000 -0.500000
vn 0.866026 0.000000 -0.500000
vn 0.866026 0.000000 -0.500000
vn 0.000000 -1.000000 0.000000
vn 0.000000 -1.000000 0.000000
vn 0.000000 -1.000000 0.000000
vn 0.000000 -1.000000 0.000000
vn -0.500006 0.000000 -0.866022
vn -0.500006 0.000000 -0.866022
vn -0.500006 0.000000 -0.866022
vn -0.500006 0.000000 -0.866022
vn -0.866030 0.000000 0.499992
vn -0.866030 0.000000 0.499992
vn -0.866030 0.000000 0.499992
vn -0.866030 0.000000 0.499992
vn -0.499993 0.000000 -0.866029
vn -0.499993 0.000000 -0.866029
vn -0.499993 0.000000 -0.866029
vn -0.499993 0.000000 -0.866029
vn 0.866030 0.000000 -0.499992
vn 0.866030 0.000000 -0.499992
vn 0.866030 0.000000 -0.499992
vn 0.866030 0.000000 -0.499992
vn 0.499993 0.000000 0.866029
vn 0.499993 0.000000 0.866029
vn 0.499993 0.000000 0.866029
vn 0.499993 0.000000 0.866029
vn 0.000000 1.000000 0.000000
vn 0.000000 1.000000 0.000000
vn 0.000000 1.000000 0.000000
vn 0.000000 1.000000 0.000000
vn 0.000000 -1.000000 0.000002
vn 0.000000 -1.000000 0.000002
vn 0.000000 -1.000000 0.000002
vn 0.000000 -1.000000 0.000002
vn -0.866026 0.000000 0.499999
vn -0.866026 0.000000 0.499999
vn -0.866026 0.000000 0.499999
vn -0.866026 0.000000 0.499999
vn -0.500002 0.000000 -0.866024
vn -0.500002 0.000000 -0.866024
vn -0.500002 0.000000 -0.866024
vn -0.500002 0.000000 -0.866024
vn 0.866026 0.000000 -0.499999
vn 0.866026 0.000000 -0.499999
vn 0.866026 0.000000 -0.499999
vn 0.866026 0.000000 -0.499999
vn 0.500002 0.000000 0.866024
vn 0.500002 0.000000 0.866024
vn 0.500002 0.000000 0.866024
vn 0.500002 0.000000 0.866024
vn 0.000000 1.000000 0.000000
vn 0.000000 1.000000 0.000000
vn 0.000000 1.000000 0.000000
vn 0.000000 1.000000 0.000000
vn 0.000000 -1.000000 0.000002
vn 0.000000 -1.000000 0.000002
vn 0.000000 -1.000000 0.000002
vn 0.000000 -1.000000 0.000002
vn -0.866022 0.000000 0.500006
vn -0.866022 0.000000 0.500006
vn -0.866022 0.000000 0.500006
vn -0.866022 0.000000 0.500006
vn -0.500002 0.000000 -0.866024
vn -0.500002 0.000000 -0.866024
vn -0.500002 0.000000 -0.866024
vn -0.500002 0.000000 -0.866024
vn 0.866026 0.000000 -0.499999
vn 0.866026 0.000000 -0.499999
vn 0.866026 0.000000 -0.499999
vn 0.866026 0.000000 -0.499999
vn 0.499989 0.000000 0.866032
vn 0.499989 0.000000 0.866032
vn 0.499989 0.000000 0.866032
vn 0.499989 0.000000 0.866032
vn 0.000000 1.000000 0.000000
vn 0.000000 1.000000 0.000000
vn 0.000000 1.000000 0.000000
vn 0.000000 1.000000 0.000000
vn 0.000000 -1.000000 0.000002
vn 0.000000 -1.000000 0.000002
vn 0.000000 -1.000000 0.000002
vn 0.000000 -1.000000 0.000002
vn -0.866022 0.000000 0.500006
vn -0.866022 0.000000 0.500006
vn -0.866022 0.000000 0.500006
vn -0.866022 0.000000 0.500006
vn -0.500002 0.000000 -0.866024
vn -0.500002 0.000000 -0.866024
vn -0.500002 0.000000 -0.866024
vn -0.500002 0.000000 -0.866024
vn 0.866026 0.000000 -0.499999
vn 0.866026 0.000000 -0.499999
vn 0.866026 0.000000 -0.499999
vn 0.866026 0.000000 -0.499999
vn 0.499989 0.000000 0.866032
vn 0.499989 0.000000 0.866032
vn 0.499989 0.000000 0.866032
vn 0.499989 0.000000 0.866032
vn 0.000000 1.000000 0.000000
vn 0.000000 1.000000 0.000000
vn 0.000000 1.000000 0.000000
vn 0.000000 1.000000 0.000000
vn 0.000000 -1.000000 0.000002
vn 0.000000 -1.000000 0.000002
vn 0.000000 -1.000000 0.000002
vn 0.000000 -1.000000 0.000002
vn -0.866030 0.000000 -0.499992
vn -0.866030 0.000000 -0.499992
vn -0.866030 0.000000 -0.499992
vn -0.866030 0.000000 -0.499992
vn 0.500011 0.000000 -0.866019
vn 0.500011 0.000000 -0.866019
vn 0.500011 0.000000 -0.866019
vn 0.500011 0.000000 -0.866019
vn 0.866026 0.000000 0.499999
vn 0.866026 0.000000 0.499999
vn 0.866026 0.000000 0.499999
vn 0.866026 0.000000 0.499999
vn -0.499998 0.000000 0.866027
vn -0.499998 0.000000 0.866027
vn -0.499998 0.000000 0.866027
vn -0.499998 0.000000 0.866027
vn 0.000000 1.000000 0.000000
vn 0.000000 1.000000 0.000000
vn 0.000000 1.000000 0.000000
vn 0.000000 1.000000 0.000000
vn 0.000000 -1.000000 0.000000
vn 0.000000 -1.000000 0.000000
vn 0.000000 -1.000000 0.000000
vn 0.000000 -1.000000 0.000000
vn -0.866022 0.000000 -0.500006
vn -0.866022 0.000000 -0.500006
vn -0.866022 0.000000 -0.500006
vn -0.866022 0.000000 -0.500006
vn 0.499989 0.000000 -0.866032
vn 0.499989 0.000000 -0.866032
vn 0.499989 0.000000 -0.866032
vn 0.499989 0.000000 -0.866032
vn 0.866026 0.000000 0.499999
vn 0.866026 0.000000 0.499999
vn 0.866026 0.000000 0.499999
vn 0.866026 0.000000 0.499999
vn -0.500002 0.000000 0.866024
vn -0.500002 0.000000 0.866024
vn -0.500002 0.000000 0.866024
vn -0.500002 0.000000 0.866024
vn 0.000000 1.000000 0.000003
vn 0.000000 1.000000 0.000003
vn 0.000000 1.000000 0.000003
vn 0.000000 1.000000 0.000003
vn 0.000000 -1.000000 0.000000
vn 0.000000 -1.000000 0.000000
vn 0.000000 -1.000000 0.000000
vn 0.000000 -1.000000 0.000000
vn -0.866026 0.000000 -0.500000
vn -0.866026 0.000000 -0.500000
vn -0.866026 0.000000 -0.500000
vn -0.866026 0.000000 -0.500000
vn 0.000000 1.000000 -0.000001
vn 0.000000 1.000000 -0.000001
vn 0.000000 1.000000 -0.000001
vn 0.000000 1.000000 -0.000001
vn 0.866025 0.000000 0.500000
vn 0.866025 0.000000 0.500000
vn 0.866025 0.000000 0.500000
vn 0.866025 0.000000 0.500000
vn 0.000000 -1.000000 -0.000002
vn 0.000000 -1.000000 -0.000002
vn 0.000000 -1.000000 -0.000002
vn 0.000000 -1.000000 -0.000002
vn 0.500006 0.000000 -0.866022
vn 0.500006 0.000000 -0.866022
vn 0.500006 0.000000 -0.866022
vn 0.500006 0.000000 -0.866022
vn -0.866026 0.000000 -0.499999
vn -0.866026 0.000000 -0.499999
vn -0.866026 0.000000 -0.499999
vn -0.866026 0.000000 -0.499999
vn 0.499977 0.000000 -0.866039
vn 0.499977 0.000000 -0.866039
vn 0.499977 0.000000 -0.866039
vn 0.499977 0.000000 -0.866039
vn 0.866035 0.000000 0.499984
vn 0.866035 0.000000 0.499984
vn 0.866035 0.000000 0.499984
vn 0.866035 0.000000 0.499984
vn -0.500002 0.000000 0.866024
vn -0.500002 0.000000 0.866024
vn -0.500002 0.000000 0.866024
vn -0.500002 0.000000 0.866024
vn 0.000000 1.000000 0.000003
vn 0.000000 1.000000 0.000003
vn 0.000000 1.000000 0.000003
vn 0.000000 1.000000 0.000003
vn 0.000000 -1.000000 0.000000
vn 0.000000 -1.000000 0.000000
vn 0.000000 -1.000000 0.000000
vn 0.000000 -1.000000 0.000000
vn -0.866026 0.000000 -0.499999
vn -0.866026 0.000000 -0.499999
vn -0.866026 0.000000 -0.499999
vn -0.866026 0.000000 -0.499999
vn 0.500027 0.000000 -0.866010
vn 0.500027 0.000000 -0.866010
vn 0.500027 0.000000 -0.866010
vn 0.500027 0.000000 -0.866010
vn 0.866026 0.000000 0.499999
vn 0.866026 0.000000 0.499999
vn 0.866026 0.000000 0.499999
vn 0.866026 0.000000 0.499999
vn -0.500027 0.000000 0.866010
vn -0.500027 0.000000 0.866010
vn -0.500027 0.000000 0.866010
vn -0.500027 0.000000 0.866010
vn 0.000000 1.000000 0.000003
vn 0.000000 1.000000 0.000003
vn 0.000000 1.000000 0.000003
vn 0.000000 1.000000 0.000003
vn 0.000000 -1.000000 0.000000
vn 0.000000 -1.000000 0.000000
vn 0.000000 -1.000000 0.000000
vn 0.000000 -1.000000 0.000000
vn -0.866026 0.000000 -0.499999
vn -0.866026 0.000000 -0.499999
vn -0.866026 0.000000 -0.499999
vn -0.866026 0.000000 -0.499999
vn 0.499977 0.000000 -0.866039
vn 0.499977 0.000000 -0.866039
vn 0.499977 0.000000 -0.866039
vn 0.499977 0.000000 -0.866039
vn 0.866022 0.000000 0.500006
vn 0.866022 0.000000 0.500006
vn 0.866022 0.000000 0.500006
vn 0.866022 0.000000 0.500006
vn -0.499964 0.000000 0.866046
vn -0.499964 0.000000 0.866046
vn -0.499964 0.000000 0.866046
vn -0.499964 0.000000 0.866046
vn 0.000000 1.000000 0.000003
vn 0.000000 1.000000 0.000003
vn 0.000000 1.000000 0.000003
vn 0.000000 1.000000 0.000003
vn 0.000000 -1.000000 0.000000
vn 0.000000 -1.000000 0.000000
vn 0.000000 -1.000000 0.000000
vn 0.000000 -1.000000 0.000000
vn -0.866026 0.000000 -0.499999
vn -0.866026 0.000000 -0.499999
vn -0.866026 0.000000 -0.499999
vn -0.866026 0.000000 -0.499999
vn 0.500002 0.000000 -0.866024
vn 0.500002 0.000000 -0.866024
vn 0.500002 0.000000 -0.866024
vn 0.500002 0.000000 -0.866024
vn 0.866022 0.000000 0.500006
vn 0.866022 0.000000 0.500006
vn 0.866022 0.000000 0.500006
vn 0.866022 0.000000 0.500006
vn -0.499989 0.000000 0.866032
vn -0.499989 0.000000 0.866032
vn -0.499989 0.000000 0.866032
vn -0.499989 0.000000 0.866032
vn 0.000000 1.000000 0.000003
vn 0.000000 1.000000 0.000003
vn 0.000000 1.000000 0.000003
vn 0.000000 1.000000 0.000003
vn 0.000000 -1.000000 0.000000
vn 0.000000 -1.000000 0.000000
vn 0.000000 -1.000000 0.000000
vn 0.000000 -1.000000 0.000000
vn 0.866025 0.000000 -0.500000
vn 0.866025 0.000000 -0.500000
vn 0.866025 0.000000 -0.500000
vn 0.866025 0.000000 -0.500000
vn 0.000000 -1.000000 0.000000
vn 0.000000 -1.000000 0.000000
vn 0.000000 -1.000000 0.000000
vn 0.000000 1.000000 0.000000
vn 0.000000 1.000000 0.000000
vn 0.000000 1.000000 0.000000
vn 0.868147 0.000000 -0.496308
vn 0.868147 0.000000 -0.496308
vn 0.868147 0.000000 -0.496308
vn 0.868147 0.000000 -0.496308
vn 0.000000 1.000000 0.000000
vn 0.000000 1.000000 0.000000
vn 0.000000 1.000000 0.000000
vn 0.000000 1.000000 0.000000
vn 0.000000 -1.000000 0.000000
vn 0.000000 -1.000000 0.000000
vn 0.000000 -1.000000 0.000000
vn 0.000000 -1.000000 0.000000
vn -0.000459 -1.000000 0.000000
vn -0.000001 -0.870794 0.491649
vn 0.189441 -0.845037 0.500025
vn -0.000459 -1.000000 0.000000
vn 0.516877 -0.851204 0.091048
vn 0.442943 -0.887203 0.129119
vn 0.000000 1.000000 0.000000
vn 0.000000 1.000000 0.000000
vn 0.000000 1.000000 0.000000
vn 0.000000 1.000000 0.000000
vn 0.000000 1.000000 0.000000
vn 0.000000 1.000000 0.000000
vn -0.000459 -1.000000 0.000000
vn 0.189441 -0.845037 0.500025
vn 0.116666 -0.883937 0.452819
vn 1.000000 0.000000 0.000000
vn 1.000000 0.000000 0.000000
vn 0.872727 0.000000 0.488208
vn 0.872727 0.000000 0.488208
vn -0.000459 -1.000000 0.000000
vn -0.517756 -0.850638 0.091343
vn -0.423422 -0.871639 0.246901
vn -0.000459 -1.000000 0.000000
vn -0.423422 -0.871639 0.246901
vn -0.345307 -0.843635 0.411147
vn 0.000000 1.000000 0.000001
vn 0.000000 1.000000 0.000001
vn 0.000000 1.000000 0.000001
vn 0.000000 1.000000 0.000000
vn 1.000000 0.000000 -0.000003
vn 1.000000 0.000000 -0.000003
vn 0.862696 0.000000 -0.505723
vn 0.862696 0.000000 -0.505723
vn 0.703924 0.710275 -0.000001
vn 0.648133 0.761527 0.000000
vn 0.619127 0.700236 -0.355458
vn 0.649688 0.667265 -0.364228
vn 0.590026 0.807385 0.000000
vn 0.577075 0.816691 0.000000
vn 0.564772 0.701698 -0.434340
vn 0.580313 0.709221 -0.400304
vn 1.000000 0.000005 0.000000
vn 1.000000 0.000005 0.000000
vn 0.864664 -0.000001 -0.502350
vn 0.864249 0.000000 -0.503065
vn -0.363369 -0.931645 0.000000
vn -0.000459 -1.000000 0.000000
vn -0.345307 -0.843635 0.411147
vn 0.000000 1.000000 0.000000
vn 0.000000 1.000000 0.000000
vn 0.000000 1.000000 -0.000002
vn 0.000000 1.000000 -0.000002
vn 1.000000 0.000000 0.000000
vn 1.000000 0.000000 0.000000
vn 0.854978 0.000000 -0.518664
vn 0.854978 0.000000 -0.518664
vn -0.000459 -1.000000 0.000000
vn 0.423378 -0.871637 0.246983
vn 0.516877 -0.851204 0.091048
vn -0.000459 -1.000000 0.000000
vn 0.344659 -0.844252 0.410425
vn 0.423378 -0.871637 0.246983
vn -0.000459 -1.000000 0.000000
vn 0.363349 -0.931653 0.000000
vn 0.344659 -0.844252 0.410425
vn -0.000459 -1.000000 0.000000
vn -0.189441 -0.845038 0.500024
vn -0.000001 -0.870794 0.491649
vn 0.000000 0.000000 1.000000
vn 0.000000 0.000000 1.000000
vn 0.000000 0.000000 1.000000
vn 0.000000 0.000000 1.000000
vn -0.866025 0.000000 0.500000
vn -0.866025 0.000000 0.500000
vn -0.866025 0.000000 0.500000
vn -0.866025 0.000000 0.500000
vn 0.000000 -1.000000 0.000000
vn 0.000000 -1.000000 0.000000
vn 0.000000 -1.000000 0.000000
vn 0.000000 -1.000000 0.000000
vn 0.000000 -1.000000 0.000000
vn 0.000000 -1.000000 0.000000
vn 0.000000 -1.000000 0.000000
vn 0.000000 1.000000 0.000000
vn 0.000000 1.000000 0.000000
vn 0.000000 1.000000 0.000000
vn 0.000000 1.000000 0.000000
vn 0.000000 1.000000 0.000000
vn 0.000000 1.000000 0.000000
vn 0.000000 1.000000 0.000000
vn 0.707101 0.004544 0.707098
vn 0.707101 0.004544 0.707098
vn 0.000000 0.004544 0.999990
vn 0.000000 0.004544 0.999990
vn 0.000000 0.004544 0.999990
vn 0.000000 0.004544 0.999990
vn -0.707098 0.004544 0.707101
vn -0.707098 0.004544 0.707101
vn -0.707098 0.004544 0.707101
vn -0.707098 0.004544 0.707101
vn -0.999990 0.004543 0.000000
vn -0.999990 0.004543 -0.000000
vn -0.999990 0.004543 -0.000000
vn -0.999990 0.004543 0.000000
vn -0.707096 0.004542 -0.707103
vn -0.707095 0.004542 -0.707104
vn -0.707095 0.004542 -0.707104
vn -0.707096 0.004542 -0.707103
vn 0.000000 0.004544 -0.999990
vn 0.000000 0.004544 -0.999990
vn 0.000000 0.004544 -0.999990
vn 0.000000 0.004544 -0.999990
vn 0.707098 0.004544 -0.707101
vn 0.707099 0.004544 -0.707101
vn 0.707099 0.004544 -0.707101
vn 0.707098 0.004544 -0.707101
vn 0.999990 0.004544 0.000000
vn 0.999990 0.004544 0.000000
vn 0.999990 0.004544 0.000000
vn 0.999990 0.004544 0.000000
vn 0.707101 0.004544 0.707098
vn 0.707101 0.004544 0.707098
vn 0.000000 -1.000000 0.000000
vn 0.000000 -1.000000 0.000000
vn 0.000000 -1.000000 0.000000
vn 0.000000 -1.000000 0.000000
vn 0.000000 -1.000000 0.000000
vn 0.000000 -1.000000 0.000000
vn 0.000000 -1.000000 0.000000
vn 0.000000 -1.000000 0.000000
vn 0.000000 -1.000000 0.000000
vn 0.000000 -1.000000 0.000000
vn 0.000000 -1.000000 0.000000
vn 0.000000 -1.000000 0.000000
vn 0.000000 -1.000000 0.000000
vn 0.000000 -1.000000 0.000000
vn 0.000000 -1.000000 0.000000
vn 0.000000 -1.000000 0.000000
vn 0.000000 -1.000000 0.000000
vn 0.000000 -1.000000 0.000000
vn 0.000000 -1.000000 0.000000
vn 0.000000 -1.000000 0.000000
vn 0.000000 -1.000000 0.000000
vn 0.000000 -1.000000 0.000000
vn 0.000000 -1.000000 0.000000
vn 0.000000 -1.000000 0.000000
vn 0.000000 1.000000 0.000000
vn 0.000000 0.999962 -0.008734
vn -0.006176 0.999962 -0.006175
vn 0.000000 1.000000 0.000000
vn 0.006176 0.999962 -0.006176
vn 0.000000 0.999962 -0.008734
vn 0.000000 1.000000 0.000000
vn 0.008735 0.999962 -0.000001
vn 0.006176 0.999962 -0.006176
vn 0.000000 1.000000 0.000000
vn 0.006176 0.999962 0.006175
vn 0.008735 0.999962 -0.000001
vn 0.000000 1.000000 0.000000
vn 0.000000 0.999962 0.008734
vn 0.006176 0.999962 0.006175
vn 0.000000 1.000000 0.000000
vn -0.006176 0.999962 0.006176
vn 0.000000 0.999962 0.008734
vn 0.000000 1.000000 0.000000
vn -0.008735 0.999962 0.000001
vn -0.006176 0.999962 0.006176
vn 0.000000 1.000000 0.000000
vn -0.006176 0.999962 -0.006175
vn -0.008735 0.999962 0.000001
vn 0.707075 0.009634 0.707073
vn 0.707075 0.009634 0.707072
vn 0.000000 0.009634 0.999954
vn 0.000000 0.009634 0.999954
vn 0.000000 0.009634 0.999954
vn 0.000000 0.009634 0.999954
vn -0.707073 0.009635 0.707075
vn -0.707073 0.009635 0.707075
vn -0.707073 0.009635 0.707075
vn -0.707073 0.009635 0.707075
vn -0.999954 0.009635 0.000000
vn -0.999954 0.009635 0.000000
vn -0.999954 0.009635 0.000000
vn -0.999954 0.009635 0.000000
vn -0.707072 0.009635 -0.707076
vn -0.707072 0.009635 -0.707075
vn -0.707072 0.009635 -0.707075
vn -0.707072 0.009635 -0.707076
vn -0.000002 0.009634 -0.999954
vn -0.000002 0.009634 -0.999954
vn -0.000002 0.009634 -0.999954
vn -0.000002 0.009634 -0.999954
vn 0.707075 0.009634 -0.707073
vn 0.707074 0.009634 -0.707074
vn 0.707074 0.009634 -0.707074
vn 0.707075 0.009634 -0.707073
vn 0.999954 0.009634 0.000000
vn 0.999954 0.009634 0.000000
vn 0.999954 0.009634 0.000000
vn 0.999954 0.009634 0.000000
vn 0.707075 0.009634 0.707072
vn 0.707075 0.009634 0.707073
vn 0.006176 -0.999962 0.006176
vn 0.006176 -0.999962 0.006176
vn 0.000000 -0.999962 0.008734
vn 0.000000 -0.999962 0.008734
vn 0.000000 -0.999962 0.008734
vn 0.000000 -0.999962 0.008734
vn -0.006176 -0.999962 0.006175
vn -0.006176 -0.999962 0.006175
vn -0.006176 -0.999962 0.006175
vn -0.006176 -0.999962 0.006175
vn -0.008735 -0.999962 -0.000001
vn -0.008735 -0.999962 -0.000001
vn -0.008735 -0.999962 -0.000001
vn -0.008735 -0.999962 -0.000001
vn -0.006176 -0.999962 -0.006176
vn -0.006176 -0.999962 -0.006176
vn -0.006176 -0.999962 -0.006176
vn -0.006176 -0.999962 -0.006176
vn 0.000000 -0.999962 -0.008734
vn 0.000000 -0.999962 -0.008734
vn 0.000000 -0.999962 -0.008734
vn 0.000000 -0.999962 -0.008734
vn 0.006176 -0.999962 -0.006177
vn 0.006176 -0.999962 -0.006177
vn 0.006176 -0.999962 -0.006177
vn 0.006176 -0.999962 -0.006177
vn 0.008735 -0.999962 -0.000001
vn 0.008735 -0.999962 -0.000001
vn 0.008735 -0.999962 -0.000001
vn 0.008735 -0.999962 -0.000001
vn 0.006176 -0.999962 0.006176
vn 0.006176 -0.999962 0.006176
vn 0.707098 0.004818 0.707099
vn 0.707097 0.004818 0.707100
vn 0.000000 0.004817 0.999988
vn 0.000000 0.004817 0.999988
vn 0.000000 0.004817 0.999988
vn 0.000000 0.004817 0.999988
vn -0.707095 0.004815 0.707103
vn -0.707095 0.004815 0.707103
vn -0.707095 0.004815 0.707103
vn -0.707095 0.004815 0.707103
vn -0.999988 0.004814 0.000000
vn -0.999988 0.004814 0.000000
vn -0.999988 0.004814 0.000000
vn -0.999988 0.004814 0.000000
vn -0.707094 0.004815 -0.707103
vn -0.707094 0.004815 -0.707103
vn -0.707094 0.004815 -0.707103
vn -0.707094 0.004815 -0.707103
vn 0.000000 0.004817 -0.999988
vn -0.000000 0.004817 -0.999988
vn -0.000000 0.004817 -0.999988
vn 0.000000 0.004817 -0.999988
vn 0.707097 0.004818 -0.707101
vn 0.707097 0.004818 -0.707100
vn 0.707097 0.004818 -0.707100
vn 0.707097 0.004818 -0.707101
vn 0.999988 0.004818 0.000000
vn 0.999988 0.004818 0.000000
vn 0.999988 0.004818 0.000000
vn 0.999988 0.004818 0.000000
vn 0.707097 0.004818 0.707100
vn 0.707098 0.004818 0.707099
vn 0.000000 -1.000000 0.000000
vn 0.000000 -1.000000 0.000000
vn 0.000000 -1.000000 0.000000
vn 0.000000 -1.000000 0.000000
vn 0.000000 -1.000000 0.000000
vn 0.000000 -1.000000 0.000000
vn 0.000000 -1.000000 0.000000
vn 0.000000 -1.000000 0.000000
vn 0.000000 -1.000000 0.000000
vn 0.000000 -1.000000 0.000000
vn 0.000000 -1.000000 0.000000
vn 0.000000 -1.000000 0.000000
vn 0.000000 -1.000000 0.000000
vn 0.000000 -1.000000 0.000000
vn 0.000000 -1.000000 0.000000
vn 0.000000 -1.000000 0.000000
vn 0.000000 -1.000000 0.000000
vn 0.000000 -1.000000 0.000000
vn 0.000000 -1.000000 0.000000
vn 0.000000 -1.000000 0.000000
vn 0.000000 -1.000000 0.000000
vn 0.000000 -1.000000 0.000000
vn 0.000000 -1.000000 0.000000
vn 0.000000 -1.000000 0.000000
vn 0.000000 1.000000 0.000000
vn 0.000000 0.999962 -0.008734
vn -0.006177 0.999962 -0.006175
vn 0.000000 1.000000 0.000000
vn 0.006176 0.999962 -0.006176
vn 0.000000 0.999962 -0.008734
vn 0.000000 1.000000 0.000000
vn 0.008735 0.999962 -0.000001
vn 0.006176 0.999962 -0.006176
vn 0.000000 1.000000 0.000000
vn 0.006176 0.999962 0.006175
vn 0.008735 0.999962 -0.000001
vn 0.000000 1.000000 0.000000
vn 0.000000 0.999962 0.008734
vn 0.006176 0.999962 0.006175
vn 0.000000 1.000000 0.000000
vn -0.006176 0.999962 0.006176
vn 0.000000 0.999962 0.008734
vn 0.000000 1.000000 0.000000
vn -0.008735 0.999962 0.000001
vn -0.006176 0.999962 0.006176
vn 0.000000 1.000000 0.000000
vn -0.006177 0.999962 -0.006175
vn -0.008735 0.999962 0.000001
vn 0.707076 0.009648 0.707072
vn 0.707076 0.009648 0.707072
vn 0.000000 0.009648 0.999953
vn 0.000000 0.009648 0.999953
vn 0.000000 0.009648 0.999953
vn 0.000000 0.009648 0.999953
vn -0.707072 0.009648 0.707076
vn -0.707072 0.009648 0.707076
vn -0.707072 0.009648 0.707076
vn -0.707072 0.009648 0.707076
vn -0.999954 0.009648 -0.000000
vn -0.999954 0.009648 -0.000000
vn -0.999954 0.009648 -0.000000
vn -0.999954 0.009648 -0.000000
vn -0.707072 0.009648 -0.707076
vn -0.707072 0.009648 -0.707076
vn -0.707072 0.009648 -0.707076
vn -0.707072 0.009648 -0.707076
vn -0.000002 0.009648 -0.999953
vn -0.000002 0.009648 -0.999953
vn -0.000002 0.009648 -0.999953
vn -0.000002 0.009648 -0.999953
vn 0.707076 0.009648 -0.707072
vn 0.707076 0.009648 -0.707072
vn 0.707076 0.009648 -0.707072
vn 0.707076 0.009648 -0.707072
vn 0.999954 0.009648 0.000000
vn 0.999953 0.009648 0.000000
vn 0.999953 0.009648 0.000000
vn 0.999954 0.009648 0.000000
vn 0.707076 0.009648 0.707072
vn 0.707076 0.009648 0.707072
vn 0.006176 -0.999962 0.006175
vn 0.006176 -0.999962 0.006175
vn 0.000000 -0.999962 0.008733
vn 0.000000 -0.999962 0.008733
vn 0.000000 -0.999962 0.008733
vn 0.000000 -0.999962 0.008733
vn -0.006176 -0.999962 0.006176
vn -0.006176 -0.999962 0.006176
vn -0.006176 -0.999962 0.006176
vn -0.006176 -0.999962 0.006176
vn -0.008735 -0.999962 0.000001
vn -0.008735 -0.999962 0.000001
vn -0.008735 -0.999962 0.000001
vn -0.008735 -0.999962 0.000001
vn -0.006176 -0.999962 -0.006175
vn -0.006176 -0.999962 -0.006175
vn -0.006176 -0.999962 -0.006175
vn -0.006176 -0.999962 -0.006175
vn 0.000000 -0.999962 -0.008733
vn 0.000000 -0.999962 -0.008733
vn 0.000000 -0.999962 -0.008733
vn 0.000000 -0.999962 -0.008733
vn 0.006176 -0.999962 -0.006174
vn 0.006176 -0.999962 -0.006174
vn 0.006176 -0.999962 -0.006174
vn 0.006176 -0.999962 -0.006174
vn 0.008735 -0.999962 0.000001
vn 0.008735 -0.999962 0.000001
vn 0.008735 -0.999962 0.000001
vn 0.008735 -0.999962 0.000001
vn 0.006176 -0.999962 0.006175
vn 0.006176 -0.999962 0.006175
vn 0.000000 0.000000 1.000000
vn 0.000000 0.000000 1.000000
vn 0.000000 0.000000 1.000000
vn 0.000000 0.000000 1.000000
vn -0.868147 0.000000 0.496307
vn -0.868147 0.000000 0.496307
vn -0.868147 0.000000 0.496307
vn -0.868147 0.000000 0.496307
vn 0.000000 -1.000000 -0.000002
vn 0.000000 -1.000000 -0.000002
vn 0.000000 -1.000000 -0.000002
vn 0.000000 -1.000000 -0.000002
vn 0.000000 1.000000 0.000000
vn 0.000000 1.000000 0.000000
vn 0.000000 1.000000 0.000000
vn 0.000000 1.000000 0.000000
vn 0.000000 -1.000000 0.000001
vn 0.000000 -1.000000 0.000001
vn 0.000000 -1.000000 0.000001
vn 0.000000 -1.000000 0.000001
vn 0.000000 1.000000 0.000000
vn 0.000000 1.000000 0.000000
vn 0.000000 1.000000 0.000000
vn 0.000000 1.000000 0.000000
vn 0.868237 0.000000 -0.496150
vn 0.868237 0.000000 -0.496150
vn 0.868237 0.000000 -0.496150
vn 0.868237 0.000000 -0.496150
vn -0.000000 0.000000 -1.000000
vn -0.000000 0.000000 -1.000000
vn -0.000000 0.000000 -1.000000
vn -0.000000 0.000000 -1.000000
vn -0.868237 0.000000 -0.496150
vn -0.868237 0.000000 -0.496150
vn -0.868237 0.000000 -0.496150
vn -0.868237 0.000000 -0.496150
vn 0.000000 1.000000 0.000000
vn 0.000000 1.000000 0.000000
vn 0.000000 1.000000 0.000000
vn 0.000000 1.000000 0.000001
vn 0.000000 0.000000 0.000000
vn 0.000000 0.000000 0.000000
vn 0.000000 0.000000 0.000000
vn 0.000000 1.000000 0.000000
vn 0.000000 1.000000 0.000000
vn 0.000000 1.000000 0.000000
vn 0.000000 1.000000 0.000000
vn 0.000000 1.000000 0.000000
vn 0.000000 1.000000 0.000000
vn 0.500002 0.000081 0.866024
vn 0.500002 0.000081 0.866024
vn 0.500002 0.000081 0.866024
vn 0.500002 0.000081 0.866024
vn 0.116666 -0.883937 -0.452819
vn -0.000459 -1.000000 0.000000
vn -0.445378 -0.886272 -0.127124
vn 0.256142 0.858839 0.443607
vn 0.276016 0.834789 0.476385
vn 0.276363 0.834348 0.476956
vn 0.256142 0.858839 0.443607
vn 0.442943 -0.887203 -0.129119
vn -0.000459 -1.000000 0.000000
vn -0.116666 -0.883937 -0.452818
vn -0.500001 0.000082 0.866025
vn -0.500001 0.000082 0.866025
vn -0.500001 0.000082 0.866025
vn -0.500001 0.000082 0.866025
vn -0.256140 0.858838 0.443609
vn -0.276361 0.834347 0.476958
vn -0.276014 0.834789 0.476386
vn -0.256140 0.858838 0.443609
vn 0.276016 0.834789 0.476385
vn 0.323003 0.768134 0.552846
vn 0.322538 0.768865 0.552101
vn 0.276363 0.834348 0.476956
vn -0.276361 0.834347 0.476958
vn -0.322539 0.768865 0.552101
vn -0.323005 0.768134 0.552846
vn -0.276014 0.834789 0.476386
vn 0.338184 0.743346 0.577121
vn 0.322538 0.768865 0.552101
vn 0.323003 0.768134 0.552846
vn 0.338184 0.743346 0.577121
vn -0.338188 0.743344 0.577121
vn -0.323005 0.768134 0.552846
vn -0.322539 0.768865 0.552101
vn -0.338188 0.743344 0.577121
vn -0.000018 0.000069 1.000000
vn 0.000006 0.000034 1.000000
vn 0.000006 0.000034 1.000000
vn -0.000011 0.000069 1.000000
vn -0.866025 0.000000 0.500001
vn -0.866025 0.000000 0.500001
vn -0.866025 0.000000 0.500000
vn -0.866025 0.000000 0.500000
vn 0.866025 -0.000001 0.500001
vn 0.866024 -0.000000 0.500002
vn 0.866024 -0.000000 0.500002
vn 0.866025 -0.000001 0.500000
vn -0.445378 -0.886272 -0.127124
vn -0.000459 -1.000000 0.000000
vn -0.517755 -0.850639 -0.091343
vn -0.070958 0.698052 0.712523
vn -0.000387 0.679596 0.733587
vn -0.000498 0.662707 0.748878
vn -0.104183 0.686943 0.719205
vn 0.640566 0.708062 0.297193
vn 0.634719 0.731165 0.250057
vn 0.649504 0.729137 0.215646
vn 0.659211 0.701653 0.270415
vn -0.612618 0.712564 0.341982
vn -0.636677 0.673331 0.375857
vn -0.637992 0.674331 0.371813
vn -0.624143 0.697888 0.351280
vn 0.636229 0.676218 0.371405
vn 0.633910 0.675184 0.377206
vn 0.609575 0.713825 0.344779
vn 0.621245 0.699794 0.352624
vn -0.647367 0.731598 0.213729
vn -0.633668 0.732418 0.249057
vn -0.640413 0.709584 0.293874
vn -0.657367 0.705198 0.265641
vn 0.000372 0.698024 0.716074
vn -0.012095 0.703377 0.710714
vn 0.001196 0.686560 0.727072
vn 0.000831 0.687326 0.726349
vn 0.634719 0.731165 0.250057
vn 0.640566 0.708062 0.297193
vn 0.621245 0.699794 0.352624
vn 0.609575 0.713825 0.344779
vn -0.612618 0.712564 0.341982
vn -0.624143 0.697888 0.351280
vn -0.640413 0.709584 0.293874
vn -0.633668 0.732418 0.249057
vn -0.012095 0.703377 0.710714
vn 0.000372 0.698024 0.716074
vn -0.000387 0.679596 0.733587
vn -0.070958 0.698052 0.712523
vn 0.000000 1.000000 -0.000002
vn 0.000000 1.000000 -0.000002
vn 0.000000 1.000000 -0.000002
vn 0.000000 1.000000 0.000000
vn 0.000000 1.000000 0.000000
vn 0.000000 1.000000 0.000000
vn -0.445378 -0.886272 -0.127124
vn 0.000041 -1.000000 0.000072
vn 0.000041 -1.000000 0.000072
vn 0.116666 -0.883937 -0.452819
vn -0.866004 -0.000127 0.500037
vn -0.866004 -0.000127 0.500037
vn -0.858141 -0.016538 0.513147
vn -0.858142 -0.016537 0.513146
vn 0.858150 0.016470 -0.513135
vn 0.858149 0.016471 -0.513136
vn 0.866039 -0.000124 -0.499977
vn 0.866039 -0.000124 -0.499977
vn -0.858142 -0.016537 0.513146
vn -0.858141 -0.016538 0.513147
vn -0.860535 -0.010654 0.509280
vn -0.860531 -0.010663 0.509286
vn 0.860546 0.010624 -0.509262
vn 0.860544 0.010629 -0.509265
vn 0.858149 0.016471 -0.513136
vn 0.858150 0.016470 -0.513135
vn -0.860531 -0.010663 0.509286
vn -0.860535 -0.010654 0.509280
vn -0.873765 0.007873 0.486285
vn -0.873809 0.007901 0.486205
vn 0.873841 -0.007937 -0.486147
vn 0.873788 -0.007905 -0.486242
vn 0.860544 0.010629 -0.509265
vn 0.860546 0.010624 -0.509262
vn 0.880141 -0.011858 -0.474565
vn 0.880141 -0.011858 -0.474565
vn 0.873788 -0.007905 -0.486242
vn 0.873841 -0.007937 -0.486147
vn -0.873809 0.007901 0.486205
vn -0.873765 0.007873 0.486285
vn -0.880086 0.011805 0.474668
vn -0.880086 0.011805 0.474668
vn -0.116666 -0.883937 -0.452818
vn -0.000041 -1.000000 0.000072
vn -0.000041 -1.000000 0.000072
vn 0.442943 -0.887203 -0.129119
vn -0.866040 -0.000136 -0.499975
vn -0.866040 -0.000136 -0.499975
vn -0.858148 0.016469 -0.513138
vn -0.858149 0.016467 -0.513137
vn 0.858141 -0.016528 0.513148
vn 0.858140 -0.016529 0.513149
vn 0.866003 -0.000121 0.500039
vn 0.866003 -0.000121 0.500039
vn -0.858149 0.016467 -0.513137
vn -0.858148 0.016469 -0.513138
vn -0.860544 0.010632 -0.509266
vn -0.860546 0.010626 -0.509262
vn 0.860529 -0.010654 0.509290
vn 0.860533 -0.010645 0.509284
vn 0.858140 -0.016529 0.513149
vn 0.858141 -0.016528 0.513148
vn -0.860546 0.010626 -0.509262
vn -0.860544 0.010632 -0.509266
vn -0.873794 -0.007896 -0.486232
vn -0.873845 -0.007928 -0.486139
vn 0.873806 0.007906 0.486210
vn 0.873763 0.007880 0.486288
vn 0.860533 -0.010645 0.509284
vn 0.860529 -0.010654 0.509290
vn 0.880085 0.011811 0.474670
vn 0.880085 0.011811 0.474670
vn 0.873763 0.007880 0.486288
vn 0.873806 0.007906 0.486210
vn -0.873845 -0.007928 -0.486139
vn -0.873794 -0.007896 -0.486232
vn -0.880149 -0.011846 -0.474550
vn -0.880149 -0.011846 -0.474550
vn 0.000000 1.000000 0.000001
vn 0.000000 1.000000 0.000000
vn 0.000000 1.000000 0.000000
vn 0.000000 1.000000 0.000001
vn 0.000000 1.000000 0.000000
vn 0.000000 1.000000 0.000000
vn 0.000000 1.000000 0.000001
vn 0.000000 1.000000 0.000000
vn 0.866026 0.000000 0.499999
vn 0.866025 0.000000 0.500000
vn 0.866025 0.000000 0.500000
vn 0.866026 0.000000 0.499999
vn -0.849363 0.000000 -0.527809
vn -0.849363 0.000000 -0.527809
vn -0.849364 0.000000 -0.527808
vn -0.849364 0.000000 -0.527808
vn 0.000000 0.000000 1.000000
vn 0.000000 0.000000 1.000000
vn 0.000000 0.000000 1.000000
vn 0.000000 0.000000 1.000000
vn 0.000000 0.000000 -1.000000
vn 0.000000 0.000000 -1.000000
vn 0.000000 0.000000 -1.000000
vn 0.000000 0.000000 -1.000000
vn -0.866026 0.000000 0.499998
vn -0.866026 0.000000 0.499998
vn -0.866026 0.000000 0.499999
vn -0.866026 0.000000 0.499999
vn 0.875992 0.000000 -0.482325
vn 0.875991 0.000000 -0.482328
vn 0.875991 0.000000 -0.482328
vn 0.875992 0.000000 -0.482325
vn 0.000006 0.000034 1.000000
vn 0.000000 -0.000000 1.000000
vn 0.000001 -0.000000 1.000000
vn 0.000006 0.000034 1.000000
vn -0.000387 0.679596 0.733587
vn 0.071056 0.697747 0.712811
vn 0.104484 0.687485 0.718643
vn -0.000498 0.662707 0.748878
vn 0.000372 0.698024 0.716074
vn 0.011956 0.702842 0.711245
vn 0.071056 0.697747 0.712811
vn -0.000387 0.679596 0.733587
vn 0.011956 0.702842 0.711245
vn 0.000372 0.698024 0.716074
vn 0.000831 0.687326 0.726349
vn -0.001011 0.687350 0.726326
vn 0.000000 0.000000 1.000000
vn 0.000000 0.000000 1.000000
vn 0.000000 0.000000 1.000000
vn 0.000000 0.000000 1.000000
vn 0.000000 1.000000 0.000000
vn 0.000000 1.000000 0.000000
vn 0.000000 1.000000 0.000000
vn 0.000000 1.000000 0.000000
vn 0.000000 0.000000 -1.000000
vn 0.000000 0.000000 -1.000000
vn 0.000000 0.000000 -1.000000
vn 0.000000 0.000000 -1.000000
vn -0.866025 0.000001 0.500000
vn -0.864248 0.000002 0.503066
vn -0.864663 0.000002 0.502352
vn -0.866025 0.000001 0.500000
vn -0.628470 0.686147 0.366371
vn -0.579677 0.708586 0.402345
vn -0.561993 0.703436 0.435133
vn -0.638236 0.673745 0.372454
vn -0.622332 0.693256 0.363454
vn -0.618209 0.699359 0.358769
vn -0.579677 0.708586 0.402345
vn -0.628470 0.686147 0.366371
vn -0.636871 0.676142 0.370442
vn -0.643577 0.673614 0.363391
vn -0.618209 0.699359 0.358769
vn -0.622332 0.693256 0.363454
vn -0.866026 0.000000 0.500000
vn -0.862696 0.000000 0.505723
vn -0.862696 0.000000 0.505723
vn -0.866026 0.000000 0.500000
vn 0.000000 1.000000 0.000000
vn 0.000000 1.000000 -0.000001
vn 0.000000 1.000000 -0.000002
vn 0.000000 1.000000 0.000000
vn 0.872727 0.000000 -0.488208
vn 0.875994 0.000000 -0.482322
vn 0.875994 0.000000 -0.482322
vn 0.872727 0.000000 -0.488208
vn -0.849364 0.000000 -0.527808
vn -0.845576 0.000000 -0.533855
vn -0.845576 0.000000 -0.533855
vn -0.849364 0.000000 -0.527808
vn 0.000000 1.000000 0.000000
vn 0.000000 1.000000 0.000001
vn 0.000000 1.000000 0.000000
vn 0.000000 1.000000 0.000000
vn 0.862696 0.000000 0.505723
vn 0.866026 0.000000 0.500000
vn 0.866026 0.000000 0.500000
vn 0.862696 0.000000 0.505723
vn 0.649689 0.667265 0.364228
vn 0.641671 0.674728 0.364693
vn 0.623832 0.695826 0.355893
vn 0.619128 0.700236 0.355458
vn 0.630312 0.686496 0.362533
vn 0.580313 0.709220 0.400304
vn 0.619128 0.700236 0.355458
vn 0.623832 0.695826 0.355893
vn 0.580313 0.709220 0.400304
vn 0.630312 0.686496 0.362533
vn 0.641468 0.670610 0.372560
vn 0.564772 0.701698 0.434341
vn 0.864249 0.000001 0.503065
vn 0.866025 -0.000003 0.500000
vn 0.866025 -0.000003 0.500000
vn 0.864664 -0.000000 0.502351
vn 0.000000 0.000000 1.000000
vn 0.000000 0.000000 1.000000
vn 0.000000 0.000000 1.000000
vn 0.000000 0.000000 1.000000
vn 0.000000 1.000000 0.000000
vn 0.000000 1.000000 0.000000
vn 0.000000 1.000000 0.000000
vn 0.000000 1.000000 0.000000
vn 0.000000 0.000000 -1.000000
vn 0.000000 0.000000 -1.000000
vn 0.000000 0.000000 -1.000000
vn 0.000000 0.000000 -1.000000
vn 0.000000 1.000000 0.000000
vn 0.000000 1.000000 -0.000001
vn 0.000000 1.000000 -0.000001
vn 0.000000 1.000000 0.000000
vn 0.000000 1.000000 -0.000001
vn 0.000000 1.000000 -0.000001
vn 0.000000 0.000000 -1.000000
vn 0.000000 0.000000 -1.000000
vn 0.000000 0.000000 -1.000000
vn 0.000000 0.000000 -1.000000
vn 0.000000 1.000000 0.000001
vn 0.000000 1.000000 0.000001
vn 0.000000 1.000000 0.000001
vn 0.000000 1.000000 0.000001
vn 0.000000 0.000000 1.000000
vn 0.000000 0.000000 1.000000
vn 0.000000 0.000000 1.000000
vn 0.000000 0.000000 1.000000
vn -0.012095 0.703377 0.710714
vn -0.019317 0.715353 0.698496
vn 0.000000 0.685977 0.727623
vn 0.001196 0.686560 0.727072
vn -0.019317 0.715353 0.698496
vn -0.012095 0.703377 0.710714
vn -0.070958 0.698052 0.712523
vn -0.112922 0.716511 0.688375
vn -0.112922 0.716511 0.688375
vn -0.070958 0.698052 0.712523
vn -0.104183 0.686943 0.719205
vn -0.147795 0.709180 0.689362
vn -0.000042 0.000069 1.000000
vn -0.000018 0.000069 1.000000
vn -0.000011 0.000069 1.000000
vn -0.000042 0.000069 1.000000
vn -0.116666 -0.883937 -0.452818
vn -0.000459 -1.000000 0.000000
vn -0.189440 -0.845038 -0.500024
vn 0.000000 -0.000000 1.000000
vn 0.000000 0.000000 1.000000
vn 0.000000 0.000000 1.000000
vn 0.000001 -0.000000 1.000000
vn 0.071056 0.697747 0.712811
vn 0.113391 0.716304 0.688514
vn 0.149101 0.709486 0.688766
vn 0.104484 0.687485 0.718643
vn 0.011956 0.702842 0.711245
vn 0.018822 0.714685 0.699193
vn 0.113391 0.716304 0.688514
vn 0.071056 0.697747 0.712811
vn 0.018822 0.714685 0.699193
vn 0.011956 0.702842 0.711245
vn -0.001011 0.687350 0.726326
vn -0.001661 0.687003 0.726652
vn -0.866025 0.000000 0.500000
vn -0.866025 0.000001 0.500000
vn -0.866025 0.000001 0.500000
vn -0.866025 0.000000 0.500000
vn -0.640413 0.709584 0.293874
vn -0.628470 0.686147 0.366371
vn -0.638236 0.673745 0.372454
vn -0.657367 0.705198 0.265641
vn -0.624143 0.697888 0.351280
vn -0.622332 0.693256 0.363454
vn -0.628470 0.686147 0.366371
vn -0.640413 0.709584 0.293874
vn -0.637992 0.674331 0.371813
vn -0.636871 0.676142 0.370442
vn -0.622332 0.693256 0.363454
vn -0.624143 0.697888 0.351280
vn -0.866026 0.000000 0.499999
vn -0.866026 0.000000 0.500000
vn -0.866026 0.000000 0.500000
vn -0.866026 0.000000 0.499999
vn 0.000000 1.000000 0.000000
vn 0.000000 1.000000 0.000000
vn 0.000000 1.000000 0.000000
vn 0.000000 1.000000 0.000001
vn 0.875994 0.000000 -0.482322
vn 0.875992 0.000000 -0.482325
vn 0.875992 0.000000 -0.482325
vn 0.875994 0.000000 -0.482322
vn -0.864248 0.000002 0.503066
vn -1.000000 0.000000 0.000001
vn -1.000000 0.000000 0.000001
vn -0.864663 0.000002 0.502352
vn -0.579677 0.708586 0.402345
vn -0.592018 0.805925 0.000000
vn -0.576961 0.816772 -0.000000
vn -0.561993 0.703436 0.435133
vn -0.618209 0.699359 0.358769
vn -0.650238 0.759731 0.000000
vn -0.592018 0.805925 0.000000
vn -0.579677 0.708586 0.402345
vn -0.643577 0.673614 0.363391
vn -0.699178 0.714947 0.000001
vn -0.650238 0.759731 0.000000
vn -0.618209 0.699359 0.358769
vn -0.862696 0.000000 0.505723
vn -1.000000 0.000000 0.000000
vn -1.000000 0.000000 0.000000
vn -0.862696 0.000000 0.505723
vn 0.000000 1.000000 -0.000001
vn 0.000000 1.000000 -0.000001
vn 0.000000 1.000000 -0.000001
vn 0.000000 1.000000 -0.000002
vn -0.849364 0.000000 -0.527808
vn -0.849364 0.000000 -0.527808
vn -0.849364 0.000000 -0.527808
vn -0.849364 0.000000 -0.527808
vn 0.000000 1.000000 0.000001
vn 0.000000 1.000000 0.000000
vn 0.000000 1.000000 0.000001
vn 0.000000 1.000000 0.000000
vn 0.866026 0.000000 0.500000
vn 0.866026 0.000000 0.499999
vn 0.866026 0.000000 0.499999
vn 0.866026 0.000000 0.500000
vn 0.641671 0.674728 0.364693
vn 0.636229 0.676218 0.371405
vn 0.621245 0.699794 0.352624
vn 0.623832 0.695826 0.355893
vn 0.640566 0.708062 0.297193
vn 0.630312 0.686496 0.362533
vn 0.623832 0.695826 0.355893
vn 0.621245 0.699794 0.352624
vn 0.630312 0.686496 0.362533
vn 0.640566 0.708062 0.297193
vn 0.659211 0.701653 0.270415
vn 0.641468 0.670610 0.372560
vn 0.866025 -0.000003 0.500000
vn 0.866025 -0.000001 0.500001
vn 0.866025 -0.000001 0.500000
vn 0.866025 -0.000003 0.500000
vn -0.845576 0.000000 -0.533855
vn -1.000000 0.000000 -0.000000
vn -1.000000 0.000000 -0.000000
vn -0.845576 0.000000 -0.533855
vn 0.580313 0.709220 0.400304
vn 0.590026 0.807385 0.000000
vn 0.648133 0.761527 0.000000
vn 0.619128 0.700236 0.355458
vn 0.000000 1.000000 -0.000002
vn 0.000000 1.000000 -0.000002
vn 0.000000 1.000000 -0.000002
vn 0.000000 1.000000 -0.000002
vn 0.000000 1.000000 0.000000
vn 0.000000 1.000000 0.000000
vn 0.000000 1.000000 0.000000
vn 0.000000 1.000000 0.000000
vn 0.000000 1.000000 0.000000
vn 0.000000 1.000000 0.000000
vn 0.000000 1.000000 0.000000
vn 0.000000 1.000000 0.000000
vn 0.000000 1.000000 0.000002
vn 0.000000 1.000000 0.000002
vn 0.000000 1.000000 0.000002
vn 0.000000 1.000000 0.000002
vn 0.000000 1.000000 -0.000002
vn 0.000000 1.000000 -0.000002
vn 0.000000 1.000000 -0.000002
vn 0.000000 1.000000 -0.000002
vn 0.000000 1.000000 0.000006
vn 0.000000 1.000000 0.000006
vn 0.000000 1.000000 0.000006
vn 0.000000 1.000000 0.000006
vn -0.875991 0.000000 0.482328
vn -0.875991 0.000000 0.482328
vn -0.875991 0.000000 0.482328
vn -0.875991 0.000000 0.482328
vn -0.875993 0.000000 0.482325
vn -0.875993 0.000000 0.482325
vn -0.875992 0.000000 0.482325
vn -0.875992 0.000000 0.482325
vn -0.875992 0.000000 0.482325
vn -0.875992 0.000000 0.482325
vn -0.873576 0.000000 0.486688
vn -0.873576 0.000000 0.486688
vn -0.873576 0.000000 0.486688
vn -0.873576 0.000000 0.486688
vn -1.000000 0.000000 0.000000
vn -1.000000 0.000000 0.000000
vn 0.854978 0.000000 0.518664
vn 0.854978 0.000000 0.518664
vn 0.849365 0.000000 0.527806
vn 0.849365 0.000000 0.527806
vn 0.849365 0.000000 0.527806
vn 0.849365 0.000000 0.527806
vn 0.849366 0.000000 0.527805
vn 0.849366 0.000000 0.527805
vn 0.849364 0.000000 0.527808
vn 0.849364 0.000000 0.527808
vn 0.849364 0.000000 0.527808
vn 0.849364 0.000000 0.527808
vn 0.000000 0.000000 1.000000
vn 0.000000 0.000000 1.000000
vn 0.000000 0.000000 1.000000
vn 0.000000 0.000000 1.000000
vn 0.000000 0.000000 1.000000
vn 0.000000 0.000000 1.000000
vn 0.000000 0.000000 1.000000
vn 0.000000 0.000000 1.000000
vn 0.000000 0.000000 1.000000
vn 0.000000 0.000000 1.000000
vn 0.000000 0.000000 1.000000
vn 0.000000 0.000000 1.000000
vn -0.326101 0.000000 -0.945335
vn -0.326101 0.000000 -0.945335
vn -0.326101 0.000000 -0.945335
vn -0.326101 0.000000 -0.945335
vn 0.000000 1.000000 0.000000
vn 0.000000 1.000000 0.000000
vn 0.000000 1.000000 0.000000
vn 0.000000 1.000000 0.000000
vn 0.000000 1.000000 0.000000
vn 0.000000 1.000000 0.000000
vn 0.000000 1.000000 0.000000
vn 0.000000 1.000000 -0.000001
vn 0.848959 0.000000 0.528459
vn 0.848959 0.000000 0.528459
vn 0.848959 0.000000 0.528459
vn 0.848959 0.000000 0.528459
vn 0.000000 1.000000 0.000000
vn 0.000000 1.000000 0.000000
vn 0.000000 1.000000 0.000000
vn 0.000000 1.000000 0.000000
vn 0.348854 0.000000 -0.937177
vn 0.348854 0.000000 -0.937177
vn 0.348854 0.000000 -0.937177
vn 0.348854 0.000000 -0.937177
vn -0.901223 0.000000 0.433355
vn -0.901223 0.000000 0.433355
vn -0.901223 0.000000 0.433355
vn -0.901223 0.000000 0.433355
vn 0.000000 1.000000 -0.000001
vn 0.000000 1.000000 0.000000
vn 0.000000 1.000000 0.000000
vn 0.000000 1.000000 0.000000
vn 0.429539 -0.511854 0.743977
vn 0.429539 -0.511854 0.743977
vn 0.429539 -0.511854 0.743977
vn 0.429539 -0.511854 0.743977
vn 0.429539 -0.511854 0.743977
vn 0.429539 -0.511854 0.743977
vn 0.429539 -0.511854 0.743977
vn 0.429539 -0.511854 0.743977
vn -0.375715 0.669144 -0.641159
vn -0.375715 0.669144 -0.641159
vn -0.375715 0.669144 -0.641159
vn -0.375715 0.669144 -0.641159
vn -0.375715 0.669144 -0.641159
vn -0.375715 0.669144 -0.641159
vn -0.375715 0.669144 -0.641159
vn -0.375715 0.669144 -0.641159
vn -0.885154 -0.354891 0.300922
vn -0.897846 -0.344766 0.273877
vn -0.463967 -0.814361 -0.348641
vn -0.439668 -0.840640 -0.316255
vn -0.897846 -0.344766 0.273877
vn -0.923237 -0.299733 0.240404
vn -0.501881 -0.764708 -0.404150
vn -0.463967 -0.814361 -0.348641
vn -0.050413 -0.832249 -0.552105
vn -0.079290 -0.813096 -0.576705
vn 0.672125 -0.334544 -0.660551
vn 0.684719 -0.324393 -0.652632
vn -0.079290 -0.813096 -0.576705
vn -0.106881 -0.771768 -0.626857
vn 0.675272 -0.327426 -0.660909
vn 0.672125 -0.334544 -0.660551
vn -0.923237 -0.299733 0.240404
vn -0.926863 -0.302708 0.222019
vn -0.497830 -0.759132 -0.419386
vn -0.501881 -0.764708 -0.404150
vn -0.106881 -0.771768 -0.626857
vn -0.106924 -0.765699 -0.634249
vn 0.671630 -0.334699 -0.660976
vn 0.675272 -0.327426 -0.660909
vn 0.058420 0.834541 0.547840
vn 0.065264 0.809602 0.583339
vn -0.689772 0.311676 0.653508
vn -0.682649 0.327572 0.653213
vn 0.065264 0.809602 0.583339
vn 0.100194 0.770437 0.629594
vn -0.681224 0.320175 0.658347
vn -0.689772 0.311676 0.653508
vn 0.885758 0.349444 -0.305487
vn 0.899815 0.326036 -0.289886
vn 0.465206 0.815000 0.345483
vn 0.447490 0.839066 0.309388
vn 0.899815 0.326036 -0.289886
vn 0.923528 0.297898 -0.241562
vn 0.499291 0.765418 0.406009
vn 0.465206 0.815000 0.345483
vn 0.100194 0.770437 0.629594
vn 0.108760 0.766140 0.633404
vn -0.686227 0.318431 0.653983
vn -0.681224 0.320175 0.658347
vn 0.923528 0.297898 -0.241562
vn 0.928810 0.277994 -0.245013
vn 0.514498 0.754918 0.406682
vn 0.499291 0.765418 0.406009
vn 0.465206 0.815000 0.345483
vn 0.065264 0.809602 0.583339
vn 0.058420 0.834541 0.547840
vn 0.447490 0.839066 0.309388
vn 0.465206 0.815000 0.345483
vn 0.499291 0.765418 0.406009
vn 0.100194 0.770437 0.629594
vn 0.065264 0.809602 0.583339
vn 0.100194 0.770437 0.629594
vn 0.499291 0.765418 0.406009
vn 0.514498 0.754918 0.406682
vn 0.108760 0.766140 0.633404
vn -0.050413 -0.832249 -0.552105
vn -0.439668 -0.840640 -0.316255
vn -0.463967 -0.814361 -0.348641
vn -0.079290 -0.813096 -0.576705
vn -0.079290 -0.813096 -0.576705
vn -0.463967 -0.814361 -0.348641
vn -0.501881 -0.764708 -0.404150
vn -0.106881 -0.771768 -0.626857
vn -0.497830 -0.759132 -0.419386
vn -0.106924 -0.765699 -0.634249
vn -0.106881 -0.771768 -0.626857
vn -0.501881 -0.764708 -0.404150
vn -0.885154 -0.354891 0.300922
vn -0.682649 0.327572 0.653213
vn -0.689772 0.311676 0.653508
vn -0.897846 -0.344766 0.273877
vn 0.672125 -0.334544 -0.660551
vn 0.899815 0.326036 -0.289886
vn 0.885758 0.349444 -0.305487
vn 0.684719 -0.324393 -0.652632
vn -0.897846 -0.344766 0.273877
vn -0.689772 0.311676 0.653508
vn -0.681224 0.320175 0.658347
vn -0.923237 -0.299733 0.240404
vn 0.675272 -0.327426 -0.660909
vn 0.923528 0.297898 -0.241562
vn 0.899815 0.326036 -0.289886
vn 0.672125 -0.334544 -0.660551
vn 0.671630 -0.334699 -0.660976
vn 0.928810 0.277994 -0.245013
vn 0.923528 0.297898 -0.241562
vn 0.675272 -0.327426 -0.660909
vn -0.923237 -0.299733 0.240404
vn -0.681224 0.320175 0.658347
vn -0.686227 0.318431 0.653983
vn -0.926863 -0.302708 0.222019
vn -0.429531 -0.511854 0.743982
vn -0.429531 -0.511854 0.743982
vn -0.429531 -0.511854 0.743982
vn -0.429531 -0.511854 0.743982
vn -0.429531 -0.511854 0.743982
vn -0.429531 -0.511854 0.743982
vn -0.429531 -0.511854 0.743982
vn -0.429531 -0.511854 0.743982
vn 0.367399 0.669147 -0.645956
vn 0.367399 0.669147 -0.645956
vn 0.367399 0.669147 -0.645956
vn 0.367399 0.669147 -0.645956
vn 0.367399 0.669147 -0.645956
vn 0.367399 0.669147 -0.645956
vn 0.367399 0.669147 -0.645956
vn 0.367399 0.669147 -0.645956
vn -0.703184 -0.354887 -0.616107
vn -0.686106 -0.344766 -0.640621
vn 0.069950 -0.814361 -0.576128
vn 0.054052 -0.840640 -0.538891
vn -0.686106 -0.344766 -0.640621
vn -0.666375 -0.308969 -0.678588
vn 0.113331 -0.750540 -0.651034
vn 0.069950 -0.814361 -0.576128
vn 0.452931 -0.832249 -0.319712
vn 0.459797 -0.813095 -0.357020
vn 0.908118 -0.334542 0.251801
vn 0.907558 -0.324389 0.266667
vn 0.459797 -0.813095 -0.357020
vn 0.502833 -0.751691 -0.426755
vn 0.920964 -0.312807 0.232329
vn 0.908118 -0.334542 0.251801
vn -0.666375 -0.308969 -0.678588
vn -0.667279 -0.298148 -0.682530
vn 0.121299 -0.731346 -0.671133
vn 0.113331 -0.750540 -0.651034
vn 0.502833 -0.751691 -0.426755
vn 0.515160 -0.731543 -0.446604
vn 0.927016 -0.298970 0.226403
vn 0.920964 -0.312807 0.232329
vn -0.445233 0.834541 0.324513
vn -0.472556 0.809603 0.348188
vn -0.910840 0.311676 -0.270608
vn -0.907023 0.327574 -0.264585
vn -0.472556 0.809603 0.348188
vn -0.507320 0.749989 0.424433
vn -0.922051 0.298824 -0.246022
vn -0.910840 0.311676 -0.270608
vn 0.707433 0.349451 0.614347
vn 0.700955 0.326037 0.634320
vn -0.066593 0.815000 0.575621
vn -0.044195 0.839066 0.542231
vn 0.700955 0.326037 0.634320
vn 0.678102 0.295294 0.673037
vn -0.106069 0.749101 0.653909
vn -0.066593 0.815000 0.575621
vn -0.507320 0.749989 0.424433
vn -0.516453 0.731087 0.445856
vn -0.927362 0.294228 -0.231147
vn -0.922051 0.298824 -0.246022
vn 0.678102 0.295294 0.673037
vn 0.671300 0.293527 0.680586
vn -0.118685 0.730592 0.672421
vn -0.106069 0.749101 0.653909
vn -0.066593 0.815000 0.575621
vn -0.472556 0.809603 0.348188
vn -0.445233 0.834541 0.324513
vn -0.044195 0.839066 0.542231
vn -0.066593 0.815000 0.575621
vn -0.106069 0.749101 0.653909
vn -0.507320 0.749989 0.424433
vn -0.472556 0.809603 0.348188
vn -0.507320 0.749989 0.424433
vn -0.106069 0.749101 0.653909
vn -0.118685 0.730592 0.672421
vn -0.516453 0.731087 0.445856
vn 0.452931 -0.832249 -0.319712
vn 0.054052 -0.840640 -0.538891
vn 0.069950 -0.814361 -0.576128
vn 0.459797 -0.813095 -0.357020
vn 0.459797 -0.813095 -0.357020
vn 0.069950 -0.814361 -0.576128
vn 0.113331 -0.750540 -0.651034
vn 0.502833 -0.751691 -0.426755
vn 0.121299 -0.731346 -0.671133
vn 0.515160 -0.731543 -0.446604
vn 0.502833 -0.751691 -0.426755
vn 0.113331 -0.750540 -0.651034
vn -0.703184 -0.354887 -0.616107
vn -0.907023 0.327574 -0.264585
vn -0.910840 0.311676 -0.270608
vn -0.686106 -0.344766 -0.640621
vn 0.908118 -0.334542 0.251801
vn 0.700955 0.326037 0.634320
vn 0.707433 0.349451 0.614347
vn 0.907558 -0.324389 0.266667
vn -0.686106 -0.344766 -0.640621
vn -0.910840 0.311676 -0.270608
vn -0.922051 0.298824 -0.246022
vn -0.666375 -0.308969 -0.678588
vn 0.920964 -0.312807 0.232329
vn 0.678102 0.295294 0.673037
vn 0.700955 0.326037 0.634320
vn 0.908118 -0.334542 0.251801
vn 0.927016 -0.298970 0.226403
vn 0.671300 0.293527 0.680586
vn 0.678102 0.295294 0.673037
vn 0.920964 -0.312807 0.232329
vn -0.666375 -0.308969 -0.678588
vn -0.922051 0.298824 -0.246022
vn -0.927362 0.294228 -0.231147
vn -0.667279 -0.298148 -0.682530
vn 0.500001 0.000082 0.866025
vn 0.500001 0.000082 0.866025
vn 0.500001 0.000082 0.866025
vn 0.500001 0.000082 0.866025
vn -0.245352 -0.871325 -0.424964
vn -0.255030 -0.860138 -0.441727
vn -0.245291 -0.871394 -0.424859
vn 0.196849 0.919253 0.340918
vn 0.234421 0.883902 0.404677
vn 0.239674 0.878352 0.413588
vn 0.196849 0.919253 0.340918
vn 0.245297 -0.871391 -0.424861
vn -0.138811 -0.778477 -0.612132
vn -0.086099 -0.810981 -0.578702
vn -0.500002 0.000082 0.866024
vn -0.500002 0.000082 0.866024
vn -0.500002 0.000082 0.866024
vn -0.500002 0.000082 0.866024
vn -0.196847 0.919252 0.340920
vn -0.239672 0.878351 0.413591
vn -0.234418 0.883902 0.404679
vn -0.196847 0.919252 0.340920
vn 0.234421 0.883902 0.404677
vn 0.279860 0.831763 0.479426
vn 0.279880 0.831727 0.479476
vn 0.239674 0.878352 0.413588
vn -0.239672 0.878351 0.413591
vn -0.274545 0.833163 0.480067
vn -0.274495 0.833205 0.480023
vn -0.234418 0.883902 0.404679
vn 0.277021 0.836531 0.472732
vn 0.279880 0.831727 0.479476
vn 0.279860 0.831763 0.479426
vn 0.277021 0.836531 0.472732
vn -0.267656 0.838773 0.474152
vn -0.274495 0.833205 0.480023
vn -0.274545 0.833163 0.480067
vn -0.267656 0.838773 0.474152
vn -0.000018 0.000067 1.000000
vn 0.000006 0.000034 1.000000
vn 0.000006 0.000034 1.000000
vn -0.000011 0.000067 1.000000
vn -0.866024 -0.000009 0.500003
vn -0.866024 -0.000009 0.500003
vn -0.866024 -0.000004 0.500002
vn -0.866024 -0.000003 0.500002
vn 0.866024 -0.000001 0.500002
vn 0.866024 0.000004 0.500002
vn 0.866024 0.000004 0.500002
vn 0.866025 -0.000003 0.500001
vn 0.166475 -0.766739 -0.619998
vn 0.169511 -0.765923 -0.620184
vn 0.094477 -0.783746 -0.613853
vn 0.642417 -0.757181 -0.118223
vn 0.642417 -0.757181 -0.118223
vn 0.642417 -0.757181 -0.118223
vn -0.644667 -0.755658 -0.115692
vn -0.571851 -0.820358 0.000000
vn -0.612598 -0.772426 -0.167575
vn -0.079519 0.750412 0.656170
vn -0.000579 0.739609 0.673037
vn -0.000673 0.751594 0.659626
vn -0.123808 0.766603 0.630072
vn 0.552787 0.804904 0.215769
vn 0.556343 0.814782 0.163137
vn 0.552177 0.824036 0.126752
vn 0.560408 0.805743 0.191631
vn -0.560160 0.779816 0.279479
vn -0.587834 0.762814 0.269380
vn -0.558144 0.776509 0.292419
vn -0.558871 0.776838 0.290149
vn 0.610813 0.745406 0.266978
vn 0.669347 0.714926 0.202128
vn 0.596880 0.771534 0.220157
vn 0.576940 0.777996 0.248721
vn -0.549692 0.826205 0.123386
vn -0.551783 0.813650 0.183056
vn -0.557746 0.797583 0.229741
vn -0.557306 0.809599 0.184281
vn 0.003435 0.769303 0.638875
vn -0.017625 0.771135 0.636428
vn -0.005685 0.824620 0.565658
vn 0.008501 0.825648 0.564121
vn 0.556343 0.814782 0.163137
vn 0.552787 0.804904 0.215769
vn 0.576940 0.777996 0.248721
vn 0.596880 0.771534 0.220157
vn -0.560160 0.779816 0.279479
vn -0.558871 0.776838 0.290149
vn -0.557746 0.797583 0.229741
vn -0.551783 0.813650 0.183056
vn -0.017625 0.771135 0.636428
vn 0.003435 0.769303 0.638875
vn -0.000579 0.739609 0.673037
vn -0.079519 0.750412 0.656170
vn -0.245291 -0.871394 -0.424859
vn 0.000041 -1.000000 0.000073
vn 0.000041 -1.000000 0.000073
vn -0.245352 -0.871325 -0.424964
vn -0.865999 -0.000132 0.500046
vn -0.865999 -0.000132 0.500046
vn -0.846347 -0.041276 0.531030
vn -0.845355 -0.043217 0.532453
vn 0.835758 0.061595 -0.545632
vn 0.837224 0.058862 -0.543683
vn 0.866038 -0.000125 -0.499978
vn 0.866038 -0.000125 -0.499978
vn -0.845355 -0.043217 0.532453
vn -0.846347 -0.041276 0.531030
vn -0.836884 -0.049009 0.545182
vn -0.836636 -0.048261 0.545629
vn 0.811884 0.082195 -0.578004
vn 0.813398 0.081864 -0.575918
vn 0.837224 0.058862 -0.543683
vn 0.835758 0.061595 -0.545632
vn -0.836636 -0.048261 0.545629
vn -0.836884 -0.049009 0.545182
vn -0.896741 -0.013229 0.442358
vn -0.902589 -0.010200 0.430382
vn 0.863671 -0.001259 -0.504054
vn 0.857703 0.007623 -0.514089
vn 0.813398 0.081864 -0.575918
vn 0.811884 0.082195 -0.578004
vn 0.894793 -0.053101 -0.443313
vn 0.894793 -0.053101 -0.443313
vn 0.857703 0.007623 -0.514089
vn 0.863671 -0.001259 -0.504054
vn -0.902589 -0.010200 0.430382
vn -0.896741 -0.013229 0.442358
vn -0.931887 0.006589 0.362689
vn -0.931887 0.006589 0.362689
vn -0.086099 -0.810981 -0.578702
vn -0.000041 -1.000000 0.000065
vn -0.000041 -1.000000 0.000065
vn 0.245297 -0.871391 -0.424861
vn -0.866033 -0.000130 -0.499987
vn -0.866033 -0.000130 -0.499987
vn -0.837217 0.058878 -0.543693
vn -0.835751 0.061611 -0.545642
vn 0.845353 -0.043199 0.532459
vn 0.846345 -0.041259 0.531035
vn 0.865996 -0.000132 0.500050
vn 0.865996 -0.000132 0.500050
vn -0.835751 0.061611 -0.545642
vn -0.837217 0.058878 -0.543693
vn -0.813394 0.081869 -0.575924
vn -0.811879 0.082199 -0.578011
vn 0.836631 -0.048243 0.545638
vn 0.836879 -0.048991 0.545191
vn 0.846345 -0.041259 0.531035
vn 0.845353 -0.043199 0.532459
vn -0.811879 0.082199 -0.578011
vn -0.813394 0.081869 -0.575924
vn -0.850895 -0.007039 -0.525289
vn -0.856344 -0.018100 -0.516089
vn 0.901505 -0.014538 0.432524
vn 0.895534 -0.017233 0.444660
vn 0.836879 -0.048991 0.545191
vn 0.836631 -0.048243 0.545638
vn 0.931466 0.000435 0.363828
vn 0.931466 0.000435 0.363828
vn 0.895534 -0.017233 0.444660
vn 0.901505 -0.014538 0.432524
vn -0.856344 -0.018100 -0.516089
vn -0.850895 -0.007039 -0.525289
vn -0.885036 -0.085078 -0.457682
vn -0.885036 -0.085078 -0.457682
vn 0.000006 0.000034 1.000000
vn 0.000001 -0.000000 1.000000
vn 0.000001 -0.000000 1.000000
vn 0.000006 0.000034 1.000000
vn -0.000579 0.739609 0.673037
vn 0.079652 0.750417 0.656148
vn 0.124169 0.767112 0.629381
vn -0.000673 0.751594 0.659626
vn 0.003435 0.769303 0.638875
vn 0.016708 0.770590 0.637112
vn 0.079652 0.750417 0.656148
vn -0.000579 0.739609 0.673037
vn 0.016708 0.770590 0.637112
vn 0.003435 0.769303 0.638875
vn 0.008501 0.825648 0.564121
vn 0.003877 0.824991 0.565133
vn -0.866025 -0.000002 0.500001
vn -0.859187 -0.000002 0.511662
vn -0.860832 -0.000003 0.508889
vn -0.866025 -0.000002 0.500001
vn -0.541134 0.792458 0.281396
vn -0.478872 0.808991 0.340902
vn -0.445572 0.805790 0.390088
vn -0.533603 0.782921 0.319847
vn -0.568209 0.787075 0.240106
vn -0.550275 0.787537 0.277458
vn -0.478872 0.808991 0.340902
vn -0.541134 0.792458 0.281396
vn -0.624671 0.758117 0.187202
vn -0.618447 0.733713 0.281405
vn -0.550275 0.787537 0.277458
vn -0.568209 0.787075 0.240106
vn 0.550353 0.769652 0.323646
vn 0.542144 0.766698 0.343881
vn 0.526824 0.788577 0.317179
vn 0.523495 0.790977 0.316715
vn 0.529847 0.788939 0.311188
vn 0.488498 0.801805 0.344206
vn 0.523495 0.790977 0.316715
vn 0.526824 0.788577 0.317179
vn 0.488498 0.801805 0.344206
vn 0.529847 0.788939 0.311188
vn 0.539164 0.779315 0.319328
vn 0.448776 0.804397 0.389288
vn 0.859190 0.000000 0.511657
vn 0.866026 -0.000003 0.500000
vn 0.866025 -0.000003 0.500000
vn 0.860836 0.000001 0.508883
vn -0.017625 0.771135 0.636428
vn -0.027733 0.763979 0.644645
vn -0.014682 0.822997 0.567856
vn -0.005685 0.824620 0.565658
vn -0.027733 0.763979 0.644645
vn -0.017625 0.771135 0.636428
vn -0.079519 0.750412 0.656170
vn -0.129863 0.767216 0.628104
vn -0.129863 0.767216 0.628104
vn -0.079519 0.750412 0.656170
vn -0.123808 0.766603 0.630072
vn -0.170597 0.778745 0.603700
vn -0.000042 0.000067 1.000000
vn -0.000018 0.000067 1.000000
vn -0.000011 0.000067 1.000000
vn -0.000042 0.000067 1.000000
vn 0.166475 -0.766739 -0.619998
vn 0.233233 -0.746927 -0.622658
vn 0.169511 -0.765923 -0.620184
vn -0.086099 -0.810981 -0.578702
vn -0.138811 -0.778477 -0.612132
vn -0.169512 -0.765924 -0.620183
vn 0.000001 -0.000000 1.000000
vn 0.000000 0.000000 1.000000
vn 0.000000 0.000000 1.000000
vn 0.000001 -0.000000 1.000000
vn 0.079652 0.750417 0.656148
vn 0.130680 0.766891 0.628332
vn 0.172155 0.778868 0.603098
vn 0.124169 0.767112 0.629381
vn 0.016708 0.770590 0.637112
vn 0.022658 0.763034 0.645961
vn 0.130680 0.766891 0.628332
vn 0.079652 0.750417 0.656148
vn 0.022658 0.763034 0.645961
vn 0.016708 0.770590 0.637112
vn 0.003877 0.824991 0.565133
vn -0.003256 0.824915 0.565248
vn -0.866024 -0.000004 0.500002
vn -0.866025 -0.000002 0.500001
vn -0.866025 -0.000002 0.500001
vn -0.866024 -0.000003 0.500002
vn -0.557746 0.797583 0.229741
vn -0.541134 0.792458 0.281396
vn -0.533603 0.782921 0.319847
vn -0.557306 0.809599 0.184281
vn -0.558871 0.776838 0.290149
vn -0.568209 0.787075 0.240106
vn -0.541134 0.792458 0.281396
vn -0.557746 0.797583 0.229741
vn -0.558144 0.776509 0.292419
vn -0.624671 0.758117 0.187202
vn -0.568209 0.787075 0.240106
vn -0.558871 0.776838 0.290149
vn -0.859187 -0.000002 0.511662
vn -1.000000 0.000000 -0.000000
vn -1.000000 0.000000 -0.000000
vn -0.860832 -0.000003 0.508889
vn -0.478872 0.808991 0.340902
vn -0.464365 0.885644 0.000000
vn -0.439549 0.898219 0.000000
vn -0.445572 0.805790 0.390088
vn -0.550275 0.787537 0.277458
vn -0.527675 0.849446 0.000000
vn -0.464365 0.885644 0.000000
vn -0.478872 0.808991 0.340902
vn -0.618447 0.733713 0.281405
vn -0.595074 0.803671 0.000004
vn -0.527675 0.849446 0.000000
vn -0.550275 0.787537 0.277458
vn 0.542144 0.766698 0.343881
vn 0.610813 0.745406 0.266978
vn 0.576940 0.777996 0.248721
vn 0.526824 0.788577 0.317179
vn 0.552787 0.804904 0.215769
vn 0.529847 0.788939 0.311188
vn 0.526824 0.788577 0.317179
vn 0.576940 0.777996 0.248721
vn 0.529847 0.788939 0.311188
vn 0.552787 0.804904 0.215769
vn 0.560408 0.805743 0.191631
vn 0.539164 0.779315 0.319328
vn 0.866026 -0.000003 0.500000
vn 0.866024 -0.000001 0.500002
vn 0.866025 -0.000003 0.500001
vn 0.866025 -0.000003 0.500000
vn -0.571851 -0.820358 0.000000
vn -0.530918 -0.789169 -0.308768
vn -0.612598 -0.772426 -0.167575
vn -0.571851 -0.820358 0.000000
vn -0.453240 -0.762114 -0.462338
vn -0.530918 -0.789169 -0.308768
vn 0.558468 0.829526 0.000000
vn 0.595857 0.803090 0.000000
vn 0.550353 0.769652 0.323646
vn 0.523495 0.790977 0.316715
vn 0.488498 0.801805 0.344206
vn 0.481726 0.876322 0.000000
vn 0.558468 0.829526 0.000000
vn 0.523495 0.790977 0.316715
vn 0.439844 0.898074 -0.000001
vn 0.481726 0.876322 0.000000
vn 0.488498 0.801805 0.344206
vn 0.448776 0.804397 0.389288
vn 1.000000 0.000000 0.000001
vn 1.000000 0.000000 0.000001
vn 0.859190 0.000000 0.511657
vn 0.860836 0.000001 0.508883
vn -0.571851 -0.820358 0.000000
vn -0.496706 -0.867919 0.000000
vn -0.453240 -0.762114 -0.462338
vn 0.574903 -0.787500 -0.222105
vn 0.574903 -0.787500 -0.222105
vn 0.574903 -0.787500 -0.222105
vn 0.484201 -0.783800 -0.388854
vn 0.484201 -0.783800 -0.388854
vn 0.484201 -0.783800 -0.388854
vn 0.496705 -0.867919 0.000000
vn 0.496705 -0.867919 0.000000
vn 0.424139 -0.741121 -0.520428
vn -0.138811 -0.778477 -0.612132
vn -0.094478 -0.783747 -0.613853
vn -0.169512 -0.765924 -0.620183
vn 0.481968 -0.302007 0.822495
vn 0.481969 -0.302007 0.822495
vn 0.481968 -0.302007 0.822495
vn 0.481969 -0.302007 0.822495
vn 0.481969 -0.302007 0.822495
vn 0.481969 -0.302007 0.822495
vn 0.481968 -0.302007 0.822495
vn 0.481969 -0.302007 0.822495
vn -0.631676 0.230354 -0.740218
vn -0.631676 0.230354 -0.740218
vn -0.631676 0.230354 -0.740218
vn -0.631676 0.230354 -0.740218
vn -0.631676 0.230354 -0.740218
vn -0.631676 0.230354 -0.740218
vn -0.631676 0.230354 -0.740218
vn -0.631676 0.230354 -0.740218
vn -0.840624 -0.401531 0.363490
vn -0.862530 -0.365188 0.350256
vn -0.446585 -0.854347 -0.265807
vn -0.379299 -0.900137 -0.214208
vn -0.862530 -0.365188 0.350256
vn -0.916250 -0.297412 0.268388
vn -0.492824 -0.807610 -0.323869
vn -0.446585 -0.854347 -0.265807
vn -0.018468 -0.891824 -0.452005
vn -0.082400 -0.854518 -0.512845
vn 0.638664 -0.368440 -0.675544
vn 0.666345 -0.381097 -0.640898
vn -0.082400 -0.854518 -0.512845
vn -0.087728 -0.828122 -0.553641
vn 0.699585 -0.338914 -0.629061
vn 0.638664 -0.368440 -0.675544
vn -0.916250 -0.297412 0.268388
vn -0.930398 -0.292673 0.220685
vn -0.429005 -0.826996 -0.363363
vn -0.492824 -0.807610 -0.323869
vn -0.087728 -0.828122 -0.553641
vn 0.031952 -0.818593 -0.573484
vn 0.785021 -0.265069 -0.559894
vn 0.699585 -0.338914 -0.629061
vn 0.027722 0.889232 0.456615
vn 0.073428 0.849776 0.522005
vn -0.660183 0.326968 0.676202
vn -0.682101 0.336973 0.648990
vn 0.073428 0.849776 0.522005
vn 0.058715 0.831067 0.553065
vn -0.699271 0.354353 0.620849
vn -0.660183 0.326968 0.676202
vn 0.855693 0.338558 -0.391367
vn 0.870724 0.321384 -0.372226
vn 0.461949 0.849395 0.255210
vn 0.415912 0.888755 0.192697
vn 0.870724 0.321384 -0.372226
vn 0.903496 0.346280 -0.252558
vn 0.448689 0.827529 0.337452
vn 0.461949 0.849395 0.255210
vn 0.058715 0.831067 0.553065
vn 0.100201 0.855248 0.508440
vn -0.693089 0.421561 0.584734
vn -0.699271 0.354353 0.620849
vn 0.903496 0.346280 -0.252558
vn 0.909334 0.366326 -0.197275
vn 0.469407 0.824604 0.315730
vn 0.448689 0.827529 0.337452
vn 0.461949 0.849395 0.255210
vn 0.073428 0.849776 0.522005
vn 0.027722 0.889232 0.456615
vn 0.415912 0.888755 0.192697
vn 0.461949 0.849395 0.255210
vn 0.448689 0.827529 0.337452
vn 0.058715 0.831067 0.553065
vn 0.073428 0.849776 0.522005
vn 0.058715 0.831067 0.553065
vn 0.448689 0.827529 0.337452
vn 0.469407 0.824604 0.315730
vn 0.100201 0.855248 0.508440
vn -0.018468 -0.891824 -0.452005
vn -0.379299 -0.900137 -0.214208
vn -0.446585 -0.854347 -0.265807
vn -0.082400 -0.854518 -0.512845
vn -0.082400 -0.854518 -0.512845
vn -0.446585 -0.854347 -0.265807
vn -0.492824 -0.807610 -0.323869
vn -0.087728 -0.828122 -0.553641
vn -0.429005 -0.826996 -0.363363
vn 0.031952 -0.818593 -0.573484
vn -0.087728 -0.828122 -0.553641
vn -0.492824 -0.807610 -0.323869
vn -0.840624 -0.401531 0.363490
vn -0.682101 0.336973 0.648990
vn -0.660183 0.326968 0.676202
vn -0.862530 -0.365188 0.350256
vn 0.638664 -0.368440 -0.675544
vn 0.870724 0.321384 -0.372226
vn 0.855693 0.338558 -0.391367
vn 0.666345 -0.381097 -0.640898
vn -0.862530 -0.365188 0.350256
vn -0.660183 0.326968 0.676202
vn -0.699271 0.354353 0.620849
vn -0.916250 -0.297412 0.268388
vn 0.699585 -0.338914 -0.629061
vn 0.903496 0.346280 -0.252558
vn 0.870724 0.321384 -0.372226
vn 0.638664 -0.368440 -0.675544
vn 0.785021 -0.265069 -0.559894
vn 0.909334 0.366326 -0.197275
vn 0.903496 0.346280 -0.252558
vn 0.699585 -0.338914 -0.629061
vn -0.916250 -0.297412 0.268388
vn -0.699271 0.354353 0.620849
vn -0.693089 0.421561 0.584734
vn -0.930398 -0.292673 0.220685
vn -0.481034 -0.302003 0.823043
vn -0.481034 -0.302003 0.823043
vn -0.481034 -0.302003 0.823043
vn -0.481034 -0.302003 0.823043
vn -0.481034 -0.302003 0.823043
vn -0.481034 -0.302003 0.823043
vn -0.481034 -0.302003 0.823043
vn -0.481034 -0.302003 0.823043
vn 0.512697 0.230351 -0.827092
vn 0.512697 0.230350 -0.827092
vn 0.512697 0.230350 -0.827092
vn 0.512697 0.230351 -0.827092
vn 0.512697 0.230351 -0.827092
vn 0.512697 0.230350 -0.827092
vn 0.512697 0.230350 -0.827092
vn 0.512697 0.230351 -0.827092
vn -0.637140 -0.359373 -0.681838
vn -0.601265 -0.351290 -0.717688
vn 0.107268 -0.843431 -0.526419
vn 0.018373 -0.886898 -0.461600
vn -0.601265 -0.351290 -0.717688
vn -0.630222 -0.408252 -0.660417
vn 0.171802 -0.836614 -0.520155
vn 0.107268 -0.843431 -0.526419
vn 0.367479 -0.907750 -0.202359
vn 0.456225 -0.851235 -0.259340
vn 0.839938 -0.378796 0.388610
vn 0.808337 -0.421441 0.411070
vn 0.456225 -0.851235 -0.259340
vn 0.557888 -0.783863 -0.272616
vn 0.914341 -0.227520 0.334986
vn 0.839938 -0.378796 0.388610
vn -0.630222 -0.408252 -0.660417
vn -0.690371 -0.419500 -0.589414
vn 0.126743 -0.859288 -0.495540
vn 0.171802 -0.836614 -0.520155
vn 0.557888 -0.783863 -0.272616
vn 0.555137 -0.789594 -0.261466
vn 0.937631 -0.141904 0.317351
vn 0.914341 -0.227520 0.334986
vn -0.420711 0.892754 0.161223
vn -0.472296 0.846101 0.247083
vn -0.845952 0.333271 -0.416288
vn -0.823866 0.351364 -0.444733
vn -0.472296 0.846101 0.247083
vn -0.506699 0.811200 0.291909
vn -0.904555 0.284632 -0.317434
vn -0.845952 0.333271 -0.416288
vn 0.642875 0.325929 0.693168
vn 0.624111 0.302800 0.720276
vn -0.096502 0.837734 0.537484
vn -0.049870 0.890429 0.452381
vn 0.624111 0.302800 0.720276
vn 0.627067 0.421535 0.655053
vn -0.134830 0.837331 0.529809
vn -0.096502 0.837734 0.537484
vn -0.506699 0.811200 0.291909
vn -0.522286 0.812136 0.260103
vn -0.925097 0.269295 -0.267723
vn -0.904555 0.284632 -0.317434
vn 0.627067 0.421535 0.655053
vn 0.593274 0.539927 0.597080
vn -0.178941 0.871698 0.456205
vn -0.134830 0.837331 0.529809
vn -0.096502 0.837734 0.537484
vn -0.472296 0.846101 0.247083
vn -0.420711 0.892754 0.161223
vn -0.049870 0.890429 0.452381
vn -0.096502 0.837734 0.537484
vn -0.134830 0.837331 0.529809
vn -0.506699 0.811200 0.291909
vn -0.472296 0.846101 0.247083
vn -0.506699 0.811200 0.291909
vn -0.134830 0.837331 0.529809
vn -0.178941 0.871698 0.456205
vn -0.522286 0.812136 0.260103
vn 0.367479 -0.907750 -0.202359
vn 0.018373 -0.886898 -0.461600
vn 0.107268 -0.843431 -0.526419
vn 0.456225 -0.851235 -0.259340
vn 0.456225 -0.851235 -0.259340
vn 0.107268 -0.843431 -0.526419
vn 0.171802 -0.836614 -0.520155
vn 0.557888 -0.783863 -0.272616
vn 0.126743 -0.859288 -0.495540
vn 0.555137 -0.789594 -0.261466
vn 0.557888 -0.783863 -0.272616
vn 0.171802 -0.836614 -0.520155
vn -0.637140 -0.359373 -0.681838
vn -0.823866 0.351364 -0.444733
vn -0.845952 0.333271 -0.416288
vn -0.601265 -0.351290 -0.717688
vn 0.839938 -0.378796 0.388610
vn 0.624111 0.302800 0.720276
vn 0.642875 0.325929 0.693168
vn 0.808337 -0.421441 0.411070
vn -0.601265 -0.351290 -0.717688
vn -0.845952 0.333271 -0.416288
vn -0.904555 0.284632 -0.317434
vn -0.630222 -0.408252 -0.660417
vn 0.914341 -0.227520 0.334986
vn 0.627067 0.421535 0.655053
vn 0.624111 0.302800 0.720276
vn 0.839938 -0.378796 0.388610
vn 0.937631 -0.141904 0.317351
vn 0.593274 0.539927 0.597080
vn 0.627067 0.421535 0.655053
vn 0.914341 -0.227520 0.334986
vn -0.630222 -0.408252 -0.660417
vn -0.904555 0.284632 -0.317434
vn -0.925097 0.269295 -0.267723
vn -0.690371 -0.419500 -0.589414
vn 0.000000 0.000000 -1.000000
vn 0.000000 0.000000 -1.000000
vn 0.000000 0.000000 -1.000000
vn 0.000000 0.000000 -1.000000
vn -1.000000 0.000000 0.000000
vn -1.000000 0.000000 0.000000
vn -1.000000 0.000000 0.000000
vn -1.000000 0.000000 0.000000
vn 0.000000 0.000000 1.000000
vn 0.000000 0.000000 1.000000
vn 0.000000 0.000000 1.000000
vn 0.000000 0.000000 1.000000
vn 1.000000 0.000000 0.000000
vn 1.000000 0.000000 0.000000
vn 1.000000 0.000000 0.000000
vn 1.000000 0.000000 0.000000
vn 0.000000 1.000000 0.000000
vn 0.000000 1.000000 0.000000
vn 0.000000 1.000000 0.000000
vn 0.000000 1.000000 0.000000
vn 0.000000 -1.000000 0.000000
vn 0.000000 -1.000000 0.000000
vn 0.000000 -1.000000 0.000000
vn 0.000000 -1.000000 0.000000
vn 0.000000 0.000000 -1.000000
vn 0.000000 0.000000 -1.000000
vn 0.000000 0.000000 -1.000000
vn 0.000000 0.000000 -1.000000
vn -1.000000 0.000000 0.000000
vn -1.000000 0.000000 0.000000
vn -1.000000 0.000000 0.000000
vn -1.000000 0.000000 0.000000
vn 0.000000 0.000000 1.000000
vn 0.000000 0.000000 1.000000
vn 0.000000 0.000000 1.000000
vn 0.000000 0.000000 1.000000
vn 1.000000 0.000000 0.000000
vn 1.000000 0.000000 0.000000
vn 1.000000 0.000000 0.000000
vn 1.000000 0.000000 0.000000
vn 0.000000 1.000000 0.000000
vn 0.000000 1.000000 0.000000
vn 0.000000 1.000000 0.000000
vn 0.000000 1.000000 0.000000
vn 0.000000 -1.000000 0.000000
vn 0.000000 -1.000000 0.000000
vn 0.000000 -1.000000 0.000000
vn 0.000000 -1.000000 0.000000
vn 0.000000 0.000000 -1.000000
vn 0.000000 0.000000 -1.000000
vn 0.000000 0.000000 -1.000000
vn 0.000000 0.000000 -1.000000
vn 0.000000 1.000000 0.000000
vn 0.000000 1.000000 0.000000
vn 0.000000 1.000000 0.000000
vn 0.000000 1.000000 0.000000
vn 0.000000 0.000000 1.000000
vn 0.000000 0.000000 1.000000
vn 0.000000 0.000000 1.000000
vn 0.000000 0.000000 1.000000
vn 0.000000 -1.000000 0.000000
vn 0.000000 -1.000000 0.000000
vn 0.000000 -1.000000 0.000000
vn 0.000000 -1.000000 0.000000
vn 1.000000 0.000000 0.000000
vn 1.000000 0.000000 0.000000
vn 1.000000 0.000000 0.000000
vn 1.000000 0.000000 0.000000
vn -1.000000 0.000000 0.000000
vn -1.000000 0.000000 0.000000
vn -1.000000 0.000000 0.000000
vn -1.000000 0.000000 0.000000
vn 0.000000 0.000000 -1.000000
vn 0.000000 0.000000 -1.000000
vn 0.000000 0.000000 -1.000000
vn 0.000000 0.000000 -1.000000
vn -1.000000 0.000000 0.000000
vn -1.000000 0.000000 0.000000
vn -1.000000 0.000000 0.000000
vn -1.000000 0.000000 0.000000
vn 0.000000 0.000000 1.000000
vn 0.000000 0.000000 1.000000
vn 0.000000 0.000000 1.000000
vn 0.000000 0.000000 1.000000
vn 1.000000 0.000000 0.000000
vn 1.000000 0.000000 0.000000
vn 1.000000 0.000000 0.000000
vn 1.000000 0.000000 0.000000
vn 0.000000 1.000000 0.000000
vn 0.000000 1.000000 0.000000
vn 0.000000 1.000000 0.000000
vn 0.000000 1.000000 0.000000
vn 0.000000 -1.000000 0.000000
vn 0.000000 -1.000000 0.000000
vn 0.000000 -1.000000 0.000000
vn 0.000000 -1.000000 0.000000
vn 0.000000 0.000000 -1.000000
vn 0.000000 0.000000 -1.000000
vn 0.000000 0.000000 -1.000000
vn 0.000000 0.000000 -1.000000
vn -1.000000 0.000000 0.000000
vn -1.000000 0.000000 0.000000
vn -1.000000 0.000000 0.000000
vn -1.000000 0.000000 0.000000
vn 0.000000 0.000000 1.000000
vn 0.000000 0.000000 1.000000
vn 0.000000 0.000000 1.000000
vn 0.000000 0.000000 1.000000
vn 1.000000 0.000000 0.000000
vn 1.000000 0.000000 0.000000
vn 1.000000 0.000000 0.000000
vn 1.000000 0.000000 0.000000
vn 0.000000 1.000000 0.000000
vn 0.000000 1.000000 0.000000
vn 0.000000 1.000000 0.000000
vn 0.000000 1.000000 0.000000
vn 0.000000 -1.000000 0.000000
vn 0.000000 -1.000000 0.000000
vn 0.000000 -1.000000 0.000000
vn 0.000000 -1.000000 0.000000
vn 0.000000 0.000000 -1.000000
vn 0.000000 0.000000 -1.000000
vn 0.000000 0.000000 -1.000000
vn 0.000000 0.000000 -1.000000
vn -1.000000 0.000000 0.000000
vn -1.000000 0.000000 0.000000
vn -1.000000 0.000000 0.000000
vn -1.000000 0.000000 0.000000
vn 0.000000 0.000000 1.000000
vn 0.000000 0.000000 1.000000
vn 0.000000 0.000000 1.000000
vn 0.000000 0.000000 1.000000
vn 1.000000 0.000000 0.000000
vn 1.000000 0.000000 0.000000
vn 1.000000 0.000000 0.000000
vn 1.000000 0.000000 0.000000
vn 0.000000 1.000000 0.000000
vn 0.000000 1.000000 0.000000
vn 0.000000 1.000000 0.000000
vn 0.000000 1.000000 0.000000
vn 0.000000 -1.000000 0.000000
vn 0.000000 -1.000000 0.000000
vn 0.000000 -1.000000 0.000000
vn 0.000000 -1.000000 0.000000
vn 0.000000 0.000000 -1.000000
vn 0.000000 0.000000 -1.000000
vn 0.000000 0.000000 -1.000000
vn 0.000000 0.000000 -1.000000
vn -1.000000 0.000000 0.000000
vn -1.000000 0.000000 0.000000
vn -1.000000 0.000000 0.000000
vn -1.000000 0.000000 0.000000
vn 0.000000 0.000000 1.000000
vn 0.000000 0.000000 1.000000
vn 0.000000 0.000000 1.000000
vn 0.000000 0.000000 1.000000
vn 1.000000 0.000000 0.000000
vn 1.000000 0.000000 0.000000
vn 1.000000 0.000000 0.000000
vn 1.000000 0.000000 0.000000
vn 0.000000 1.000000 0.000000
vn 0.000000 1.000000 0.000000
vn 0.000000 1.000000 0.000000
vn 0.000000 1.000000 0.000000
vn 0.000000 -1.000000 0.000000
vn 0.000000 -1.000000 0.000000
vn 0.000000 -1.000000 0.000000
vn 0.000000 -1.000000 0.000000
vn -0.866028 0.000000 -0.499995
vn -0.866028 0.000000 -0.499995
vn -0.866028 0.000000 -0.499995
vn -0.866028 0.000000 -0.499995
vn -0.499994 0.000000 0.866029
vn -0.499994 0.000000 0.866029
vn -0.499994 0.000000 0.866029
vn -0.499994 0.000000 0.866029
vn 0.866030 0.000000 0.499992
vn 0.866030 0.000000 0.499992
vn 0.866030 0.000000 0.499992
vn 0.866030 0.000000 0.499992
vn 0.499987 0.000000 -0.866033
vn 0.499987 0.000000 -0.866033
vn 0.499987 0.000000 -0.866033
vn 0.499987 0.000000 -0.866033
vn 0.000000 1.000000 0.000000
vn 0.000000 1.000000 0.000000
vn 0.000000 1.000000 0.000000
vn 0.000000 1.000000 0.000000
vn 0.000000 -1.000000 0.000000
vn 0.000000 -1.000000 0.000000
vn 0.000000 -1.000000 0.000000
vn 0.000000 -1.000000 0.000000
vn -0.866024 0.000000 -0.500003
vn -0.866024 0.000000 -0.500003
vn -0.866024 0.000000 -0.500003
vn -0.866024 0.000000 -0.500003
vn -0.499994 0.000000 0.866029
vn -0.499994 0.000000 0.866029
vn -0.499994 0.000000 0.866029
vn -0.499994 0.000000 0.866029
vn 0.866024 0.000000 0.500003
vn 0.866024 0.000000 0.500003
vn 0.866024 0.000000 0.500003
vn 0.866024 0.000000 0.500003
vn 0.499994 0.000000 -0.866029
vn 0.499994 0.000000 -0.866029
vn 0.499994 0.000000 -0.866029
vn 0.499994 0.000000 -0.866029
vn 0.000000 1.000000 0.000000
vn 0.000000 1.000000 0.000000
vn 0.000000 1.000000 0.000000
vn 0.000000 1.000000 0.000000
vn 0.000000 -1.000000 0.000000
vn 0.000000 -1.000000 0.000000
vn 0.000000 -1.000000 0.000000
vn 0.000000 -1.000000 0.000000
vn -0.866025 0.000000 -0.500000
vn -0.866025 0.000000 -0.500000
vn -0.866025 0.000000 -0.500000
vn -0.866025 0.000000 -0.500000
vn 0.000000 1.000000 0.000000
vn 0.000000 1.000000 0.000000
vn 0.000000 1.000000 0.000000
vn 0.000000 1.000000 0.000000
vn 0.866026 0.000000 0.500000
vn 0.866026 0.000000 0.500000
vn 0.866026 0.000000 0.500000
vn 0.866026 0.000000 0.500000
vn 0.000000 -1.000000 0.000000
vn 0.000000 -1.000000 0.000000
vn 0.000000 -1.000000 0.000000
vn 0.000000 -1.000000 0.000000
vn -0.499996 0.000000 0.866028
vn -0.499996 0.000000 0.866028
vn -0.499996 0.000000 0.866028
vn -0.499996 0.000000 0.866028
vn -0.866028 0.000000 -0.499995
vn -0.866028 0.000000 -0.499995
vn -0.866028 0.000000 -0.499995
vn -0.866028 0.000000 -0.499995
vn -0.499994 0.000000 0.866029
vn -0.499994 0.000000 0.866029
vn -0.499994 0.000000 0.866029
vn -0.499994 0.000000 0.866029
vn 0.866030 0.000000 0.499992
vn 0.866030 0.000000 0.499992
vn 0.866030 0.000000 0.499992
vn 0.866030 0.000000 0.499992
vn 0.499987 0.000000 -0.866033
vn 0.499987 0.000000 -0.866033
vn 0.499987 0.000000 -0.866033
vn 0.499987 0.000000 -0.866033
vn 0.000000 1.000000 0.000000
vn 0.000000 1.000000 0.000000
vn 0.000000 1.000000 0.000000
vn 0.000000 1.000000 0.000000
vn 0.000000 -1.000000 0.000000
vn 0.000000 -1.000000 0.000000
vn 0.000000 -1.000000 0.000000
vn 0.000000 -1.000000 0.000000
vn -0.866024 0.000000 -0.500003
vn -0.866024 0.000000 -0.500003
vn -0.866024 0.000000 -0.500003
vn -0.866024 0.000000 -0.500003
vn -0.499994 0.000000 0.866029
vn -0.499994 0.000000 0.866029
vn -0.499994 0.000000 0.866029
vn -0.499994 0.000000 0.866029
vn 0.866035 0.000000 0.499984
vn 0.866035 0.000000 0.499984
vn 0.866035 0.000000 0.499984
vn 0.866035 0.000000 0.499984
vn 0.499996 0.000000 -0.866028
vn 0.499996 0.000000 -0.866028
vn 0.499996 0.000000 -0.866028
vn 0.499996 0.000000 -0.866028
vn 0.000000 1.000000 0.000003
vn 0.000000 1.000000 0.000003
vn 0.000000 1.000000 0.000003
vn 0.000000 1.000000 0.000003
vn 0.000000 -1.000000 0.000003
vn 0.000000 -1.000000 0.000003
vn 0.000000 -1.000000 0.000003
vn 0.000000 -1.000000 0.000003
vn -0.866024 0.000000 -0.500003
vn -0.866024 0.000000 -0.500003
vn -0.866024 0.000000 -0.500003
vn -0.866024 0.000000 -0.500003
vn -0.499987 0.000000 0.866033
vn -0.499987 0.000000 0.866033
vn -0.499987 0.000000 0.866033
vn -0.499987 0.000000 0.866033
vn 0.866032 0.000000 0.499988
vn 0.866032 0.000000 0.499988
vn 0.866032 0.000000 0.499988
vn 0.866032 0.000000 0.499988
vn 0.499996 0.000000 -0.866028
vn 0.499996 0.000000 -0.866028
vn 0.499996 0.000000 -0.866028
vn 0.499996 0.000000 -0.866028
vn 0.000000 1.000000 0.000003
vn 0.000000 1.000000 0.000003
vn 0.000000 1.000000 0.000003
vn 0.000000 1.000000 0.000003
vn 0.000000 -1.000000 0.000003
vn 0.000000 -1.000000 0.000003
vn 0.000000 -1.000000 0.000003
vn 0.000000 -1.000000 0.000003
vn -0.866026 0.000000 -0.499999
vn -0.866026 0.000000 -0.499999
vn -0.866026 0.000000 -0.499999
vn -0.866026 0.000000 -0.499999
vn -0.499996 0.000000 0.866028
vn -0.499996 0.000000 0.866028
vn -0.499996 0.000000 0.866028
vn -0.499996 0.000000 0.866028
vn 0.866015 0.000000 0.500018
vn 0.866015 0.000000 0.500018
vn 0.866015 0.000000 0.500018
vn 0.866015 0.000000 0.500018
vn 0.499994 0.000000 -0.866029
vn 0.499994 0.000000 -0.866029
vn 0.499994 0.000000 -0.866029
vn 0.499994 0.000000 -0.866029
vn 0.000000 1.000000 -0.000003
vn 0.000000 1.000000 -0.000003
vn 0.000000 1.000000 -0.000003
vn 0.000000 1.000000 -0.000003
vn 0.000000 -1.000000 0.000000
vn 0.000000 -1.000000 0.000000
vn 0.000000 -1.000000 0.000000
vn 0.000000 -1.000000 0.000000
vn -0.866022 0.000000 0.500007
vn -0.866022 0.000000 0.500007
vn -0.866022 0.000000 0.500007
vn -0.866022 0.000000 0.500007
vn 0.500019 0.000000 0.866014
vn 0.500019 0.000000 0.866014
vn 0.500019 0.000000 0.866014
vn 0.500019 0.000000 0.866014
vn 0.866028 0.000000 -0.499995
vn 0.866028 0.000000 -0.499995
vn 0.866028 0.000000 -0.499995
vn 0.866028 0.000000 -0.499995
vn -0.500004 0.000000 -0.866023
vn -0.500004 0.000000 -0.866023
vn -0.500004 0.000000 -0.866023
vn -0.500004 0.000000 -0.866023
vn 0.000000 1.000000 0.000000
vn 0.000000 1.000000 0.000000
vn 0.000000 1.000000 0.000000
vn 0.000000 1.000000 0.000000
vn 0.000000 -1.000000 0.000000
vn 0.000000 -1.000000 0.000000
vn 0.000000 -1.000000 0.000000
vn 0.000000 -1.000000 0.000000
vn -0.866024 0.000000 0.500003
vn -0.866024 0.000000 0.500003
vn -0.866024 0.000000 0.500003
vn -0.866024 0.000000 0.500003
vn 0.499994 0.000000 0.866029
vn 0.499994 0.000000 0.866029
vn 0.499994 0.000000 0.866029
vn 0.499994 0.000000 0.866029
vn 0.866015 0.000000 -0.500018
vn 0.866015 0.000000 -0.500018
vn 0.866015 0.000000 -0.500018
vn 0.866015 0.000000 -0.500018
vn -0.500002 0.000000 -0.866024
vn -0.500002 0.000000 -0.866024
vn -0.500002 0.000000 -0.866024
vn -0.500002 0.000000 -0.866024
vn 0.000000 1.000000 0.000000
vn 0.000000 1.000000 0.000000
vn 0.000000 1.000000 0.000000
vn 0.000000 1.000000 0.000000
vn 0.000000 -1.000000 0.000003
vn 0.000000 -1.000000 0.000003
vn 0.000000 -1.000000 0.000003
vn 0.000000 -1.000000 0.000003
vn -0.866025 0.000000 0.500001
vn -0.866025 0.000000 0.500001
vn -0.866025 0.000000 0.500001
vn -0.866025 0.000000 0.500001
vn 0.000000 1.000000 0.000000
vn 0.000000 1.000000 0.000000
vn 0.000000 1.000000 0.000000
vn 0.000000 1.000000 0.000000
vn 0.866025 0.000000 -0.500000
vn 0.866025 0.000000 -0.500000
vn 0.866025 0.000000 -0.500000
vn 0.866025 0.000000 -0.500000
vn 0.000000 -1.000000 -0.000001
vn 0.000000 -1.000000 -0.000001
vn 0.000000 -1.000000 -0.000001
vn 0.000000 -1.000000 -0.000001
vn 0.500005 0.000000 0.866023
vn 0.500005 0.000000 0.866023
vn 0.500005 0.000000 0.866023
vn 0.500005 0.000000 0.866023
vn -0.866032 0.000000 0.499988
vn -0.866032 0.000000 0.499988
vn -0.866032 0.000000 0.499988
vn -0.866032 0.000000 0.499988
vn 0.499964 0.000000 0.866046
vn 0.499964 0.000000 0.866046
vn 0.499964 0.000000 0.866046
vn 0.499964 0.000000 0.866046
vn 0.866035 0.000000 -0.499984
vn 0.866035 0.000000 -0.499984
vn 0.866035 0.000000 -0.499984
vn 0.866035 0.000000 -0.499984
vn -0.500004 0.000000 -0.866023
vn -0.500004 0.000000 -0.866023
vn -0.500004 0.000000 -0.866023
vn -0.500004 0.000000 -0.866023
vn 0.000000 1.000000 0.000000
vn 0.000000 1.000000 0.000000
vn 0.000000 1.000000 0.000000
vn 0.000000 1.000000 0.000000
vn 0.000000 -1.000000 0.000000
vn 0.000000 -1.000000 0.000000
vn 0.000000 -1.000000 0.000000
vn 0.000000 -1.000000 0.000000
vn -0.866015 0.000000 0.500018
vn -0.866015 0.000000 0.500018
vn -0.866015 0.000000 0.500018
vn -0.866015 0.000000 0.500018
vn 0.500036 0.000000 0.866005
vn 0.500036 0.000000 0.866005
vn 0.500036 0.000000 0.866005
vn 0.500036 0.000000 0.866005
vn 0.866035 0.000000 -0.499984
vn 0.866035 0.000000 -0.499984
vn 0.866035 0.000000 -0.499984
vn 0.866035 0.000000 -0.499984
vn -0.500025 0.000000 -0.866011
vn -0.500025 0.000000 -0.866011
vn -0.500025 0.000000 -0.866011
vn -0.500025 0.000000 -0.866011
vn 0.000000 1.000000 0.000003
vn 0.000000 1.000000 0.000003
vn 0.000000 1.000000 0.000003
vn 0.000000 1.000000 0.000003
vn 0.000000 -1.000000 0.000000
vn 0.000000 -1.000000 0.000000
vn 0.000000 -1.000000 0.000000
vn 0.000000 -1.000000 0.000000
vn -0.866024 0.000000 0.500003
vn -0.866024 0.000000 0.500003
vn -0.866024 0.000000 0.500003
vn -0.866024 0.000000 0.500003
vn 0.499962 0.000000 0.866048
vn 0.499962 0.000000 0.866048
vn 0.499962 0.000000 0.866048
vn 0.499962 0.000000 0.866048
vn 0.866015 0.000000 -0.500018
vn 0.866015 0.000000 -0.500018
vn 0.866015 0.000000 -0.500018
vn 0.866015 0.000000 -0.500018
vn -0.499970 0.000000 -0.866043
vn -0.499970 0.000000 -0.866043
vn -0.499970 0.000000 -0.866043
vn -0.499970 0.000000 -0.866043
vn 0.000000 1.000000 0.000000
vn 0.000000 1.000000 0.000000
vn 0.000000 1.000000 0.000000
vn 0.000000 1.000000 0.000000
vn 0.000000 -1.000000 0.000003
vn 0.000000 -1.000000 0.000003
vn 0.000000 -1.000000 0.000003
vn 0.000000 -1.000000 0.000003
vn -0.866032 0.000000 0.499988
vn -0.866032 0.000000 0.499988
vn -0.866032 0.000000 0.499988
vn -0.866032 0.000000 0.499988
vn 0.499996 0.000000 0.866028
vn 0.499996 0.000000 0.866028
vn 0.499996 0.000000 0.866028
vn 0.499996 0.000000 0.866028
vn 0.866026 0.000000 -0.499999
vn 0.866026 0.000000 -0.499999
vn 0.866026 0.000000 -0.499999
vn 0.866026 0.000000 -0.499999
vn -0.500011 0.000000 -0.866019
vn -0.500011 0.000000 -0.866019
vn -0.500011 0.000000 -0.866019
vn -0.500011 0.000000 -0.866019
vn 0.000000 1.000000 0.000000
vn 0.000000 1.000000 0.000000
vn 0.000000 1.000000 0.000000
vn 0.000000 1.000000 0.000000
vn 0.000000 -1.000000 0.000000
vn 0.000000 -1.000000 0.000000
vn 0.000000 -1.000000 0.000000
vn 0.000000 -1.000000 0.000000
vn 0.866025 0.000000 0.500000
vn 0.866025 0.000000 0.500000
vn 0.866025 0.000000 0.500000
vn 0.866025 0.000000 0.500000
vn 0.000000 -1.000000 0.000000
vn 0.000000 -1.000000 0.000000
vn 0.000000 -1.000000 0.000000
vn 0.000000 1.000000 0.000000
vn 0.000000 1.000000 0.000000
vn 0.000000 1.000000 0.000000
vn 0.868147 0.000000 0.496308
vn 0.868147 0.000000 0.496308
vn 0.868147 0.000000 0.496308
vn 0.868147 0.000000 0.496308
vn 0.000000 1.000000 0.000000
vn 0.000000 1.000000 0.000000
vn 0.000000 1.000000 0.000000
vn 0.000000 1.000000 0.000000
vn 0.000000 -1.000000 -0.000001
vn 0.000000 -1.000000 -0.000001
vn 0.000000 -1.000000 -0.000001
vn 0.000000 -1.000000 -0.000001
vn -0.000459 -1.000000 0.000000
vn 0.189440 -0.845037 -0.500024
vn 0.000000 -0.870793 -0.491649
vn -0.000459 -1.000000 0.000000
vn 0.442943 -0.887203 -0.129119
vn 0.516877 -0.851204 -0.091048
vn 0.000000 1.000000 0.000000
vn 0.000000 1.000000 0.000000
vn 0.000000 1.000000 0.000000
vn 0.000000 1.000000 0.000000
vn 0.000000 1.000000 0.000000
vn 0.000000 1.000000 0.000000
vn -0.000459 -1.000000 0.000000
vn 0.116666 -0.883937 -0.452819
vn 0.189440 -0.845037 -0.500024
vn 1.000000 0.000000 0.000000
vn 0.872727 0.000000 -0.488208
vn 0.872727 0.000000 -0.488208
vn 1.000000 0.000000 0.000000
vn -0.000459 -1.000000 0.000000
vn -0.423422 -0.871639 -0.246901
vn -0.517755 -0.850639 -0.091343
vn -0.000459 -1.000000 0.000000
vn -0.345307 -0.843636 -0.411147
vn -0.423422 -0.871639 -0.246901
vn 0.000000 1.000000 0.000001
vn 0.000000 1.000000 0.000000
vn 0.000000 1.000000 0.000000
vn 0.000000 1.000000 0.000001
vn 1.000000 0.000000 -0.000003
vn 0.862696 0.000000 0.505723
vn 0.862696 0.000000 0.505723
vn 1.000000 0.000000 -0.000003
vn 0.703924 0.710275 -0.000001
vn 0.649689 0.667265 0.364228
vn 0.619128 0.700236 0.355458
vn 0.648133 0.761527 0.000000
vn 0.590026 0.807385 0.000000
vn 0.580313 0.709220 0.400304
vn 0.564772 0.701698 0.434341
vn 0.577075 0.816691 0.000000
vn 1.000000 0.000005 0.000000
vn 0.864249 0.000001 0.503065
vn 0.864664 -0.000000 0.502351
vn 1.000000 0.000005 0.000000
vn -0.363369 -0.931645 0.000000
vn -0.345307 -0.843636 -0.411147
vn -0.000459 -1.000000 0.000000
vn 0.000000 1.000000 0.000000
vn 0.000000 1.000000 0.000002
vn 0.000000 1.000000 0.000002
vn 0.000000 1.000000 0.000000
vn 1.000000 0.000000 0.000000
vn 0.854978 0.000000 0.518664
vn 0.854978 0.000000 0.518664
vn 1.000000 0.000000 0.000000
vn -0.000459 -1.000000 0.000000
vn 0.516877 -0.851204 -0.091048
vn 0.423378 -0.871637 -0.246983
vn -0.000459 -1.000000 0.000000
vn 0.423378 -0.871637 -0.246983
vn 0.344659 -0.844252 -0.410425
vn -0.000459 -1.000000 0.000000
vn 0.344659 -0.844252 -0.410425
vn 0.363349 -0.931653 0.000000
vn -0.000459 -1.000000 0.000000
vn 0.000000 -0.870793 -0.491649
vn -0.189440 -0.845038 -0.500024
s off
g SM_Pagoda:SM_Pagoda
usemtl lambert4SG
f 2/1/1 1/2/2 9/3/3
f 3/4/4 2/1/5 9/3/6
f 4/5/7 3/4/8 9/3/9
f 5/6/10 4/5/11 9/3/12
f 6/7/13 5/6/14 9/3/15
f 7/8/16 6/7/17 9/3/18
f 8/9/19 7/8/20 9/3/21
f 1/2/22 8/9/23 9/3/24
f 1/10/25 2/11/26 19/12/27 20/13/28
f 2/11/29 3/14/30 26/15/31 19/12/32
f 3/14/33 4/16/34 25/17/35 26/15/36
f 4/16/37 5/18/38 24/19/39 25/17/40
f 5/18/41 6/20/42 23/21/43 24/19/44
f 6/20/45 7/22/46 22/23/47 23/21/48
f 7/22/49 8/24/50 21/25/51 22/23/52
f 8/24/53 1/26/54 20/27/55 21/25/56
f 11/28/57 12/29/58 10/30/59
f 12/29/60 13/31/61 10/30/62
f 13/31/63 14/32/64 10/30/65
f 14/32/66 15/33/67 10/30/68
f 15/33/69 16/34/70 10/30/71
f 16/34/72 17/35/73 10/30/74
f 17/35/75 18/36/76 10/30/77
f 18/36/78 11/28/79 10/30/80
f 20/27/81 27/37/82 34/38/83 21/25/84
f 19/12/85 28/39/86 27/40/87 20/13/88
f 26/15/89 29/41/90 28/39/91 19/12/92
f 25/17/93 30/42/94 29/41/95 26/15/96
f 24/19/97 31/43/98 30/42/99 25/17/100
f 23/21/101 32/44/102 31/43/103 24/19/104
f 22/23/105 33/45/106 32/44/107 23/21/108
f 21/25/109 34/38/110 33/45/111 22/23/112
f 35/46/113 36/47/114 40/48/115 39/49/116
f 36/50/117 35/51/118 37/52/119 38/53/120
f 38/53/121 37/54/122 49/55/123 50/56/124
f 39/57/125 40/48/126 42/58/127 41/59/128
f 41/60/129 42/58/130 44/61/131 43/62/132
f 43/63/133 44/61/134 46/64/135 45/65/136
f 45/66/137 46/64/138 48/67/139 47/68/140
f 47/69/141 48/67/142 50/56/143 49/70/144
f 35/51/145 11/71/146 18/72/147 37/52/148
f 11/73/149 35/46/150 39/49/151 12/74/152
f 12/75/153 39/57/154 41/59/155 13/76/156
f 13/77/157 41/60/158 43/62/159 14/78/160
f 14/79/161 43/63/162 45/65/163 15/80/164
f 15/81/165 45/66/166 47/68/167 16/82/168
f 16/83/169 47/69/170 49/70/171 17/84/172
f 17/85/173 49/55/174 37/54/175 18/86/176
f 27/40/177 28/39/178 40/48/179 36/47/180
f 34/38/181 27/37/182 36/50/183 38/53/184
f 33/45/185 34/38/186 38/53/187 50/56/188
f 32/44/189 33/45/190 50/56/191 48/67/192
f 31/43/193 32/44/194 48/67/195 46/64/196
f 30/42/197 31/43/198 46/64/199 44/61/200
f 29/41/201 30/42/202 44/61/203 42/58/204
f 28/39/205 29/41/206 42/58/207 40/48/208
f 51/87/209 52/88/210 53/89/211 54/90/212
f 52/88/213 55/91/214 56/92/215 53/89/216
f 55/91/217 57/93/218 58/94/219 56/92/220
f 57/93/221 59/95/222 60/96/223 58/94/224
f 59/95/225 61/97/226 62/98/227 60/96/228
f 61/97/229 63/99/230 64/100/231 62/98/232
f 63/99/233 65/101/234 66/102/235 64/100/236
f 65/101/237 51/103/238 54/104/239 66/102/240
usemtl lambert2SG
f 67/105/241 68/106/242 69/107/243
f 70/108/244 67/105/245 69/107/246
f 71/109/247 70/108/248 69/107/249
f 72/110/250 71/109/251 69/107/252
f 73/111/253 72/110/254 69/107/255
f 74/112/256 73/111/257 69/107/258
f 75/113/259 74/112/260 69/107/261
f 68/106/262 75/113/263 69/107/264
usemtl lambert4SG
f 76/114/265 54/90/266 53/89/267
f 76/114/268 53/89/269 56/92/270
f 76/114/271 56/92/272 58/94/273
f 76/114/274 58/94/275 60/96/276
f 76/114/277 60/96/278 62/98/279
f 76/114/280 62/98/281 64/100/282
f 76/114/283 64/100/284 66/102/285
f 76/114/286 66/102/287 54/104/288
usemtl lambert2SG
f 68/115/289 67/116/290 77/117/291 78/118/292
f 67/116/293 70/119/294 79/120/295 77/117/296
f 70/119/297 71/121/298 80/122/299 79/120/300
f 71/121/301 72/123/302 81/124/303 80/122/304
f 72/123/305 73/125/306 82/126/307 81/124/308
f 73/125/309 74/127/310 83/128/311 82/126/312
f 74/127/313 75/129/314 84/130/315 83/128/316
f 75/129/317 68/131/318 78/132/319 84/130/320
usemtl lambert4SG
f 78/118/321 77/117/322 52/88/323 51/87/324
f 77/117/325 79/120/326 55/91/327 52/88/328
f 79/120/329 80/122/330 57/93/331 55/91/332
f 80/122/333 81/124/334 59/95/335 57/93/336
f 81/124/337 82/126/338 61/97/339 59/95/340
f 82/126/341 83/128/342 63/99/343 61/97/344
f 83/128/345 84/130/346 65/101/347 63/99/348
f 84/130/349 78/132/350 51/103/351 65/101/352
f 85/133/353 86/134/354 87/135/355 88/136/356
f 86/134/357 89/137/358 90/138/359 87/135/360
f 89/137/361 91/139/362 92/140/363 90/138/364
f 91/139/365 93/141/366 94/142/367 92/140/368
f 93/141/369 95/143/370 96/144/371 94/142/372
f 95/143/373 97/145/374 98/146/375 96/144/376
f 97/145/377 99/147/378 100/148/379 98/146/380
f 99/147/381 85/149/382 88/150/383 100/148/384
usemtl lambert2SG
f 101/151/385 102/152/386 103/153/387
f 104/154/388 101/151/389 103/153/390
f 105/155/391 104/154/392 103/153/393
f 106/156/394 105/155/395 103/153/396
f 107/157/397 106/156/398 103/153/399
f 108/158/400 107/157/401 103/153/402
f 109/159/403 108/158/404 103/153/405
f 102/152/406 109/159/407 103/153/408
usemtl lambert4SG
f 110/160/409 88/136/410 87/135/411
f 110/160/412 87/135/413 90/138/414
f 110/160/415 90/138/416 92/140/417
f 110/160/418 92/140/419 94/142/420
f 110/160/421 94/142/422 96/144/423
f 110/160/424 96/144/425 98/146/426
f 110/160/427 98/146/428 100/148/429
f 110/160/430 100/148/431 88/150/432
usemtl lambert2SG
f 102/161/433 101/162/434 111/163/435 112/164/436
f 101/162/437 104/165/438 113/166/439 111/163/440
f 104/165/441 105/167/442 114/168/443 113/166/444
f 105/167/445 106/169/446 115/170/447 114/168/448
f 106/169/449 107/171/450 116/172/451 115/170/452
f 107/171/453 108/173/454 117/174/455 116/172/456
f 108/173/457 109/175/458 118/176/459 117/174/460
f 109/175/461 102/177/462 112/178/463 118/176/464
usemtl lambert4SG
f 112/164/465 111/163/466 86/134/467 85/133/468
f 111/163/469 113/166/470 89/137/471 86/134/472
f 113/166/473 114/168/474 91/139/475 89/137/476
f 114/168/477 115/170/478 93/141/479 91/139/480
f 115/170/481 116/172/482 95/143/483 93/141/484
f 116/172/485 117/174/486 97/145/487 95/143/488
f 117/174/489 118/176/490 99/147/491 97/145/492
f 118/176/493 112/178/494 85/149/495 99/147/496
usemtl lambert5SG
f 119/179/497 120/180/498 122/181/499 121/182/500
f 120/180/501 723/183/502 725/184/503 122/181/504
f 120/185/505 119/186/506 727/187/507 728/188/508
f 119/186/509 724/189/510 727/187/511
f 121/190/512 122/191/513 730/192/514 729/193/515
f 122/191/516 725/194/517 730/192/518
usemtl lambert4SG
f 141/195/519 142/196/520 143/197/521 144/198/522
f 142/196/523 145/199/524 146/200/525 143/197/526
f 145/199/527 147/201/528 148/202/529 146/200/530
f 147/201/531 149/203/532 150/204/533 148/202/534
f 149/203/535 151/205/536 152/206/537 150/204/538
f 151/205/539 153/207/540 154/208/541 152/206/542
f 153/207/543 155/209/544 156/210/545 154/208/546
f 155/209/547 141/211/548 144/212/549 156/210/550
usemtl lambert2SG
f 124/213/551 123/214/552 131/215/553
f 125/216/554 124/213/555 131/215/556
f 126/217/557 125/216/558 131/215/559
f 127/218/560 126/217/561 131/215/562
f 128/219/563 127/218/564 131/215/565
f 129/220/566 128/219/567 131/215/568
f 130/221/569 129/220/570 131/215/571
f 123/214/572 130/221/573 131/215/574
usemtl lambert4SG
f 132/222/575 144/198/576 143/197/577
f 132/222/578 143/197/579 146/200/580
f 132/222/581 146/200/582 148/202/583
f 132/222/584 148/202/585 150/204/586
f 132/222/587 150/204/588 152/206/589
f 132/222/590 152/206/591 154/208/592
f 132/222/593 154/208/594 156/210/595
f 132/222/596 156/210/597 144/212/598
usemtl lambert2SG
f 123/223/599 124/224/600 134/225/601 133/226/602
f 124/224/603 125/227/604 135/228/605 134/225/606
f 125/227/607 126/229/608 136/230/609 135/228/610
f 126/229/611 127/231/612 137/232/613 136/230/614
f 127/231/615 128/233/616 138/234/617 137/232/618
f 128/233/619 129/235/620 139/236/621 138/234/622
f 129/235/623 130/237/624 140/238/625 139/236/626
f 130/237/627 123/239/628 133/240/629 140/238/630
usemtl lambert4SG
f 133/226/631 134/225/632 142/196/633 141/195/634
f 134/225/635 135/228/636 145/199/637 142/196/638
f 135/228/639 136/230/640 147/201/641 145/199/642
f 136/230/643 137/232/644 149/203/645 147/201/646
f 137/232/647 138/234/648 151/205/649 149/203/650
f 138/234/651 139/236/652 153/207/653 151/205/654
f 139/236/655 140/238/656 155/209/657 153/207/658
f 140/238/659 133/240/660 141/211/661 155/209/662
f 175/241/663 176/242/664 177/243/665 178/244/666
f 176/242/667 179/245/668 180/246/669 177/243/670
f 179/245/671 181/247/672 182/248/673 180/246/674
f 181/247/675 183/249/676 184/250/677 182/248/678
f 183/249/679 185/251/680 186/252/681 184/250/682
f 185/251/683 187/253/684 188/254/685 186/252/686
f 187/253/687 189/255/688 190/256/689 188/254/690
f 189/255/691 175/257/692 178/258/693 190/256/694
usemtl lambert2SG
f 158/259/695 157/260/696 165/261/697
f 159/262/698 158/259/699 165/261/700
f 160/263/701 159/262/702 165/261/703
f 161/264/704 160/263/705 165/261/706
f 162/265/707 161/264/708 165/261/709
f 163/266/710 162/265/711 165/261/712
f 164/267/713 163/266/714 165/261/715
f 157/260/716 164/267/717 165/261/718
usemtl lambert4SG
f 166/268/719 178/244/720 177/243/721
f 166/268/722 177/243/723 180/246/724
f 166/268/725 180/246/726 182/248/727
f 166/268/728 182/248/729 184/250/730
f 166/268/731 184/250/732 186/252/733
f 166/268/734 186/252/735 188/254/736
f 166/268/737 188/254/738 190/256/739
f 166/268/740 190/256/741 178/258/742
usemtl lambert2SG
f 157/269/743 158/270/744 168/271/745 167/272/746
f 158/270/747 159/273/748 169/274/749 168/271/750
f 159/273/751 160/275/752 170/276/753 169/274/754
f 160/275/755 161/277/756 171/278/757 170/276/758
f 161/277/759 162/279/760 172/280/761 171/278/762
f 162/279/763 163/281/764 173/282/765 172/280/766
f 163/281/767 164/283/768 174/284/769 173/282/770
f 164/283/771 157/285/772 167/286/773 174/284/774
usemtl lambert4SG
f 167/272/775 168/271/776 176/242/777 175/241/778
f 168/271/779 169/274/780 179/245/781 176/242/782
f 169/274/783 170/276/784 181/247/785 179/245/786
f 170/276/787 171/278/788 183/249/789 181/247/790
f 171/278/791 172/280/792 185/251/793 183/249/794
f 172/280/795 173/282/796 187/253/797 185/251/798
f 173/282/799 174/284/800 189/255/801 187/253/802
f 174/284/803 167/286/804 175/257/805 189/255/806
usemtl lambert2SG
f 195/287/807 196/288/808 197/289/809 198/290/810
f 196/288/811 735/291/812 736/292/813 197/289/814
f 191/293/815 192/294/816 196/288/817 195/287/818
f 194/295/819 193/296/820 198/290/821 197/289/822
f 192/294/823 731/297/824 735/291/825 196/288/826
f 193/298/827 734/299/828 738/300/829 198/301/830
f 192/294/831 194/295/832 733/302/833 731/297/834
f 192/294/835 191/303/836 193/296/837 194/295/838
f 193/296/839 191/303/840 732/304/841 734/305/842
usemtl lambert3SG
f 300/306/843 301/307/844 230/308/845 241/309/846
f 270/310/847 271/311/848 250/312/849
f 323/313/850 324/314/851 325/315/852 326/316/853 758/317/854 759/318/855
f 221/319/856 222/320/857 223/321/858 224/322/859
f 200/323/860 199/324/861 739/325/862
f 224/326/863 223/327/864 225/328/865 226/329/866
f 203/330/867 204/331/868 739/332/869
f 232/333/870 231/334/871 233/335/872 234/336/873
f 234/337/874 233/338/875 235/339/876 236/340/877
f 226/341/878 225/342/879 227/343/880 228/344/881
f 236/345/882 235/346/883 237/347/884 238/348/885
f 229/349/886 230/350/887 228/344/888 227/351/889
f 239/352/890 240/353/891 238/354/892 237/347/893
f 277/355/894 278/356/895 243/357/896 244/358/897
f 203/359/898 283/360/899 284/361/900 205/362/901
f 305/363/902 306/364/903 199/365/904 201/366/905
f 199/367/906 306/368/907 739/369/908
f 276/370/909 277/371/910 244/372/911 245/373/912
f 304/374/913 305/375/914 201/376/915 207/377/916
f 219/378/917 286/379/918 287/380/919 217/381/920
f 302/382/921 303/383/922 214/384/923 213/385/924
f 205/386/925 284/387/926 285/388/927 210/389/928
f 246/390/929 247/391/930 274/392/931 275/393/932
f 207/377/933 214/384/934 303/383/935 304/374/936
f 219/378/937 210/389/938 285/388/939 286/379/940
f 275/393/941 276/370/942 245/373/943 246/390/944
f 229/394/945 241/309/946 230/308/947
f 240/395/948 239/396/949 242/397/950
f 199/398/951 200/399/952 222/320/953 221/319/954
f 200/399/955 202/400/956 223/321/957 222/320/958
f 201/401/959 199/398/960 221/319/961 224/322/962
f 202/402/963 208/403/964 225/328/965 223/327/966
f 207/404/967 201/405/968 224/326/969 226/329/970
f 208/406/971 215/407/972 227/408/973 225/409/974
f 214/410/975 207/411/976 226/412/977 228/413/978
f 213/414/979 214/415/980 228/416/981 230/417/982
f 215/418/983 211/419/984 229/420/985 227/421/986
f 204/422/987 203/423/988 231/424/989 232/425/990
f 203/426/991 205/427/992 233/428/993 231/429/994
f 206/430/995 204/431/996 232/432/997 234/433/998
f 205/434/999 210/435/1000 235/436/1001 233/437/1002
f 209/438/1003 206/439/1004 234/440/1005 236/441/1006
f 210/442/1007 219/443/1008 237/444/1009 235/445/1010
f 220/446/1011 209/438/1012 236/447/1013 238/448/1014
f 216/449/1015 220/450/1016 238/354/1017 240/353/1018
f 219/378/1019 217/381/1020 239/352/1021 237/347/1022
f 272/451/1023 273/452/1024 248/453/1025 249/454/1026
f 242/455/1027 239/396/1028 288/456/1029 289/457/1030
f 301/307/1031 302/382/1032 213/385/1033 230/308/1034
f 212/458/1035 299/459/1036 300/306/1037 241/309/1038
f 273/452/1039 274/392/1040 247/391/1041 248/453/1042
f 249/454/1043 250/312/1044 271/311/1045 272/451/1046
f 217/381/1047 287/380/1048 288/456/1049 239/396/1050
f 289/457/1051 290/460/1052 218/461/1053 242/455/1054
f 244/358/1055 243/357/1056 279/462/1057 280/463/1058
f 245/373/1059 244/372/1060 280/464/1061 281/465/1062
f 246/390/1063 245/373/1064 281/465/1065 282/466/1066
f 282/466/1067 267/467/1068 247/391/1069 246/390/1070
f 248/453/1071 247/391/1072 267/467/1073 268/468/1074
f 249/454/1075 248/453/1076 268/468/1077 269/469/1078
f 269/469/1079 270/310/1080 250/312/1081 249/454/1082
f 252/470/1083 251/471/1084 291/472/1085 292/473/1086
f 253/474/1087 252/475/1088 292/476/1089 293/477/1090
f 254/478/1091 253/474/1092 293/477/1093 294/479/1094
f 255/480/1095 254/478/1096 294/479/1097 295/481/1098
f 256/482/1099 255/480/1100 295/481/1101 296/483/1102
f 257/484/1103 256/482/1104 296/483/1105 297/485/1106
f 297/485/1107 298/486/1108 258/487/1109 257/484/1110
f 260/488/1111 259/489/1112 307/490/1113 308/491/1114
f 308/491/1115 309/492/1116 261/493/1117 260/488/1118
f 309/492/1119 310/494/1120 262/495/1121 261/493/1122
f 310/494/1123 311/496/1124 263/497/1125 262/495/1126
f 264/498/1127 263/497/1128 311/496/1129 312/499/1130
f 312/499/1131 313/500/1132 265/501/1133 264/498/1134
f 313/502/1135 314/503/1136 266/504/1137 265/505/1138
f 268/468/1139 267/467/1140 216/506/1141 240/507/1142
f 269/469/1143 268/468/1144 240/507/1145 242/455/1146
f 218/508/1147 270/310/1148 269/469/1149 242/455/1150
f 330/509/1151 331/510/1152 332/511/1153 323/313/1154 759/318/1155 761/512/1156
f 272/451/1157 271/311/1158 212/458/1159 241/309/1160
f 241/309/1161 229/513/1162 273/452/1163 272/451/1164
f 211/514/1165 274/392/1166 273/452/1167 229/513/1168
f 275/393/1169 274/392/1170 211/514/1171 215/515/1172
f 215/515/1173 208/403/1174 276/370/1175 275/393/1176
f 208/403/1177 202/402/1178 277/371/1179 276/370/1180
f 202/400/1181 200/399/1182 278/356/1183 277/355/1184
f 204/331/1185 279/516/1186 739/332/1187
f 280/463/1188 279/462/1189 204/517/1190 206/518/1191
f 281/465/1192 280/464/1193 206/519/1194 209/520/1195
f 282/466/1196 281/465/1197 209/521/1198 220/522/1199
f 220/522/1200 216/506/1201 267/467/1202 282/466/1203
f 284/361/1204 283/360/1205 251/471/1206 252/470/1207
f 285/388/1208 284/387/1209 252/475/1210 253/474/1211
f 286/379/1212 285/388/1213 253/474/1214 254/478/1215
f 287/380/1216 286/379/1217 254/478/1218 255/480/1219
f 288/456/1220 287/380/1221 255/480/1222 256/482/1223
f 289/457/1224 288/456/1225 256/482/1226 257/484/1227
f 257/484/1228 258/487/1229 290/460/1230 289/457/1231
f 292/473/1232 291/472/1233 744/523/1234 740/524/1235
f 293/477/1236 292/476/1237 740/525/1238 743/526/1239
f 294/479/1240 293/477/1241 743/526/1242 745/527/1243
f 295/481/1244 294/479/1245 745/527/1246 746/528/1247
f 296/483/1248 295/481/1249 746/528/1250 747/529/1251
f 297/485/1252 296/483/1253 747/529/1254 748/530/1255
f 300/306/1256 299/459/1257 259/489/1258 260/488/1259
f 260/488/1260 261/493/1261 301/307/1262 300/306/1263
f 261/493/1264 262/495/1265 302/382/1266 301/307/1267
f 262/495/1268 263/497/1269 303/383/1270 302/382/1271
f 304/374/1272 303/383/1273 263/497/1274 264/498/1275
f 264/498/1276 265/501/1277 305/375/1278 304/374/1279
f 265/505/1280 266/504/1281 306/364/1282 305/363/1283
f 308/491/1284 307/490/1285 750/531/1286 751/532/1287
f 312/499/1288 311/496/1289 742/533/1290 754/534/1291
f 290/460/1292 258/487/1293 316/535/1294 315/536/1295
f 258/487/1296 298/486/1297 317/537/1298 316/535/1299
f 298/486/1300 749/538/1301 756/539/1302 317/537/1303
f 307/490/1304 259/489/1305 319/540/1306 318/541/1307
f 259/489/1308 299/459/1309 320/542/1310 319/540/1311
f 271/311/1312 270/310/1313 322/543/1314 321/544/1315
usemtl lambert6SG
f 218/545/1316 290/546/1317 333/547/1318 334/548/1319
f 315/536/1320 316/535/1321 325/315/1322 324/314/1323
f 316/535/1324 317/537/1325 326/316/1326 325/315/1327
f 317/537/1328 756/539/1329 758/317/1330 326/316/1331
f 318/541/1332 319/540/1333 328/549/1334 327/550/1335
f 319/540/1336 320/542/1337 329/551/1338 328/549/1339
f 299/552/1340 212/553/1341 336/554/1342 337/555/1343
f 212/553/1344 271/556/1345 338/557/1346 336/554/1347
usemtl lambert5SG
f 321/544/1348 322/543/1349 332/511/1350 331/510/1351
usemtl lambert6SG
f 270/558/1352 218/545/1353 334/548/1354 335/559/1355
f 315/536/1356 324/314/1357 333/547/1358 290/546/1359
usemtl lambert3SG
f 324/314/1360 323/313/1361 334/548/1362 333/547/1363
f 323/560/1364 332/561/1365 335/562/1366 334/563/1367
usemtl lambert6SG
f 332/564/1368 322/565/1369 270/566/1370 335/567/1371
usemtl lambert3SG
f 330/568/1372 329/569/1373 337/570/1374 336/571/1375
usemtl lambert6SG
f 329/572/1376 320/573/1377 299/574/1378 337/575/1379
f 321/576/1380 331/577/1381 338/578/1382 271/579/1383
usemtl lambert3SG
f 331/580/1384 330/581/1385 336/582/1386 338/583/1387
usemtl lambert4SG
f 343/584/1388 344/585/1389 340/586/1390 339/587/1391 356/588/1392 355/589/1393 360/590/1394 359/591/1395
f 353/592/1396 354/593/1397 352/594/1398 351/595/1399 368/596/1400 367/597/1401 370/598/1402 369/599/1403
f 339/587/1404 340/586/1405 341/600/1406 342/601/1407
f 342/602/1408 341/603/1409 347/604/1410 348/605/1411
f 344/585/1412 343/584/1413 346/606/1414 345/607/1415
f 345/608/1416 346/609/1417 350/610/1418 349/611/1419
f 348/612/1420 347/613/1421 354/593/1422 353/592/1423
f 349/614/1424 350/615/1425 351/595/1426 352/594/1427
f 355/589/1428 356/588/1429 358/616/1430 357/617/1431
f 357/618/1432 358/619/1433 364/620/1434 363/621/1435
f 359/591/1436 360/590/1437 362/622/1438 361/623/1439
f 361/624/1440 362/625/1441 366/626/1442 365/627/1443
f 363/628/1444 364/629/1445 369/599/1446 370/598/1447
f 365/627/1448 366/630/1449 367/597/1450 368/596/1451
f 362/622/1452 360/590/1453 355/589/1454 357/617/1455
f 362/625/1456 357/618/1457 363/621/1458 366/626/1459
f 363/628/1460 370/598/1461 367/597/1462 366/630/1463
f 344/585/1464 345/607/1465 341/600/1466 340/586/1467
f 345/608/1468 349/611/1469 347/604/1470 341/603/1471
f 354/593/1472 347/613/1473 349/614/1474 352/594/1475
f 339/587/1476 342/631/1477 358/616/1478 356/588/1479
f 346/632/1480 343/584/1481 359/591/1482 361/623/1483
f 342/633/1484 348/634/1485 364/620/1486 358/619/1487
f 350/635/1488 346/636/1489 361/624/1490 365/627/1491
f 351/595/1492 350/635/1493 365/627/1494 368/596/1495
f 348/637/1496 353/592/1497 369/599/1498 364/629/1499
f 375/638/1500 376/639/1501 372/640/1502 371/641/1503 388/642/1504 387/643/1505 392/644/1506 391/645/1507
f 385/646/1508 386/647/1509 384/648/1510 383/649/1511 400/650/1512 399/651/1513 402/652/1514 401/653/1515
f 371/641/1516 372/640/1517 373/654/1518 374/655/1519
f 374/656/1520 373/657/1521 379/658/1522 380/659/1523
f 376/639/1524 375/638/1525 378/660/1526 377/661/1527
f 377/662/1528 378/663/1529 382/664/1530 381/665/1531
f 380/666/1532 379/667/1533 386/647/1534 385/646/1535
f 381/668/1536 382/669/1537 383/649/1538 384/648/1539
f 387/643/1540 388/642/1541 390/670/1542 389/671/1543
f 389/672/1544 390/673/1545 396/674/1546 395/675/1547
f 391/645/1548 392/644/1549 394/676/1550 393/677/1551
f 393/678/1552 394/679/1553 398/680/1554 397/681/1555
f 395/682/1556 396/683/1557 401/653/1558 402/652/1559
f 397/681/1560 398/684/1561 399/651/1562 400/650/1563
f 394/676/1564 392/644/1565 387/643/1566 389/671/1567
f 394/679/1568 389/672/1569 395/675/1570 398/680/1571
f 395/682/1572 402/652/1573 399/651/1574 398/684/1575
f 376/639/1576 377/661/1577 373/654/1578 372/640/1579
f 377/662/1580 381/665/1581 379/658/1582 373/657/1583
f 386/647/1584 379/667/1585 381/668/1586 384/648/1587
f 371/641/1588 374/685/1589 390/670/1590 388/642/1591
f 378/686/1592 375/638/1593 391/645/1594 393/677/1595
f 374/687/1596 380/688/1597 396/674/1598 390/673/1599
f 382/689/1600 378/690/1601 393/678/1602 397/681/1603
f 383/649/1604 382/689/1605 397/681/1606 400/650/1607
f 380/691/1608 385/646/1609 401/653/1610 396/683/1611
usemtl lambert3SG
f 434/692/1612 435/693/1613 436/694/1614 437/695/1615
f 414/696/1616 413/697/1617 421/698/1618
f 437/699/1619 436/700/1620 438/701/1621 439/702/1622
f 417/703/1623 418/704/1624 421/698/1625
f 445/705/1626 444/706/1627 446/707/1628 447/708/1629
f 447/709/1630 446/710/1631 448/711/1632 449/712/1633
f 439/713/1634 438/714/1635 440/715/1636 441/716/1637
f 449/717/1638 448/718/1639 450/719/1640 451/720/1641
f 442/721/1642 443/722/1643 441/716/1644 440/723/1645
f 452/724/1646 453/725/1647 451/726/1648 450/719/1649
f 473/727/1650 474/728/1651 454/729/1652 455/730/1653
f 417/731/1654 479/732/1655 480/733/1656 419/734/1657
f 492/735/1658 493/736/1659 413/737/1660 415/738/1661
f 421/698/1662 454/739/1663 474/740/1664
f 421/741/1665 479/742/1666 417/743/1667
f 413/744/1668 493/745/1669 421/746/1670
f 472/747/1671 473/748/1672 455/749/1673 456/750/1674
f 491/751/1675 492/752/1676 415/753/1677 422/754/1678
f 432/755/1679 482/756/1680 483/757/1681 431/758/1682
f 489/759/1683 490/760/1684 428/761/1685 427/762/1686
f 419/763/1687 480/764/1688 481/765/1689 425/766/1690
f 457/767/1691 458/768/1692 470/769/1693 471/770/1694
f 422/754/1695 428/761/1696 490/760/1697 491/751/1698
f 432/755/1699 425/766/1700 481/765/1701 482/756/1702
f 471/770/1703 472/747/1704 456/750/1705 457/767/1706
f 413/771/1707 414/772/1708 435/693/1709 434/692/1710
f 414/772/1711 416/773/1712 436/694/1713 435/693/1714
f 415/774/1715 413/771/1716 434/692/1717 437/695/1718
f 416/775/1719 423/776/1720 438/701/1721 436/700/1722
f 422/777/1723 415/778/1724 437/699/1725 439/702/1726
f 423/779/1727 429/780/1728 440/781/1729 438/782/1730
f 428/783/1731 422/784/1732 439/785/1733 441/786/1734
f 427/787/1735 428/788/1736 441/789/1737 443/790/1738
f 429/791/1739 426/792/1740 442/793/1741 440/794/1742
f 418/795/1743 417/796/1744 444/797/1745 445/798/1746
f 417/799/1747 419/800/1748 446/801/1749 444/802/1750
f 420/803/1751 418/804/1752 445/805/1753 447/806/1754
f 419/807/1755 425/808/1756 448/809/1757 446/810/1758
f 424/811/1759 420/812/1760 447/813/1761 449/814/1762
f 425/815/1763 432/816/1764 450/817/1765 448/818/1766
f 433/819/1767 424/811/1768 449/820/1769 451/821/1770
f 430/822/1771 433/823/1772 451/726/1773 453/725/1774
f 432/755/1775 431/758/1776 452/724/1777 450/719/1778
f 455/730/1779 454/729/1780 475/824/1781 476/825/1782
f 456/750/1783 455/749/1784 476/826/1785 477/827/1786
f 457/767/1787 456/750/1788 477/827/1789 478/828/1790
f 478/828/1791 469/829/1792 458/768/1793 457/767/1794
f 460/830/1795 459/831/1796 484/832/1797 485/833/1798
f 461/834/1799 460/835/1800 485/836/1801 486/837/1802
f 462/838/1803 461/834/1804 486/837/1805 487/839/1806
f 463/840/1807 462/838/1808 487/839/1809 488/841/1810
f 494/842/1811 495/843/1812 465/844/1813 464/845/1814
f 466/846/1815 465/844/1816 495/843/1817 496/847/1818
f 496/847/1819 497/848/1820 467/849/1821 466/846/1822
f 497/850/1823 498/851/1824 468/852/1825 467/853/1826
f 471/770/1827 470/769/1828 426/854/1829 429/855/1830
f 429/855/1831 423/776/1832 472/747/1833 471/770/1834
f 423/776/1835 416/775/1836 473/748/1837 472/747/1838
f 416/773/1839 414/772/1840 474/728/1841 473/727/1842
f 421/698/1843 474/740/1844 414/696/1845
f 418/704/1846 475/856/1847 421/698/1848
f 476/825/1849 475/824/1850 418/857/1851 420/858/1852
f 477/827/1853 476/826/1854 420/859/1855 424/860/1856
f 478/828/1857 477/827/1858 424/861/1859 433/862/1860
f 433/862/1861 430/863/1862 469/829/1863 478/828/1864
f 480/733/1865 479/732/1866 459/831/1867 460/830/1868
f 481/765/1869 480/764/1870 460/835/1871 461/834/1872
f 482/756/1873 481/765/1874 461/834/1875 462/838/1876
f 483/757/1877 482/756/1878 462/838/1879 463/840/1880
f 485/833/1881 484/832/1882 403/864/1883 405/865/1884
f 486/837/1885 485/836/1886 405/866/1887 412/867/1888
f 487/839/1889 486/837/1890 412/867/1891 411/868/1892
f 488/841/1893 487/839/1894 411/868/1895 408/869/1896
f 464/845/1897 465/844/1898 490/760/1899 489/759/1900
f 491/751/1901 490/760/1902 465/844/1903 466/846/1904
f 466/846/1905 467/849/1906 492/752/1907 491/751/1908
f 467/853/1909 468/852/1910 493/736/1911 492/735/1912
f 421/746/1913 493/745/1914 468/870/1915
f 421/746/1916 468/870/1917 498/871/1918
f 410/872/1919 495/843/1920 494/842/1921 407/873/1922
f 496/847/1923 495/843/1924 410/872/1925 409/874/1926
f 406/875/1927 497/848/1928 496/847/1929 409/874/1930
f 404/876/1931 498/851/1932 497/850/1933 406/877/1934
f 421/746/1935 498/871/1936 404/878/1937
f 421/741/1938 459/879/1939 479/742/1940
f 421/741/1941 484/880/1942 459/879/1943
f 403/881/1944 484/880/1945 421/741/1946
f 421/698/1947 475/856/1948 454/739/1949
usemtl lambert4SG
f 503/882/1950 504/883/1951 500/884/1952 499/885/1953 516/886/1954 515/887/1955 520/888/1956 519/889/1957
f 513/890/1958 514/891/1959 512/892/1960 511/893/1961 528/894/1962 527/895/1963 530/896/1964 529/897/1965
f 499/885/1966 500/884/1967 501/898/1968 502/899/1969
f 502/900/1970 501/901/1971 507/902/1972 508/903/1973
f 504/883/1974 503/882/1975 506/904/1976 505/905/1977
f 505/906/1978 506/907/1979 510/908/1980 509/909/1981
f 508/910/1982 507/911/1983 514/891/1984 513/890/1985
f 509/912/1986 510/913/1987 511/893/1988 512/892/1989
f 515/887/1990 516/886/1991 518/914/1992 517/915/1993
f 517/916/1994 518/917/1995 524/918/1996 523/919/1997
f 519/889/1998 520/888/1999 522/920/2000 521/921/2001
f 521/922/2002 522/923/2003 526/924/2004 525/925/2005
f 523/926/2006 524/927/2007 529/897/2008 530/896/2009
f 525/925/2010 526/928/2011 527/895/2012 528/894/2013
f 522/920/2014 520/888/2015 515/887/2016 517/915/2017
f 522/923/2018 517/916/2019 523/919/2020 526/924/2021
f 523/926/2022 530/896/2023 527/895/2024 526/928/2025
f 504/883/2026 505/905/2027 501/898/2028 500/884/2029
f 505/906/2030 509/909/2031 507/902/2032 501/901/2033
f 514/891/2034 507/911/2035 509/912/2036 512/892/2037
f 499/885/2038 502/929/2039 518/914/2040 516/886/2041
f 506/930/2042 503/882/2043 519/889/2044 521/921/2045
f 502/931/2046 508/932/2047 524/918/2048 518/917/2049
f 510/933/2050 506/934/2051 521/922/2052 525/925/2053
f 511/893/2054 510/933/2055 525/925/2056 528/894/2057
f 508/935/2058 513/890/2059 529/897/2060 524/927/2061
f 535/936/2062 536/937/2063 532/938/2064 531/939/2065 548/940/2066 547/941/2067 552/942/2068 551/943/2069
f 545/944/2070 546/945/2071 544/946/2072 543/947/2073 560/948/2074 559/949/2075 562/950/2076 561/951/2077
f 531/939/2078 532/938/2079 533/952/2080 534/953/2081
f 534/954/2082 533/955/2083 539/956/2084 540/957/2085
f 536/937/2086 535/936/2087 538/958/2088 537/959/2089
f 537/960/2090 538/961/2091 542/962/2092 541/963/2093
f 540/964/2094 539/965/2095 546/945/2096 545/944/2097
f 541/966/2098 542/967/2099 543/947/2100 544/946/2101
f 547/941/2102 548/940/2103 550/968/2104 549/969/2105
f 549/970/2106 550/971/2107 556/972/2108 555/973/2109
f 551/943/2110 552/942/2111 554/974/2112 553/975/2113
f 553/976/2114 554/977/2115 558/978/2116 557/979/2117
f 555/980/2118 556/981/2119 561/951/2120 562/950/2121
f 557/979/2122 558/982/2123 559/949/2124 560/948/2125
f 554/974/2126 552/942/2127 547/941/2128 549/969/2129
f 554/977/2130 549/970/2131 555/973/2132 558/978/2133
f 555/980/2134 562/950/2135 559/949/2136 558/982/2137
f 536/937/2138 537/959/2139 533/952/2140 532/938/2141
f 537/960/2142 541/963/2143 539/956/2144 533/955/2145
f 546/945/2146 539/965/2147 541/966/2148 544/946/2149
f 531/939/2150 534/983/2151 550/968/2152 548/940/2153
f 538/984/2154 535/936/2155 551/943/2156 553/975/2157
f 534/985/2158 540/986/2159 556/972/2160 550/971/2161
f 542/987/2162 538/988/2163 553/976/2164 557/979/2165
f 543/947/2166 542/987/2167 557/979/2168 560/948/2169
f 540/989/2170 545/944/2171 561/951/2172 556/981/2173
usemtl lambert6SG
f 563/990/2174 564/991/2175 566/992/2176 565/993/2177
f 565/993/2178 566/992/2179 568/994/2180 567/995/2181
f 567/995/2182 568/994/2183 570/996/2184 569/997/2185
f 569/997/2186 570/996/2187 564/998/2188 563/999/2189
f 564/991/2190 570/1000/2191 568/1001/2192 566/992/2193
f 569/1002/2194 563/990/2195 565/993/2196 567/1003/2197
f 571/1004/2198 572/1005/2199 574/1006/2200 573/1007/2201
f 573/1007/2202 574/1006/2203 576/1008/2204 575/1009/2205
f 575/1009/2206 576/1008/2207 578/1010/2208 577/1011/2209
f 577/1011/2210 578/1010/2211 572/1012/2212 571/1013/2213
f 572/1005/2214 578/1014/2215 576/1015/2216 574/1006/2217
f 577/1016/2218 571/1004/2219 573/1007/2220 575/1017/2221
f 579/1018/2222 580/1019/2223 582/1020/2224 581/1021/2225
f 581/1021/2226 582/1020/2227 584/1022/2228 583/1023/2229
f 583/1023/2230 584/1022/2231 586/1024/2232 585/1025/2233
f 585/1025/2234 586/1024/2235 580/1026/2236 579/1027/2237
f 580/1019/2238 586/1028/2239 584/1029/2240 582/1020/2241
f 585/1030/2242 579/1018/2243 581/1021/2244 583/1031/2245
f 587/1032/2246 588/1033/2247 590/1034/2248 589/1035/2249
f 589/1035/2250 590/1034/2251 592/1036/2252 591/1037/2253
f 591/1037/2254 592/1036/2255 594/1038/2256 593/1039/2257
f 593/1039/2258 594/1038/2259 588/1040/2260 587/1041/2261
f 588/1033/2262 594/1042/2263 592/1043/2264 590/1034/2265
f 593/1044/2266 587/1032/2267 589/1035/2268 591/1045/2269
f 595/1046/2270 596/1047/2271 598/1048/2272 597/1049/2273
f 597/1049/2274 598/1048/2275 600/1050/2276 599/1051/2277
f 599/1051/2278 600/1050/2279 602/1052/2280 601/1053/2281
f 601/1053/2282 602/1052/2283 596/1054/2284 595/1055/2285
f 596/1047/2286 602/1056/2287 600/1057/2288 598/1048/2289
f 601/1058/2290 595/1046/2291 597/1049/2292 599/1059/2293
f 603/1060/2294 604/1061/2295 606/1062/2296 605/1063/2297
f 605/1063/2298 606/1062/2299 608/1064/2300 607/1065/2301
f 607/1065/2302 608/1064/2303 610/1066/2304 609/1067/2305
f 609/1067/2306 610/1066/2307 604/1068/2308 603/1069/2309
f 604/1061/2310 610/1070/2311 608/1071/2312 606/1062/2313
f 609/1072/2314 603/1060/2315 605/1063/2316 607/1073/2317
f 611/1074/2318 612/1075/2319 614/1076/2320 613/1077/2321
f 613/1077/2322 614/1076/2323 616/1078/2324 615/1079/2325
f 615/1079/2326 616/1078/2327 618/1080/2328 617/1081/2329
f 617/1081/2330 618/1080/2331 612/1082/2332 611/1083/2333
f 612/1075/2334 618/1084/2335 616/1085/2336 614/1076/2337
f 617/1086/2338 611/1074/2339 613/1077/2340 615/1087/2341
f 619/1088/2342 620/1089/2343 622/1090/2344 621/1091/2345
f 621/1091/2346 622/1090/2347 624/1092/2348 623/1093/2349
f 623/1093/2350 624/1092/2351 626/1094/2352 625/1095/2353
f 625/1095/2354 626/1094/2355 620/1096/2356 619/1097/2357
f 620/1089/2358 626/1098/2359 624/1099/2360 622/1090/2361
f 625/1100/2362 619/1088/2363 621/1091/2364 623/1101/2365
f 627/1102/2366 628/1103/2367 630/1104/2368 629/1105/2369
f 629/1105/2370 630/1104/2371 632/1106/2372 631/1107/2373
f 631/1107/2374 632/1106/2375 634/1108/2376 633/1109/2377
f 633/1109/2378 634/1108/2379 628/1110/2380 627/1111/2381
f 628/1103/2382 634/1112/2383 632/1113/2384 630/1104/2385
f 633/1114/2386 627/1102/2387 629/1105/2388 631/1115/2389
f 635/1116/2390 762/1117/2391 763/1118/2392 636/1119/2393
f 636/1119/2394 763/1118/2395 764/1120/2396 637/1121/2397
f 637/1121/2398 764/1120/2399 765/1122/2400 638/1123/2401
f 638/1123/2402 765/1122/2403 762/1124/2404 635/1125/2405
f 638/1126/2406 635/1116/2407 636/1119/2408 637/1127/2409
f 639/1128/2410 640/1129/2411 642/1130/2412 641/1131/2413
f 641/1131/2414 642/1130/2415 644/1132/2416 643/1133/2417
f 643/1133/2418 644/1132/2419 646/1134/2420 645/1135/2421
f 645/1135/2422 646/1134/2423 640/1136/2424 639/1137/2425
f 640/1129/2426 646/1138/2427 644/1139/2428 642/1130/2429
f 645/1140/2430 639/1128/2431 641/1131/2432 643/1141/2433
f 647/1142/2434 648/1143/2435 650/1144/2436 649/1145/2437
f 649/1145/2438 650/1144/2439 652/1146/2440 651/1147/2441
f 651/1147/2442 652/1146/2443 654/1148/2444 653/1149/2445
f 653/1149/2446 654/1148/2447 648/1150/2448 647/1151/2449
f 648/1143/2450 654/1152/2451 652/1153/2452 650/1144/2453
f 653/1154/2454 647/1142/2455 649/1145/2456 651/1155/2457
f 655/1156/2458 656/1157/2459 658/1158/2460 657/1159/2461
f 657/1159/2462 658/1158/2463 660/1160/2464 659/1161/2465
f 659/1161/2466 660/1160/2467 662/1162/2468 661/1163/2469
f 661/1163/2470 662/1162/2471 656/1164/2472 655/1165/2473
f 656/1157/2474 662/1166/2475 660/1167/2476 658/1158/2477
f 661/1168/2478 655/1156/2479 657/1159/2480 659/1169/2481
f 663/1170/2482 664/1171/2483 666/1172/2484 665/1173/2485
f 665/1173/2486 666/1172/2487 668/1174/2488 667/1175/2489
f 667/1175/2490 668/1174/2491 670/1176/2492 669/1177/2493
f 669/1177/2494 670/1176/2495 664/1178/2496 663/1179/2497
f 664/1171/2498 670/1180/2499 668/1181/2500 666/1172/2501
f 669/1182/2502 663/1170/2503 665/1173/2504 667/1183/2505
f 671/1184/2506 672/1185/2507 674/1186/2508 673/1187/2509
f 673/1187/2510 674/1186/2511 676/1188/2512 675/1189/2513
f 675/1189/2514 676/1188/2515 678/1190/2516 677/1191/2517
f 677/1191/2518 678/1190/2519 672/1192/2520 671/1193/2521
f 672/1185/2522 678/1194/2523 676/1195/2524 674/1186/2525
f 677/1196/2526 671/1184/2527 673/1187/2528 675/1197/2529
f 679/1198/2530 680/1199/2531 682/1200/2532 681/1201/2533
f 681/1201/2534 682/1200/2535 684/1202/2536 683/1203/2537
f 683/1203/2538 684/1202/2539 686/1204/2540 685/1205/2541
f 685/1205/2542 686/1204/2543 680/1206/2544 679/1207/2545
f 680/1199/2546 686/1208/2547 684/1209/2548 682/1200/2549
f 685/1210/2550 679/1198/2551 681/1201/2552 683/1211/2553
f 687/1212/2554 766/1213/2555 767/1214/2556 688/1215/2557
f 688/1215/2558 767/1214/2559 768/1216/2560 689/1217/2561
f 689/1217/2562 768/1216/2563 769/1218/2564 690/1219/2565
f 690/1219/2566 769/1218/2567 766/1220/2568 687/1221/2569
f 690/1222/2570 687/1212/2571 688/1215/2572 689/1223/2573
f 691/1224/2574 692/1225/2575 694/1226/2576 693/1227/2577
f 693/1227/2578 694/1226/2579 696/1228/2580 695/1229/2581
f 695/1229/2582 696/1228/2583 698/1230/2584 697/1231/2585
f 697/1231/2586 698/1230/2587 692/1232/2588 691/1233/2589
f 692/1225/2590 698/1234/2591 696/1235/2592 694/1226/2593
f 697/1236/2594 691/1224/2595 693/1227/2596 695/1237/2597
f 699/1238/2598 700/1239/2599 702/1240/2600 701/1241/2601
f 701/1241/2602 702/1240/2603 704/1242/2604 703/1243/2605
f 703/1243/2606 704/1242/2607 706/1244/2608 705/1245/2609
f 705/1245/2610 706/1244/2611 700/1246/2612 699/1247/2613
f 700/1239/2614 706/1248/2615 704/1249/2616 702/1240/2617
f 705/1250/2618 699/1238/2619 701/1241/2620 703/1251/2621
f 707/1252/2622 708/1253/2623 710/1254/2624 709/1255/2625
f 709/1255/2626 710/1254/2627 712/1256/2628 711/1257/2629
f 711/1257/2630 712/1256/2631 714/1258/2632 713/1259/2633
f 713/1259/2634 714/1258/2635 708/1260/2636 707/1261/2637
f 708/1253/2638 714/1262/2639 712/1263/2640 710/1254/2641
f 713/1264/2642 707/1252/2643 709/1255/2644 711/1265/2645
f 715/1266/2646 716/1267/2647 718/1268/2648 717/1269/2649
f 717/1269/2650 718/1268/2651 720/1270/2652 719/1271/2653
f 719/1271/2654 720/1270/2655 722/1272/2656 721/1273/2657
f 721/1273/2658 722/1272/2659 716/1274/2660 715/1275/2661
f 716/1267/2662 722/1276/2663 720/1277/2664 718/1268/2665
f 721/1278/2666 715/1266/2667 717/1269/2668 719/1279/2669
usemtl lambert5SG
f 726/1280/2670 724/1281/2671 119/1282/2672 121/1283/2673
f 728/188/2674 723/1284/2675 120/185/2676
f 729/193/2677 726/1285/2678 121/190/2679
usemtl lambert2SG
f 738/300/2680 737/1286/2681 195/1287/2682 198/301/2683
f 736/292/2684 733/302/2685 194/295/2686 197/289/2687
f 737/1286/2688 732/304/2689 191/303/2690 195/1287/2691
usemtl lambert3SG
f 739/325/2692 243/1288/2693 278/1289/2694
f 739/1290/2695 283/1291/2696 203/1292/2697
f 761/512/2698 760/1293/2699 327/550/2700 328/549/2701 329/551/2702 330/509/2703
f 739/325/2704 278/1289/2705 200/323/2706
f 748/530/2707 749/538/2708 298/486/2709 297/485/2710
f 739/1294/2711 306/368/2712 266/1295/2713
f 739/1294/2714 266/1295/2715 314/1296/2716
f 751/532/2717 752/1297/2718 309/492/2719 308/491/2720
f 752/1297/2721 753/1298/2722 310/494/2723 309/492/2724
f 753/1298/2725 742/533/2726 311/496/2727 310/494/2728
f 754/534/2729 755/1299/2730 313/500/2731 312/499/2732
f 755/1300/2733 741/1301/2734 314/503/2735 313/502/2736
f 741/1302/2737 739/1294/2738 314/1296/2739
f 757/1303/2740 750/531/2741 307/490/2742 318/541/2743
usemtl lambert6SG
f 760/1293/2744 757/1303/2745 318/541/2746 327/550/2747
usemtl lambert3SG
f 739/1290/2748 251/1304/2749 283/1291/2750
f 739/1290/2751 291/1305/2752 251/1304/2753
f 739/1290/2754 744/1306/2755 291/1305/2756
f 739/325/2757 279/516/2758 243/1288/2759
usemtl lambert5SG
f 770/1307/2760 772/1308/2761 773/1309/2762 771/1310/2763
f 771/1310/2764 773/1309/2765 725/1311/2766 723/1312/2767
f 771/1313/2768 728/1314/2769 727/1315/2770 770/1316/2771
f 770/1316/2772 727/1315/2773 724/1317/2774
f 772/1318/2775 729/1319/2776 730/1320/2777 773/1321/2778
f 773/1321/2779 730/1320/2780 725/1322/2781
usemtl lambert4SG
f 792/1323/2782 795/1324/2783 794/1325/2784 793/1326/2785
f 793/1326/2786 794/1325/2787 797/1327/2788 796/1328/2789
f 796/1328/2790 797/1327/2791 799/1329/2792 798/1330/2793
f 798/1330/2794 799/1329/2795 801/1331/2796 800/1332/2797
f 800/1332/2798 801/1331/2799 803/1333/2800 802/1334/2801
f 802/1334/2802 803/1333/2803 805/1335/2804 804/1336/2805
f 804/1336/2806 805/1335/2807 807/1337/2808 806/1338/2809
f 806/1338/2810 807/1337/2811 795/1339/2812 792/1340/2813
usemtl lambert2SG
f 775/1341/2814 782/1342/2815 774/1343/2816
f 776/1344/2817 782/1342/2818 775/1341/2819
f 777/1345/2820 782/1342/2821 776/1344/2822
f 778/1346/2823 782/1342/2824 777/1345/2825
f 779/1347/2826 782/1342/2827 778/1346/2828
f 780/1348/2829 782/1342/2830 779/1347/2831
f 781/1349/2832 782/1342/2833 780/1348/2834
f 774/1343/2835 782/1342/2836 781/1349/2837
usemtl lambert4SG
f 783/1350/2838 794/1325/2839 795/1324/2840
f 783/1350/2841 797/1327/2842 794/1325/2843
f 783/1350/2844 799/1329/2845 797/1327/2846
f 783/1350/2847 801/1331/2848 799/1329/2849
f 783/1350/2850 803/1333/2851 801/1331/2852
f 783/1350/2853 805/1335/2854 803/1333/2855
f 783/1350/2856 807/1337/2857 805/1335/2858
f 783/1350/2859 795/1339/2860 807/1337/2861
usemtl lambert2SG
f 774/1351/2862 784/1352/2863 785/1353/2864 775/1354/2865
f 775/1354/2866 785/1353/2867 786/1355/2868 776/1356/2869
f 776/1356/2870 786/1355/2871 787/1357/2872 777/1358/2873
f 777/1358/2874 787/1357/2875 788/1359/2876 778/1360/2877
f 778/1360/2878 788/1359/2879 789/1361/2880 779/1362/2881
f 779/1362/2882 789/1361/2883 790/1363/2884 780/1364/2885
f 780/1364/2886 790/1363/2887 791/1365/2888 781/1366/2889
f 781/1366/2890 791/1365/2891 784/1367/2892 774/1368/2893
usemtl lambert4SG
f 784/1352/2894 792/1323/2895 793/1326/2896 785/1353/2897
f 785/1353/2898 793/1326/2899 796/1328/2900 786/1355/2901
f 786/1355/2902 796/1328/2903 798/1330/2904 787/1357/2905
f 787/1357/2906 798/1330/2907 800/1332/2908 788/1359/2909
f 788/1359/2910 800/1332/2911 802/1334/2912 789/1361/2913
f 789/1361/2914 802/1334/2915 804/1336/2916 790/1363/2917
f 790/1363/2918 804/1336/2919 806/1338/2920 791/1365/2921
f 791/1365/2922 806/1338/2923 792/1340/2924 784/1367/2925
f 826/1369/2926 829/1370/2927 828/1371/2928 827/1372/2929
f 827/1372/2930 828/1371/2931 831/1373/2932 830/1374/2933
f 830/1374/2934 831/1373/2935 833/1375/2936 832/1376/2937
f 832/1376/2938 833/1375/2939 835/1377/2940 834/1378/2941
f 834/1378/2942 835/1377/2943 837/1379/2944 836/1380/2945
f 836/1380/2946 837/1379/2947 839/1381/2948 838/1382/2949
f 838/1382/2950 839/1381/2951 841/1383/2952 840/1384/2953
f 840/1384/2954 841/1383/2955 829/1385/2956 826/1386/2957
usemtl lambert2SG
f 809/1387/2958 816/1388/2959 808/1389/2960
f 810/1390/2961 816/1388/2962 809/1387/2963
f 811/1391/2964 816/1388/2965 810/1390/2966
f 812/1392/2967 816/1388/2968 811/1391/2969
f 813/1393/2970 816/1388/2971 812/1392/2972
f 814/1394/2973 816/1388/2974 813/1393/2975
f 815/1395/2976 816/1388/2977 814/1394/2978
f 808/1389/2979 816/1388/2980 815/1395/2981
usemtl lambert4SG
f 817/1396/2982 828/1371/2983 829/1370/2984
f 817/1396/2985 831/1373/2986 828/1371/2987
f 817/1396/2988 833/1375/2989 831/1373/2990
f 817/1396/2991 835/1377/2992 833/1375/2993
f 817/1396/2994 837/1379/2995 835/1377/2996
f 817/1396/2997 839/1381/2998 837/1379/2999
f 817/1396/3000 841/1383/3001 839/1381/3002
f 817/1396/3003 829/1385/3004 841/1383/3005
usemtl lambert2SG
f 808/1397/3006 818/1398/3007 819/1399/3008 809/1400/3009
f 809/1400/3010 819/1399/3011 820/1401/3012 810/1402/3013
f 810/1402/3014 820/1401/3015 821/1403/3016 811/1404/3017
f 811/1404/3018 821/1403/3019 822/1405/3020 812/1406/3021
f 812/1406/3022 822/1405/3023 823/1407/3024 813/1408/3025
f 813/1408/3026 823/1407/3027 824/1409/3028 814/1410/3029
f 814/1410/3030 824/1409/3031 825/1411/3032 815/1412/3033
f 815/1412/3034 825/1411/3035 818/1413/3036 808/1414/3037
usemtl lambert4SG
f 818/1398/3038 826/1369/3039 827/1372/3040 819/1399/3041
f 819/1399/3042 827/1372/3043 830/1374/3044 820/1401/3045
f 820/1401/3046 830/1374/3047 832/1376/3048 821/1403/3049
f 821/1403/3050 832/1376/3051 834/1378/3052 822/1405/3053
f 822/1405/3054 834/1378/3055 836/1380/3056 823/1407/3057
f 823/1407/3058 836/1380/3059 838/1382/3060 824/1409/3061
f 824/1409/3062 838/1382/3063 840/1384/3064 825/1411/3065
f 825/1411/3066 840/1384/3067 826/1386/3068 818/1413/3069
usemtl lambert2SG
f 846/1415/3070 849/1416/3071 848/1417/3072 847/1418/3073
f 847/1418/3074 848/1417/3075 736/1419/3076 735/1420/3077
f 842/1421/3078 846/1415/3079 847/1418/3080 843/1422/3081
f 845/1423/3082 848/1417/3083 849/1416/3084 844/1424/3085
f 843/1422/3086 847/1418/3087 735/1420/3088 731/1425/3089
f 844/1426/3090 849/1427/3091 738/1428/3092 734/1429/3093
f 843/1422/3094 731/1425/3095 733/1430/3096 845/1423/3097
f 843/1422/3098 845/1423/3099 844/1424/3100 842/1431/3101
f 844/1424/3102 734/1432/3103 732/1433/3104 842/1431/3105
usemtl lambert3SG
f 951/1434/3106 892/1435/3107 881/1436/3108 952/1437/3109
f 921/1438/3110 901/1439/3111 922/1440/3112
f 974/1441/3113 759/1442/3114 758/1443/3115 977/1444/3116 976/1445/3117 975/1446/3118
f 872/1447/3119 875/1448/3120 874/1449/3121 873/1450/3122
f 851/1451/3123 739/1452/3124 850/1453/3125
f 875/1454/3126 877/1455/3127 876/1456/3128 874/1457/3129
f 854/1458/3130 739/1459/3131 855/1460/3132
f 883/1461/3133 885/1462/3134 884/1463/3135 882/1464/3136
f 885/1465/3137 887/1466/3138 886/1467/3139 884/1468/3140
f 877/1469/3141 879/1470/3142 878/1471/3143 876/1472/3144
f 887/1473/3145 889/1474/3146 888/1475/3147 886/1476/3148
f 880/1477/3149 878/1478/3150 879/1470/3151 881/1479/3152
f 890/1480/3153 888/1475/3154 889/1481/3155 891/1482/3156
f 928/1483/3157 895/1484/3158 894/1485/3159 929/1486/3160
f 854/1487/3161 856/1488/3162 935/1489/3163 934/1490/3164
f 956/1491/3165 852/1492/3166 850/1493/3167 957/1494/3168
f 850/1495/3169 739/1496/3170 957/1497/3171
f 927/1498/3172 896/1499/3173 895/1500/3174 928/1501/3175
f 955/1502/3176 858/1503/3177 852/1504/3178 956/1505/3179
f 870/1506/3180 868/1507/3181 938/1508/3182 937/1509/3183
f 953/1510/3184 864/1511/3185 865/1512/3186 954/1513/3187
f 856/1514/3188 861/1515/3189 936/1516/3190 935/1517/3191
f 897/1518/3192 926/1519/3193 925/1520/3194 898/1521/3195
f 858/1503/3196 955/1502/3197 954/1513/3198 865/1512/3199
f 870/1506/3200 937/1509/3201 936/1516/3202 861/1515/3203
f 926/1519/3204 897/1518/3205 896/1499/3206 927/1498/3207
f 880/1522/3208 881/1436/3209 892/1435/3210
f 891/1523/3211 893/1524/3212 890/1525/3213
f 850/1526/3214 872/1447/3215 873/1450/3216 851/1527/3217
f 851/1527/3218 873/1450/3219 874/1449/3220 853/1528/3221
f 852/1529/3222 875/1448/3223 872/1447/3224 850/1526/3225
f 853/1530/3226 874/1457/3227 876/1456/3228 859/1531/3229
f 858/1532/3230 877/1455/3231 875/1454/3232 852/1533/3233
f 859/1534/3234 876/1535/3235 878/1536/3236 866/1537/3237
f 865/1538/3238 879/1539/3239 877/1540/3240 858/1541/3241
f 864/1542/3242 881/1543/3243 879/1544/3244 865/1545/3245
f 866/1546/3246 878/1547/3247 880/1548/3248 862/1549/3249
f 855/1550/3250 883/1551/3251 882/1552/3252 854/1553/3253
f 854/1554/3254 882/1555/3255 884/1556/3256 856/1557/3257
f 857/1558/3258 885/1559/3259 883/1560/3260 855/1561/3261
f 856/1562/3262 884/1563/3263 886/1564/3264 861/1565/3265
f 860/1566/3266 887/1567/3267 885/1568/3268 857/1569/3269
f 861/1570/3270 886/1571/3271 888/1572/3272 870/1573/3273
f 871/1574/3274 889/1575/3275 887/1576/3276 860/1566/3277
f 867/1577/3278 891/1482/3279 889/1481/3280 871/1578/3281
f 870/1506/3282 888/1475/3283 890/1480/3284 868/1507/3285
f 923/1579/3286 900/1580/3287 899/1581/3288 924/1582/3289
f 893/1583/3290 940/1584/3291 939/1585/3292 890/1525/3293
f 952/1437/3294 881/1436/3295 864/1511/3296 953/1510/3297
f 863/1586/3298 892/1435/3299 951/1434/3300 950/1587/3301
f 924/1582/3302 899/1581/3303 898/1521/3304 925/1520/3305
f 900/1580/3306 923/1579/3307 922/1440/3308 901/1439/3309
f 868/1507/3310 890/1525/3311 939/1585/3312 938/1508/3313
f 940/1584/3314 893/1583/3315 869/1588/3316 941/1589/3317
f 895/1484/3318 931/1590/3319 930/1591/3320 894/1485/3321
f 896/1499/3322 932/1592/3323 931/1593/3324 895/1500/3325
f 897/1518/3326 933/1594/3327 932/1592/3328 896/1499/3329
f 933/1594/3330 897/1518/3331 898/1521/3332 918/1595/3333
f 899/1581/3334 919/1596/3335 918/1595/3336 898/1521/3337
f 900/1580/3338 920/1597/3339 919/1596/3340 899/1581/3341
f 920/1597/3342 900/1580/3343 901/1439/3344 921/1438/3345
f 903/1598/3346 943/1599/3347 942/1600/3348 902/1601/3349
f 904/1602/3350 944/1603/3351 943/1604/3352 903/1605/3353
f 905/1606/3354 945/1607/3355 944/1603/3356 904/1602/3357
f 906/1608/3358 946/1609/3359 945/1607/3360 905/1606/3361
f 907/1610/3362 947/1611/3363 946/1609/3364 906/1608/3365
f 908/1612/3366 948/1613/3367 947/1611/3368 907/1610/3369
f 948/1613/3370 908/1612/3371 909/1614/3372 949/1615/3373
f 911/1616/3374 959/1617/3375 958/1618/3376 910/1619/3377
f 959/1617/3378 911/1616/3379 912/1620/3380 960/1621/3381
f 960/1621/3382 912/1620/3383 913/1622/3384 961/1623/3385
f 961/1623/3386 913/1622/3387 914/1624/3388 962/1625/3389
f 915/1626/3390 963/1627/3391 962/1625/3392 914/1624/3393
f 963/1627/3394 915/1626/3395 916/1628/3396 964/1629/3397
f 964/1630/3398 916/1631/3399 917/1632/3400 965/1633/3401
f 919/1596/3402 891/1634/3403 867/1635/3404 918/1595/3405
f 920/1597/3406 893/1583/3407 891/1634/3408 919/1596/3409
f 869/1636/3410 893/1583/3411 920/1597/3412 921/1438/3413
f 981/1637/3414 761/1638/3415 759/1442/3416 974/1441/3417 983/1639/3418 982/1640/3419
f 923/1579/3420 892/1435/3421 863/1586/3422 922/1440/3423
f 892/1435/3424 923/1579/3425 924/1582/3426 880/1641/3427
f 862/1642/3428 880/1641/3429 924/1582/3430 925/1520/3431
f 926/1519/3432 866/1643/3433 862/1642/3434 925/1520/3435
f 866/1643/3436 926/1519/3437 927/1498/3438 859/1531/3439
f 859/1531/3440 927/1498/3441 928/1501/3442 853/1530/3443
f 853/1528/3444 928/1483/3445 929/1486/3446 851/1527/3447
f 855/1460/3448 739/1459/3449 930/1644/3450
f 931/1590/3451 857/1645/3452 855/1646/3453 930/1591/3454
f 932/1592/3455 860/1647/3456 857/1648/3457 931/1593/3458
f 933/1594/3459 871/1649/3460 860/1650/3461 932/1592/3462
f 871/1649/3463 933/1594/3464 918/1595/3465 867/1635/3466
f 935/1489/3467 903/1598/3468 902/1601/3469 934/1490/3470
f 936/1516/3471 904/1602/3472 903/1605/3473 935/1517/3474
f 937/1509/3475 905/1606/3476 904/1602/3477 936/1516/3478
f 938/1508/3479 906/1608/3480 905/1606/3481 937/1509/3482
f 939/1585/3483 907/1610/3484 906/1608/3485 938/1508/3486
f 940/1584/3487 908/1612/3488 907/1610/3489 939/1585/3490
f 908/1612/3491 940/1584/3492 941/1589/3493 909/1614/3494
f 943/1599/3495 740/1651/3496 744/1652/3497 942/1600/3498
f 944/1603/3499 743/1653/3500 740/1654/3501 943/1604/3502
f 945/1607/3503 745/1655/3504 743/1653/3505 944/1603/3506
f 946/1609/3507 746/1656/3508 745/1655/3509 945/1607/3510
f 947/1611/3511 747/1657/3512 746/1656/3513 946/1609/3514
f 948/1613/3515 748/1658/3516 747/1657/3517 947/1611/3518
f 951/1434/3519 911/1616/3520 910/1619/3521 950/1587/3522
f 911/1616/3523 951/1434/3524 952/1437/3525 912/1620/3526
f 912/1620/3527 952/1437/3528 953/1510/3529 913/1622/3530
f 913/1622/3531 953/1510/3532 954/1513/3533 914/1624/3534
f 955/1502/3535 915/1626/3536 914/1624/3537 954/1513/3538
f 915/1626/3539 955/1502/3540 956/1505/3541 916/1628/3542
f 916/1631/3543 956/1491/3544 957/1494/3545 917/1632/3546
f 959/1617/3547 751/1659/3548 750/1660/3549 958/1618/3550
f 963/1627/3551 754/1661/3552 742/1662/3553 962/1625/3554
f 941/1589/3555 966/1663/3556 967/1664/3557 909/1614/3558
f 909/1614/3559 967/1664/3560 968/1665/3561 949/1615/3562
f 949/1615/3563 968/1665/3564 756/1666/3565 749/1667/3566
f 958/1618/3567 969/1668/3568 970/1669/3569 910/1619/3570
f 910/1619/3571 970/1669/3572 971/1670/3573 950/1587/3574
f 922/1440/3575 972/1671/3576 973/1672/3577 921/1438/3578
usemtl lambert6SG
f 869/1673/3579 985/1674/3580 984/1675/3581 941/1676/3582
f 966/1663/3583 975/1446/3584 976/1445/3585 967/1664/3586
f 967/1664/3587 976/1445/3588 977/1444/3589 968/1665/3590
f 968/1665/3591 977/1444/3592 758/1443/3593 756/1666/3594
f 969/1668/3595 978/1677/3596 979/1678/3597 970/1669/3598
f 970/1669/3599 979/1678/3600 980/1679/3601 971/1670/3602
f 950/1680/3603 988/1681/3604 987/1682/3605 863/1683/3606
f 863/1683/3607 987/1682/3608 989/1684/3609 922/1685/3610
usemtl lambert5SG
f 972/1671/3611 982/1640/3612 983/1639/3613 973/1672/3614
usemtl lambert6SG
f 921/1686/3615 986/1687/3616 985/1674/3617 869/1673/3618
f 966/1663/3619 941/1676/3620 984/1675/3621 975/1446/3622
usemtl lambert3SG
f 975/1446/3623 984/1675/3624 985/1674/3625 974/1441/3626
f 974/1688/3627 985/1689/3628 986/1690/3629 983/1691/3630
usemtl lambert6SG
f 983/1692/3631 986/1693/3632 921/1694/3633 973/1695/3634
usemtl lambert3SG
f 981/1696/3635 987/1697/3636 988/1698/3637 980/1699/3638
usemtl lambert6SG
f 980/1700/3639 988/1701/3640 950/1702/3641 971/1703/3642
f 972/1704/3643 922/1705/3644 989/1706/3645 982/1707/3646
usemtl lambert3SG
f 982/1708/3647 989/1709/3648 987/1710/3649 981/1711/3650
usemtl lambert4SG
f 994/1712/3651 1010/1713/3652 1011/1714/3653 1006/1715/3654 1007/1716/3655 990/1717/3656 991/1718/3657 995/1719/3658
f 1004/1720/3659 1020/1721/3660 1021/1722/3661 1018/1723/3662 1019/1724/3663 1002/1725/3664 1003/1726/3665 1005/1727/3666
f 990/1717/3667 993/1728/3668 992/1729/3669 991/1718/3670
f 993/1730/3671 999/1731/3672 998/1732/3673 992/1733/3674
f 995/1719/3675 996/1734/3676 997/1735/3677 994/1712/3678
f 996/1736/3679 1000/1737/3680 1001/1738/3681 997/1739/3682
f 999/1740/3683 1004/1720/3684 1005/1727/3685 998/1741/3686
f 1000/1742/3687 1003/1726/3688 1002/1725/3689 1001/1743/3690
f 1006/1715/3691 1008/1744/3692 1009/1745/3693 1007/1716/3694
f 1008/1746/3695 1014/1747/3696 1015/1748/3697 1009/1749/3698
f 1010/1713/3699 1012/1750/3700 1013/1751/3701 1011/1714/3702
f 1012/1752/3703 1016/1753/3704 1017/1754/3705 1013/1755/3706
f 1014/1756/3707 1021/1722/3708 1020/1721/3709 1015/1757/3710
f 1016/1753/3711 1019/1724/3712 1018/1723/3713 1017/1758/3714
f 1013/1751/3715 1008/1744/3716 1006/1715/3717 1011/1714/3718
f 1013/1755/3719 1017/1754/3720 1014/1747/3721 1008/1746/3722
f 1014/1756/3723 1017/1758/3724 1018/1723/3725 1021/1722/3726
f 995/1719/3727 991/1718/3728 992/1729/3729 996/1734/3730
f 996/1736/3731 992/1733/3732 998/1732/3733 1000/1737/3734
f 1005/1727/3735 1003/1726/3736 1000/1742/3737 998/1741/3738
f 990/1717/3739 1007/1716/3740 1009/1745/3741 993/1759/3742
f 997/1760/3743 1012/1750/3744 1010/1713/3745 994/1712/3746
f 993/1761/3747 1009/1749/3748 1015/1748/3749 999/1762/3750
f 1001/1763/3751 1016/1753/3752 1012/1752/3753 997/1764/3754
f 1002/1725/3755 1019/1724/3756 1016/1753/3757 1001/1763/3758
f 999/1765/3759 1015/1757/3760 1020/1721/3761 1004/1720/3762
f 1026/1766/3763 1042/1767/3764 1043/1768/3765 1038/1769/3766 1039/1770/3767 1022/1771/3768 1023/1772/3769 1027/1773/3770
f 1036/1774/3771 1052/1775/3772 1053/1776/3773 1050/1777/3774 1051/1778/3775 1034/1779/3776 1035/1780/3777 1037/1781/3778
f 1022/1771/3779 1025/1782/3780 1024/1783/3781 1023/1772/3782
f 1025/1784/3783 1031/1785/3784 1030/1786/3785 1024/1787/3786
f 1027/1773/3787 1028/1788/3788 1029/1789/3789 1026/1766/3790
f 1028/1790/3791 1032/1791/3792 1033/1792/3793 1029/1793/3794
f 1031/1794/3795 1036/1774/3796 1037/1781/3797 1030/1795/3798
f 1032/1796/3799 1035/1780/3800 1034/1779/3801 1033/1797/3802
f 1038/1769/3803 1040/1798/3804 1041/1799/3805 1039/1770/3806
f 1040/1800/3807 1046/1801/3808 1047/1802/3809 1041/1803/3810
f 1042/1767/3811 1044/1804/3812 1045/1805/3813 1043/1768/3814
f 1044/1806/3815 1048/1807/3816 1049/1808/3817 1045/1809/3818
f 1046/1810/3819 1053/1776/3820 1052/1775/3821 1047/1811/3822
f 1048/1807/3823 1051/1778/3824 1050/1777/3825 1049/1812/3826
f 1045/1805/3827 1040/1798/3828 1038/1769/3829 1043/1768/3830
f 1045/1809/3831 1049/1808/3832 1046/1801/3833 1040/1800/3834
f 1046/1810/3835 1049/1812/3836 1050/1777/3837 1053/1776/3838
f 1027/1773/3839 1023/1772/3840 1024/1783/3841 1028/1788/3842
f 1028/1790/3843 1024/1787/3844 1030/1786/3845 1032/1791/3846
f 1037/1781/3847 1035/1780/3848 1032/1796/3849 1030/1795/3850
f 1022/1771/3851 1039/1770/3852 1041/1799/3853 1025/1813/3854
f 1029/1814/3855 1044/1804/3856 1042/1767/3857 1026/1766/3858
f 1025/1815/3859 1041/1803/3860 1047/1802/3861 1031/1816/3862
f 1033/1817/3863 1048/1807/3864 1044/1806/3865 1029/1818/3866
f 1034/1779/3867 1051/1778/3868 1048/1807/3869 1033/1817/3870
f 1031/1819/3871 1047/1811/3872 1052/1775/3873 1036/1774/3874
usemtl lambert3SG
f 1074/1820/3875 1077/1821/3876 1076/1822/3877 1075/1823/3878
f 1055/1824/3879 421/1825/3880 1054/1826/3881
f 1077/1827/3882 1079/1828/3883 1078/1829/3884 1076/1830/3885
f 1058/1831/3886 421/1825/3887 1059/1832/3888
f 1085/1833/3889 1087/1834/3890 1086/1835/3891 1084/1836/3892
f 1087/1837/3893 1089/1838/3894 1088/1839/3895 1086/1840/3896
f 1079/1841/3897 1081/1842/3898 1080/1843/3899 1078/1844/3900
f 1089/1845/3901 1091/1846/3902 1090/1847/3903 1088/1848/3904
f 1082/1849/3905 1080/1850/3906 1081/1842/3907 1083/1851/3908
f 1092/1852/3909 1090/1847/3910 1091/1853/3911 1093/1854/3912
f 1113/1855/3913 1095/1856/3914 1094/1857/3915 1114/1858/3916
f 1058/1859/3917 1060/1860/3918 1120/1861/3919 1119/1862/3920
f 1132/1863/3921 1056/1864/3922 1054/1865/3923 1133/1866/3924
f 421/1825/3925 1114/1867/3926 1094/1868/3927
f 421/1869/3928 1058/1870/3929 1119/1871/3930
f 1054/1872/3931 421/1873/3932 1133/1874/3933
f 1112/1875/3934 1096/1876/3935 1095/1877/3936 1113/1878/3937
f 1131/1879/3938 1062/1880/3939 1056/1881/3940 1132/1882/3941
f 1072/1883/3942 1071/1884/3943 1123/1885/3944 1122/1886/3945
f 1129/1887/3946 1067/1888/3947 1068/1889/3948 1130/1890/3949
f 1060/1891/3950 1065/1892/3951 1121/1893/3952 1120/1894/3953
f 1097/1895/3954 1111/1896/3955 1110/1897/3956 1098/1898/3957
f 1062/1880/3958 1131/1879/3959 1130/1890/3960 1068/1889/3961
f 1072/1883/3962 1122/1886/3963 1121/1893/3964 1065/1892/3965
f 1111/1896/3966 1097/1895/3967 1096/1876/3968 1112/1875/3969
f 1054/1899/3970 1074/1820/3971 1075/1823/3972 1055/1900/3973
f 1055/1900/3974 1075/1823/3975 1076/1822/3976 1057/1901/3977
f 1056/1902/3978 1077/1821/3979 1074/1820/3980 1054/1899/3981
f 1057/1903/3982 1076/1830/3983 1078/1829/3984 1063/1904/3985
f 1062/1905/3986 1079/1828/3987 1077/1827/3988 1056/1906/3989
f 1063/1907/3990 1078/1908/3991 1080/1909/3992 1069/1910/3993
f 1068/1911/3994 1081/1912/3995 1079/1913/3996 1062/1914/3997
f 1067/1915/3998 1083/1916/3999 1081/1917/4000 1068/1918/4001
f 1069/1919/4002 1080/1920/4003 1082/1921/4004 1066/1922/4005
f 1059/1923/4006 1085/1924/4007 1084/1925/4008 1058/1926/4009
f 1058/1927/4010 1084/1928/4011 1086/1929/4012 1060/1930/4013
f 1061/1931/4014 1087/1932/4015 1085/1933/4016 1059/1934/4017
f 1060/1935/4018 1086/1936/4019 1088/1937/4020 1065/1938/4021
f 1064/1939/4022 1089/1940/4023 1087/1941/4024 1061/1942/4025
f 1065/1943/4026 1088/1944/4027 1090/1945/4028 1072/1946/4029
f 1073/1947/4030 1091/1948/4031 1089/1949/4032 1064/1939/4033
f 1070/1950/4034 1093/1854/4035 1091/1853/4036 1073/1951/4037
f 1072/1883/4038 1090/1847/4039 1092/1852/4040 1071/1884/4041
f 1095/1856/4042 1116/1952/4043 1115/1953/4044 1094/1857/4045
f 1096/1876/4046 1117/1954/4047 1116/1955/4048 1095/1877/4049
f 1097/1895/4050 1118/1956/4051 1117/1954/4052 1096/1876/4053
f 1118/1956/4054 1097/1895/4055 1098/1898/4056 1109/1957/4057
f 1100/1958/4058 1125/1959/4059 1124/1960/4060 1099/1961/4061
f 1101/1962/4062 1126/1963/4063 1125/1964/4064 1100/1965/4065
f 1102/1966/4066 1127/1967/4067 1126/1963/4068 1101/1962/4069
f 1103/1968/4070 1128/1969/4071 1127/1967/4072 1102/1966/4073
f 1134/1970/4074 1104/1971/4075 1105/1972/4076 1135/1973/4077
f 1106/1974/4078 1136/1975/4079 1135/1973/4080 1105/1972/4081
f 1136/1975/4082 1106/1974/4083 1107/1976/4084 1137/1977/4085
f 1137/1978/4086 1107/1979/4087 1108/1980/4088 1138/1981/4089
f 1111/1896/4090 1069/1982/4091 1066/1983/4092 1110/1897/4093
f 1069/1982/4094 1111/1896/4095 1112/1875/4096 1063/1904/4097
f 1063/1904/4098 1112/1875/4099 1113/1878/4100 1057/1903/4101
f 1057/1901/4102 1113/1855/4103 1114/1858/4104 1055/1900/4105
f 421/1825/4106 1055/1824/4107 1114/1867/4108
f 1059/1832/4109 421/1825/4110 1115/1984/4111
f 1116/1952/4112 1061/1985/4113 1059/1986/4114 1115/1953/4115
f 1117/1954/4116 1064/1987/4117 1061/1988/4118 1116/1955/4119
f 1118/1956/4120 1073/1989/4121 1064/1990/4122 1117/1954/4123
f 1073/1989/4124 1118/1956/4125 1109/1957/4126 1070/1991/4127
f 1120/1861/4128 1100/1958/4129 1099/1961/4130 1119/1862/4131
f 1121/1893/4132 1101/1962/4133 1100/1965/4134 1120/1894/4135
f 1122/1886/4136 1102/1966/4137 1101/1962/4138 1121/1893/4139
f 1123/1885/4140 1103/1968/4141 1102/1966/4142 1122/1886/4143
f 1125/1959/4144 405/1992/4145 403/1993/4146 1124/1960/4147
f 1126/1963/4148 412/1994/4149 405/1995/4150 1125/1964/4151
f 1127/1967/4152 411/1996/4153 412/1994/4154 1126/1963/4155
f 1128/1969/4156 408/1997/4157 411/1996/4158 1127/1967/4159
f 1104/1971/4160 1129/1887/4161 1130/1890/4162 1105/1972/4163
f 1131/1879/4164 1106/1974/4165 1105/1972/4166 1130/1890/4167
f 1106/1974/4168 1131/1879/4169 1132/1882/4170 1107/1976/4171
f 1107/1979/4172 1132/1863/4173 1133/1866/4174 1108/1980/4175
f 421/1873/4176 1108/1998/4177 1133/1874/4178
f 421/1873/4179 1138/1999/4180 1108/1998/4181
f 410/2000/4182 407/2001/4183 1134/1970/4184 1135/1973/4185
f 1136/1975/4186 409/2002/4187 410/2000/4188 1135/1973/4189
f 406/2003/4190 409/2002/4191 1136/1975/4192 1137/1977/4193
f 404/2004/4194 406/2005/4195 1137/1978/4196 1138/1981/4197
f 421/1873/4198 404/2006/4199 1138/1999/4200
f 421/1869/4201 1119/1871/4202 1099/2007/4203
f 421/1869/4204 1099/2007/4205 1124/2008/4206
f 403/2009/4207 421/1869/4208 1124/2008/4209
f 421/1825/4210 1094/1868/4211 1115/1984/4212
usemtl lambert4SG
f 1143/2010/4213 1159/2011/4214 1160/2012/4215 1155/2013/4216 1156/2014/4217 1139/2015/4218 1140/2016/4219 1144/2017/4220
f 1153/2018/4221 1169/2019/4222 1170/2020/4223 1167/2021/4224 1168/2022/4225 1151/2023/4226 1152/2024/4227 1154/2025/4228
f 1139/2015/4229 1142/2026/4230 1141/2027/4231 1140/2016/4232
f 1142/2028/4233 1148/2029/4234 1147/2030/4235 1141/2031/4236
f 1144/2017/4237 1145/2032/4238 1146/2033/4239 1143/2010/4240
f 1145/2034/4241 1149/2035/4242 1150/2036/4243 1146/2037/4244
f 1148/2038/4245 1153/2018/4246 1154/2025/4247 1147/2039/4248
f 1149/2040/4249 1152/2024/4250 1151/2023/4251 1150/2041/4252
f 1155/2013/4253 1157/2042/4254 1158/2043/4255 1156/2014/4256
f 1157/2044/4257 1163/2045/4258 1164/2046/4259 1158/2047/4260
f 1159/2011/4261 1161/2048/4262 1162/2049/4263 1160/2012/4264
f 1161/2050/4265 1165/2051/4266 1166/2052/4267 1162/2053/4268
f 1163/2054/4269 1170/2020/4270 1169/2019/4271 1164/2055/4272
f 1165/2051/4273 1168/2022/4274 1167/2021/4275 1166/2056/4276
f 1162/2049/4277 1157/2042/4278 1155/2013/4279 1160/2012/4280
f 1162/2053/4281 1166/2052/4282 1163/2045/4283 1157/2044/4284
f 1163/2054/4285 1166/2056/4286 1167/2021/4287 1170/2020/4288
f 1144/2017/4289 1140/2016/4290 1141/2027/4291 1145/2032/4292
f 1145/2034/4293 1141/2031/4294 1147/2030/4295 1149/2035/4296
f 1154/2025/4297 1152/2024/4298 1149/2040/4299 1147/2039/4300
f 1139/2015/4301 1156/2014/4302 1158/2043/4303 1142/2057/4304
f 1146/2058/4305 1161/2048/4306 1159/2011/4307 1143/2010/4308
f 1142/2059/4309 1158/2047/4310 1164/2046/4311 1148/2060/4312
f 1150/2061/4313 1165/2051/4314 1161/2050/4315 1146/2062/4316
f 1151/2023/4317 1168/2022/4318 1165/2051/4319 1150/2061/4320
f 1148/2063/4321 1164/2055/4322 1169/2019/4323 1153/2018/4324
f 1175/2064/4325 1191/2065/4326 1192/2066/4327 1187/2067/4328 1188/2068/4329 1171/2069/4330 1172/2070/4331 1176/2071/4332
f 1185/2072/4333 1201/2073/4334 1202/2074/4335 1199/2075/4336 1200/2076/4337 1183/2077/4338 1184/2078/4339 1186/2079/4340
f 1171/2069/4341 1174/2080/4342 1173/2081/4343 1172/2070/4344
f 1174/2082/4345 1180/2083/4346 1179/2084/4347 1173/2085/4348
f 1176/2071/4349 1177/2086/4350 1178/2087/4351 1175/2064/4352
f 1177/2088/4353 1181/2089/4354 1182/2090/4355 1178/2091/4356
f 1180/2092/4357 1185/2072/4358 1186/2079/4359 1179/2093/4360
f 1181/2094/4361 1184/2078/4362 1183/2077/4363 1182/2095/4364
f 1187/2067/4365 1189/2096/4366 1190/2097/4367 1188/2068/4368
f 1189/2098/4369 1195/2099/4370 1196/2100/4371 1190/2101/4372
f 1191/2065/4373 1193/2102/4374 1194/2103/4375 1192/2066/4376
f 1193/2104/4377 1197/2105/4378 1198/2106/4379 1194/2107/4380
f 1195/2108/4381 1202/2074/4382 1201/2073/4383 1196/2109/4384
f 1197/2105/4385 1200/2076/4386 1199/2075/4387 1198/2110/4388
f 1194/2103/4389 1189/2096/4390 1187/2067/4391 1192/2066/4392
f 1194/2107/4393 1198/2106/4394 1195/2099/4395 1189/2098/4396
f 1195/2108/4397 1198/2110/4398 1199/2075/4399 1202/2074/4400
f 1176/2071/4401 1172/2070/4402 1173/2081/4403 1177/2086/4404
f 1177/2088/4405 1173/2085/4406 1179/2084/4407 1181/2089/4408
f 1186/2079/4409 1184/2078/4410 1181/2094/4411 1179/2093/4412
f 1171/2069/4413 1188/2068/4414 1190/2097/4415 1174/2111/4416
f 1178/2112/4417 1193/2102/4418 1191/2065/4419 1175/2064/4420
f 1174/2113/4421 1190/2101/4422 1196/2100/4423 1180/2114/4424
f 1182/2115/4425 1197/2105/4426 1193/2104/4427 1178/2116/4428
f 1183/2077/4429 1200/2076/4430 1197/2105/4431 1182/2115/4432
f 1180/2117/4433 1196/2109/4434 1201/2073/4435 1185/2072/4436
usemtl lambert6SG
f 1203/2118/4437 1205/2119/4438 1206/2120/4439 1204/2121/4440
f 1205/2119/4441 1207/2122/4442 1208/2123/4443 1206/2120/4444
f 1207/2122/4445 1209/2124/4446 1210/2125/4447 1208/2123/4448
f 1209/2124/4449 1203/2126/4450 1204/2127/4451 1210/2125/4452
f 1204/2121/4453 1206/2120/4454 1208/2128/4455 1210/2129/4456
f 1209/2130/4457 1207/2131/4458 1205/2119/4459 1203/2118/4460
f 1211/2132/4461 1213/2133/4462 1214/2134/4463 1212/2135/4464
f 1213/2133/4465 1215/2136/4466 1216/2137/4467 1214/2134/4468
f 1215/2136/4469 1217/2138/4470 1218/2139/4471 1216/2137/4472
f 1217/2138/4473 1211/2140/4474 1212/2141/4475 1218/2139/4476
f 1212/2135/4477 1214/2134/4478 1216/2142/4479 1218/2143/4480
f 1217/2144/4481 1215/2145/4482 1213/2133/4483 1211/2132/4484
f 1219/2146/4485 1221/2147/4486 1222/2148/4487 1220/2149/4488
f 1221/2147/4489 1223/2150/4490 1224/2151/4491 1222/2148/4492
f 1223/2150/4493 1225/2152/4494 1226/2153/4495 1224/2151/4496
f 1225/2152/4497 1219/2154/4498 1220/2155/4499 1226/2153/4500
f 1220/2149/4501 1222/2148/4502 1224/2156/4503 1226/2157/4504
f 1225/2158/4505 1223/2159/4506 1221/2147/4507 1219/2146/4508
f 1227/2160/4509 1229/2161/4510 1230/2162/4511 1228/2163/4512
f 1229/2161/4513 1231/2164/4514 1232/2165/4515 1230/2162/4516
f 1231/2164/4517 1233/2166/4518 1234/2167/4519 1232/2165/4520
f 1233/2166/4521 1227/2168/4522 1228/2169/4523 1234/2167/4524
f 1228/2163/4525 1230/2162/4526 1232/2170/4527 1234/2171/4528
f 1233/2172/4529 1231/2173/4530 1229/2161/4531 1227/2160/4532
f 1235/2174/4533 1237/2175/4534 1238/2176/4535 1236/2177/4536
f 1237/2175/4537 1239/2178/4538 1240/2179/4539 1238/2176/4540
f 1239/2178/4541 1241/2180/4542 1242/2181/4543 1240/2179/4544
f 1241/2180/4545 1235/2182/4546 1236/2183/4547 1242/2181/4548
f 1236/2177/4549 1238/2176/4550 1240/2184/4551 1242/2185/4552
f 1241/2186/4553 1239/2187/4554 1237/2175/4555 1235/2174/4556
f 1243/2188/4557 1245/2189/4558 1246/2190/4559 1244/2191/4560
f 1245/2189/4561 1247/2192/4562 1248/2193/4563 1246/2190/4564
f 1247/2192/4565 1249/2194/4566 1250/2195/4567 1248/2193/4568
f 1249/2194/4569 1243/2196/4570 1244/2197/4571 1250/2195/4572
f 1244/2191/4573 1246/2190/4574 1248/2198/4575 1250/2199/4576
f 1249/2200/4577 1247/2201/4578 1245/2189/4579 1243/2188/4580
f 1251/2202/4581 1253/2203/4582 1254/2204/4583 1252/2205/4584
f 1253/2203/4585 1255/2206/4586 1256/2207/4587 1254/2204/4588
f 1255/2206/4589 1257/2208/4590 1258/2209/4591 1256/2207/4592
f 1257/2208/4593 1251/2210/4594 1252/2211/4595 1258/2209/4596
f 1252/2205/4597 1254/2204/4598 1256/2212/4599 1258/2213/4600
f 1257/2214/4601 1255/2215/4602 1253/2203/4603 1251/2202/4604
f 1259/2216/4605 1261/2217/4606 1262/2218/4607 1260/2219/4608
f 1261/2217/4609 1263/2220/4610 1264/2221/4611 1262/2218/4612
f 1263/2220/4613 1265/2222/4614 1266/2223/4615 1264/2221/4616
f 1265/2222/4617 1259/2224/4618 1260/2225/4619 1266/2223/4620
f 1260/2219/4621 1262/2218/4622 1264/2226/4623 1266/2227/4624
f 1265/2228/4625 1263/2229/4626 1261/2217/4627 1259/2216/4628
f 1267/2230/4629 1269/2231/4630 1270/2232/4631 1268/2233/4632
f 1269/2231/4633 1271/2234/4634 1272/2235/4635 1270/2232/4636
f 1271/2234/4637 1273/2236/4638 1274/2237/4639 1272/2235/4640
f 1273/2236/4641 1267/2238/4642 1268/2239/4643 1274/2237/4644
f 1268/2233/4645 1270/2232/4646 1272/2240/4647 1274/2241/4648
f 1273/2242/4649 1271/2243/4650 1269/2231/4651 1267/2230/4652
f 1275/2244/4653 1276/2245/4654 763/2246/4655 762/2247/4656
f 1276/2245/4657 1277/2248/4658 764/2249/4659 763/2246/4660
f 1277/2248/4661 1278/2250/4662 765/2251/4663 764/2249/4664
f 1278/2250/4665 1275/2252/4666 762/2253/4667 765/2251/4668
f 1278/2254/4669 1277/2255/4670 1276/2245/4671 1275/2244/4672
usemtl lambert2SG
f 1279/2256/4673 1281/2257/4674 1282/2258/4675 1280/2259/4676
f 1281/2257/4677 1283/2260/4678 1284/2261/4679 1282/2258/4680
f 1283/2260/4681 1285/2262/4682 1286/2263/4683 1284/2261/4684
f 1285/2262/4685 1279/2264/4686 1280/2265/4687 1286/2263/4688
f 1280/2259/4689 1282/2258/4690 1284/2266/4691 1286/2267/4692
f 1285/2268/4693 1283/2269/4694 1281/2257/4695 1279/2256/4696
usemtl lambert6SG
f 1287/2270/4697 1289/2271/4698 1290/2272/4699 1288/2273/4700
f 1289/2271/4701 1291/2274/4702 1292/2275/4703 1290/2272/4704
f 1291/2274/4705 1293/2276/4706 1294/2277/4707 1292/2275/4708
f 1293/2276/4709 1287/2278/4710 1288/2279/4711 1294/2277/4712
f 1288/2273/4713 1290/2272/4714 1292/2280/4715 1294/2281/4716
f 1293/2282/4717 1291/2283/4718 1289/2271/4719 1287/2270/4720
f 1295/2284/4721 1297/2285/4722 1298/2286/4723 1296/2287/4724
f 1297/2285/4725 1299/2288/4726 1300/2289/4727 1298/2286/4728
f 1299/2288/4729 1301/2290/4730 1302/2291/4731 1300/2289/4732
f 1301/2290/4733 1295/2292/4734 1296/2293/4735 1302/2291/4736
f 1296/2287/4737 1298/2286/4738 1300/2294/4739 1302/2295/4740
f 1301/2296/4741 1299/2297/4742 1297/2285/4743 1295/2284/4744
f 1303/2298/4745 1305/2299/4746 1306/2300/4747 1304/2301/4748
f 1305/2299/4749 1307/2302/4750 1308/2303/4751 1306/2300/4752
f 1307/2302/4753 1309/2304/4754 1310/2305/4755 1308/2303/4756
f 1309/2304/4757 1303/2306/4758 1304/2307/4759 1310/2305/4760
f 1304/2301/4761 1306/2300/4762 1308/2308/4763 1310/2309/4764
f 1309/2310/4765 1307/2311/4766 1305/2299/4767 1303/2298/4768
f 1311/2312/4769 1313/2313/4770 1314/2314/4771 1312/2315/4772
f 1313/2313/4773 1315/2316/4774 1316/2317/4775 1314/2314/4776
f 1315/2316/4777 1317/2318/4778 1318/2319/4779 1316/2317/4780
f 1317/2318/4781 1311/2320/4782 1312/2321/4783 1318/2319/4784
f 1312/2315/4785 1314/2314/4786 1316/2322/4787 1318/2323/4788
f 1317/2324/4789 1315/2325/4790 1313/2313/4791 1311/2312/4792
f 1319/2326/4793 1321/2327/4794 1322/2328/4795 1320/2329/4796
f 1321/2327/4797 1323/2330/4798 1324/2331/4799 1322/2328/4800
f 1323/2330/4801 1325/2332/4802 1326/2333/4803 1324/2331/4804
f 1325/2332/4805 1319/2334/4806 1320/2335/4807 1326/2333/4808
f 1320/2329/4809 1322/2328/4810 1324/2336/4811 1326/2337/4812
f 1325/2338/4813 1323/2339/4814 1321/2327/4815 1319/2326/4816
f 1327/2340/4817 1328/2341/4818 767/2342/4819 766/2343/4820
f 1328/2341/4821 1329/2344/4822 768/2345/4823 767/2342/4824
f 1329/2344/4825 1330/2346/4826 769/2347/4827 768/2345/4828
f 1330/2346/4829 1327/2348/4830 766/2349/4831 769/2347/4832
f 1330/2350/4833 1329/2351/4834 1328/2341/4835 1327/2340/4836
f 1331/2352/4837 1333/2353/4838 1334/2354/4839 1332/2355/4840
f 1333/2353/4841 1335/2356/4842 1336/2357/4843 1334/2354/4844
f 1335/2356/4845 1337/2358/4846 1338/2359/4847 1336/2357/4848
f 1337/2358/4849 1331/2360/4850 1332/2361/4851 1338/2359/4852
f 1332/2355/4853 1334/2354/4854 1336/2362/4855 1338/2363/4856
f 1337/2364/4857 1335/2365/4858 1333/2353/4859 1331/2352/4860
f 1339/2366/4861 1341/2367/4862 1342/2368/4863 1340/2369/4864
f 1341/2367/4865 1343/2370/4866 1344/2371/4867 1342/2368/4868
f 1343/2370/4869 1345/2372/4870 1346/2373/4871 1344/2371/4872
f 1345/2372/4873 1339/2374/4874 1340/2375/4875 1346/2373/4876
f 1340/2369/4877 1342/2368/4878 1344/2376/4879 1346/2377/4880
f 1345/2378/4881 1343/2379/4882 1341/2367/4883 1339/2366/4884
f 1347/2380/4885 1349/2381/4886 1350/2382/4887 1348/2383/4888
f 1349/2381/4889 1351/2384/4890 1352/2385/4891 1350/2382/4892
f 1351/2384/4893 1353/2386/4894 1354/2387/4895 1352/2385/4896
f 1353/2386/4897 1347/2388/4898 1348/2389/4899 1354/2387/4900
f 1348/2383/4901 1350/2382/4902 1352/2390/4903 1354/2391/4904
f 1353/2392/4905 1351/2393/4906 1349/2381/4907 1347/2380/4908
f 1355/2394/4909 1357/2395/4910 1358/2396/4911 1356/2397/4912
f 1357/2395/4913 1359/2398/4914 1360/2399/4915 1358/2396/4916
f 1359/2398/4917 1361/2400/4918 1362/2401/4919 1360/2399/4920
f 1361/2400/4921 1355/2402/4922 1356/2403/4923 1362/2401/4924
f 1356/2397/4925 1358/2396/4926 1360/2404/4927 1362/2405/4928
f 1361/2406/4929 1359/2407/4930 1357/2395/4931 1355/2394/4932
usemtl lambert5SG
f 726/2408/4933 772/2409/4934 770/2410/4935 724/2411/4936
f 728/1314/4937 771/1313/4938 723/2412/4939
f 729/1319/4940 772/1318/4941 726/2413/4942
usemtl lambert2SG
f 738/1428/4943 849/1427/4944 846/2414/4945 737/2415/4946
f 736/1419/4947 848/1417/4948 845/1423/4949 733/1430/4950
f 737/2415/4951 846/2414/4952 842/1431/4953 732/1433/4954
usemtl lambert3SG
f 739/1459/4955 929/2416/4956 894/2417/4957
f 739/2418/4958 854/2419/4959 934/2420/4960
f 761/1638/4961 981/1637/4962 980/1679/4963 979/1678/4964 978/1677/4965 760/2421/4966
f 739/1452/4967 851/1451/4968 929/2416/4969
f 748/1658/4970 948/1613/4971 949/1615/4972 749/1667/4973
f 739/1496/4974 917/2422/4975 957/1497/4976
f 739/1496/4977 965/2423/4978 917/2422/4979
f 751/1659/4980 959/1617/4981 960/1621/4982 752/2424/4983
f 752/2424/4984 960/1621/4985 961/1623/4986 753/2425/4987
f 753/2425/4988 961/1623/4989 962/1625/4990 742/1662/4991
f 754/1661/4992 963/1627/4993 964/1629/4994 755/2426/4995
f 755/2427/4996 964/1630/4997 965/1633/4998 741/2428/4999
f 741/2429/5000 965/2423/5001 739/1496/5002
f 757/2430/5003 969/1668/5004 958/1618/5005 750/1660/5006
usemtl lambert6SG
f 760/2421/5007 978/1677/5008 969/1668/5009 757/2430/5010
usemtl lambert3SG
f 739/2418/5011 934/2420/5012 902/2431/5013
f 739/2418/5014 902/2431/5015 942/2432/5016
f 739/2418/5017 942/2432/5018 744/2433/5019
f 739/1459/5020 894/2417/5021 930/1644/5022
